,HomeTeam,AwayTeam,FT Result,HTH Goals,HTA Goals,HT Result,H Shots,A Shots,H SOT,A SOT,H Fouls,A Fouls,H Corners,A Corners,H Yellow,A Yellow,H Red,A Red
0,23,10,2,0.0,1.0,2,5.0,11.0,3.0,5.0,13.0,14.0,1.0,9.0,2.0,2.0,0.0,0.0
1,29,38,0,0.0,1.0,2,23.0,13.0,9.0,5.0,7.0,10.0,4.0,4.0,1.0,3.0,0.0,0.0
2,18,1,2,0.0,0.0,1,10.0,11.0,3.0,3.0,17.0,10.0,8.0,5.0,2.0,1.0,0.0,0.0
3,25,16,2,0.0,0.0,1,21.0,9.0,4.0,4.0,7.0,6.0,4.0,3.0,0.0,0.0,0.0,0.0
4,31,47,0,1.0,0.0,0,17.0,13.0,5.0,7.0,10.0,13.0,4.0,2.0,0.0,2.0,0.0,0.0
5,0,42,0,2.0,1.0,0,14.0,10.0,4.0,2.0,16.0,9.0,10.0,4.0,3.0,1.0,0.0,0.0
6,8,28,1,0.0,0.0,1,18.0,21.0,6.0,8.0,4.0,4.0,4.0,5.0,0.0,0.0,0.0,0.0
7,14,6,1,1.0,0.0,0,26.0,7.0,10.0,3.0,15.0,16.0,9.0,3.0,2.0,3.0,0.0,0.0
8,45,19,0,2.0,0.0,0,4.0,21.0,3.0,5.0,9.0,18.0,0.0,3.0,3.0,3.0,0.0,0.0
9,33,26,1,1.0,0.0,0,6.0,23.0,3.0,7.0,7.0,10.0,0.0,9.0,2.0,1.0,0.0,0.0
10,47,33,2,0.0,2.0,2,13.0,11.0,6.0,3.0,10.0,8.0,5.0,3.0,1.0,2.0,0.0,0.0
11,19,22,1,0.0,1.0,2,15.0,7.0,4.0,3.0,10.0,14.0,9.0,2.0,1.0,5.0,0.0,0.0
12,26,29,1,0.0,0.0,1,19.0,13.0,6.0,4.0,10.0,13.0,6.0,9.0,2.0,4.0,0.0,0.0
13,42,31,2,1.0,2.0,2,13.0,14.0,4.0,4.0,11.0,15.0,9.0,10.0,1.0,4.0,0.0,0.0
14,1,25,0,0.0,0.0,1,13.0,4.0,5.0,2.0,10.0,11.0,7.0,2.0,0.0,1.0,0.0,0.0
15,6,18,0,0.0,0.0,1,19.0,9.0,8.0,0.0,15.0,14.0,9.0,3.0,2.0,2.0,0.0,0.0
16,16,14,1,0.0,1.0,2,13.0,15.0,6.0,1.0,9.0,12.0,6.0,6.0,0.0,2.0,0.0,0.0
17,28,45,0,2.0,0.0,0,10.0,17.0,7.0,4.0,8.0,13.0,7.0,1.0,2.0,1.0,0.0,0.0
18,38,8,2,0.0,1.0,2,8.0,20.0,1.0,11.0,10.0,4.0,2.0,2.0,2.0,0.0,0.0,0.0
19,9,0,1,0.0,1.0,2,11.0,9.0,4.0,3.0,17.0,14.0,2.0,5.0,2.0,3.0,0.0,0.0
20,8,0,2,1.0,1.0,1,5.0,14.0,2.0,5.0,6.0,8.0,4.0,3.0,1.0,2.0,0.0,0.0
21,1,9,1,1.0,1.0,1,20.0,13.0,4.0,4.0,9.0,14.0,12.0,3.0,2.0,3.0,0.0,0.0
22,22,14,0,1.0,0.0,0,9.0,20.0,6.0,5.0,9.0,5.0,4.0,7.0,4.0,4.0,0.0,0.0
23,29,31,2,0.0,2.0,2,10.0,12.0,0.0,4.0,13.0,8.0,2.0,3.0,1.0,1.0,0.0,0.0
24,25,28,2,0.0,1.0,2,11.0,14.0,4.0,5.0,11.0,6.0,4.0,4.0,2.0,1.0,0.0,0.0
25,16,38,0,1.0,1.0,1,19.0,7.0,10.0,3.0,18.0,19.0,8.0,7.0,2.0,3.0,0.0,0.0
26,18,33,2,0.0,1.0,2,13.0,11.0,2.0,7.0,13.0,10.0,5.0,4.0,4.0,1.0,0.0,0.0
27,19,6,1,1.0,0.0,0,11.0,16.0,6.0,9.0,7.0,16.0,1.0,7.0,1.0,3.0,0.0,0.0
28,42,47,1,2.0,1.0,0,13.0,11.0,3.0,3.0,9.0,10.0,5.0,5.0,1.0,2.0,0.0,0.0
29,45,26,2,0.0,3.0,2,7.0,22.0,0.0,13.0,7.0,10.0,3.0,6.0,0.0,0.0,0.0,0.0
30,10,8,1,0.0,0.0,1,24.0,8.0,7.0,3.0,6.0,12.0,5.0,3.0,0.0,2.0,0.0,0.0
31,0,23,0,1.0,0.0,0,13.0,3.0,5.0,0.0,7.0,12.0,5.0,1.0,1.0,1.0,0.0,0.0
32,28,18,1,1.0,1.0,1,24.0,8.0,5.0,3.0,5.0,10.0,8.0,5.0,1.0,4.0,0.0,0.0
33,6,16,1,0.0,0.0,1,18.0,10.0,4.0,4.0,13.0,12.0,5.0,2.0,2.0,2.0,0.0,0.0
34,14,19,2,1.0,0.0,0,12.0,14.0,8.0,7.0,13.0,13.0,3.0,1.0,1.0,3.0,0.0,0.0
35,31,1,0,1.0,0.0,0,22.0,4.0,8.0,1.0,15.0,10.0,9.0,6.0,2.0,1.0,0.0,1.0
36,33,42,0,1.0,0.0,0,10.0,13.0,3.0,4.0,12.0,13.0,2.0,7.0,3.0,2.0,0.0,1.0
37,38,45,2,0.0,0.0,1,18.0,16.0,5.0,2.0,15.0,8.0,2.0,2.0,1.0,2.0,0.0,0.0
38,47,29,0,0.0,0.0,1,7.0,11.0,4.0,4.0,12.0,12.0,4.0,4.0,2.0,2.0,0.0,1.0
39,26,25,0,1.0,1.0,1,19.0,4.0,7.0,1.0,17.0,5.0,14.0,1.0,3.0,2.0,0.0,0.0
40,18,14,1,0.0,0.0,1,5.0,12.0,4.0,5.0,20.0,12.0,2.0,5.0,4.0,1.0,0.0,0.0
41,19,38,1,0.0,0.0,1,16.0,5.0,5.0,1.0,8.0,15.0,6.0,5.0,1.0,3.0,0.0,0.0
42,25,47,2,0.0,3.0,2,9.0,8.0,5.0,4.0,15.0,16.0,6.0,1.0,2.0,0.0,0.0,0.0
43,29,6,2,0.0,1.0,2,23.0,10.0,7.0,5.0,11.0,11.0,13.0,1.0,1.0,3.0,0.0,0.0
44,42,26,2,1.0,3.0,2,9.0,24.0,5.0,12.0,7.0,9.0,7.0,5.0,1.0,2.0,0.0,0.0
45,1,28,0,1.0,0.0,0,11.0,12.0,6.0,6.0,14.0,7.0,5.0,4.0,3.0,3.0,0.0,0.0
46,8,33,2,0.0,1.0,2,7.0,10.0,3.0,6.0,9.0,14.0,9.0,5.0,3.0,4.0,0.0,0.0
47,22,31,2,0.0,3.0,2,10.0,15.0,2.0,7.0,9.0,7.0,2.0,1.0,2.0,0.0,0.0,0.0
48,45,9,1,0.0,0.0,1,11.0,12.0,4.0,6.0,14.0,20.0,8.0,4.0,2.0,2.0,0.0,0.0
49,16,0,2,1.0,3.0,2,15.0,14.0,6.0,6.0,9.0,8.0,3.0,3.0,2.0,2.0,0.0,0.0
50,6,45,1,0.0,0.0,1,29.0,16.0,9.0,3.0,6.0,11.0,12.0,6.0,0.0,2.0,0.0,0.0
51,14,8,0,1.0,0.0,0,26.0,9.0,8.0,4.0,11.0,7.0,8.0,5.0,0.0,2.0,1.0,0.0
52,9,16,2,0.0,2.0,2,17.0,13.0,5.0,5.0,11.0,15.0,8.0,5.0,1.0,4.0,0.0,0.0
53,28,29,2,1.0,0.0,0,10.0,10.0,3.0,3.0,5.0,14.0,8.0,2.0,1.0,1.0,0.0,0.0
54,38,42,2,0.0,5.0,2,9.0,18.0,3.0,9.0,8.0,15.0,2.0,5.0,1.0,3.0,0.0,0.0
55,0,18,1,0.0,0.0,1,13.0,2.0,5.0,0.0,6.0,9.0,8.0,2.0,0.0,3.0,0.0,0.0
56,33,1,0,0.0,0.0,1,17.0,8.0,6.0,2.0,12.0,6.0,4.0,3.0,0.0,1.0,0.0,0.0
57,31,25,0,1.0,0.0,0,27.0,4.0,11.0,1.0,7.0,16.0,5.0,2.0,3.0,3.0,0.0,0.0
58,26,19,1,0.0,1.0,2,16.0,12.0,4.0,3.0,10.0,7.0,5.0,4.0,3.0,4.0,1.0,0.0
59,47,22,2,0.0,1.0,2,16.0,10.0,6.0,5.0,13.0,9.0,7.0,3.0,0.0,2.0,1.0,0.0
60,45,47,0,0.0,0.0,1,19.0,19.0,4.0,5.0,12.0,17.0,11.0,0.0,5.0,4.0,0.0,0.0
61,19,0,1,1.0,0.0,0,2.0,12.0,2.0,4.0,10.0,9.0,0.0,6.0,4.0,2.0,0.0,0.0
62,25,9,1,0.0,1.0,2,10.0,16.0,3.0,7.0,9.0,10.0,5.0,5.0,1.0,2.0,0.0,0.0
63,22,6,2,1.0,0.0,0,18.0,22.0,5.0,6.0,9.0,13.0,6.0,13.0,2.0,1.0,0.0,0.0
64,42,14,2,2.0,1.0,0,13.0,17.0,5.0,8.0,17.0,11.0,5.0,10.0,2.0,2.0,0.0,0.0
65,29,33,2,1.0,1.0,1,17.0,11.0,7.0,3.0,10.0,13.0,5.0,3.0,0.0,2.0,0.0,0.0
66,16,28,1,1.0,1.0,1,12.0,12.0,3.0,4.0,4.0,10.0,6.0,8.0,1.0,0.0,0.0,1.0
67,1,38,0,1.0,0.0,0,18.0,4.0,5.0,0.0,18.0,15.0,14.0,1.0,1.0,3.0,0.0,0.0
68,8,31,0,2.0,2.0,1,11.0,16.0,8.0,3.0,10.0,7.0,3.0,4.0,3.0,0.0,0.0,0.0
69,6,42,0,1.0,0.0,0,21.0,12.0,8.0,4.0,15.0,8.0,5.0,9.0,2.0,2.0,0.0,0.0
70,19,9,0,1.0,0.0,0,6.0,13.0,2.0,3.0,7.0,8.0,5.0,6.0,2.0,2.0,0.0,0.0
71,28,33,0,2.0,0.0,0,17.0,12.0,7.0,3.0,7.0,15.0,8.0,2.0,2.0,4.0,0.0,0.0
72,18,47,0,2.0,0.0,0,13.0,6.0,4.0,2.0,10.0,8.0,3.0,4.0,2.0,0.0,0.0,0.0
73,1,8,0,3.0,0.0,0,20.0,9.0,10.0,1.0,11.0,15.0,10.0,5.0,2.0,2.0,0.0,0.0
74,0,29,0,0.0,0.0,1,14.0,5.0,6.0,2.0,12.0,8.0,13.0,0.0,1.0,3.0,0.0,0.0
75,38,14,2,1.0,3.0,2,6.0,26.0,4.0,13.0,7.0,14.0,5.0,7.0,1.0,0.0,1.0,0.0
76,31,26,1,1.0,0.0,0,17.0,16.0,6.0,5.0,9.0,17.0,5.0,6.0,2.0,5.0,0.0,0.0
77,25,45,0,1.0,0.0,0,8.0,31.0,6.0,10.0,9.0,7.0,3.0,9.0,2.0,2.0,0.0,0.0
78,22,16,2,0.0,0.0,1,9.0,13.0,2.0,3.0,14.0,13.0,4.0,7.0,2.0,4.0,0.0,0.0
79,26,28,0,1.0,0.0,0,18.0,8.0,7.0,2.0,9.0,8.0,7.0,4.0,1.0,3.0,0.0,0.0
80,14,1,0,2.0,0.0,0,17.0,10.0,8.0,4.0,21.0,6.0,3.0,4.0,2.0,2.0,0.0,0.0
81,29,18,0,2.0,0.0,0,11.0,8.0,5.0,2.0,12.0,12.0,2.0,2.0,2.0,3.0,0.0,0.0
82,42,19,1,0.0,0.0,1,8.0,14.0,3.0,6.0,4.0,14.0,7.0,11.0,0.0,1.0,0.0,1.0
83,8,25,0,3.0,1.0,0,13.0,7.0,6.0,3.0,9.0,10.0,5.0,4.0,1.0,1.0,0.0,0.0
84,33,22,0,0.0,0.0,1,12.0,7.0,5.0,3.0,5.0,16.0,8.0,7.0,1.0,3.0,0.0,0.0
85,45,0,2,2.0,5.0,2,12.0,16.0,5.0,7.0,10.0,13.0,2.0,10.0,4.0,1.0,0.0,0.0
86,16,31,1,0.0,0.0,1,16.0,1.0,4.0,0.0,12.0,11.0,8.0,9.0,3.0,3.0,0.0,0.0
87,47,6,2,1.0,3.0,2,10.0,12.0,3.0,8.0,13.0,11.0,3.0,4.0,4.0,1.0,0.0,0.0
88,9,38,1,1.0,0.0,0,22.0,10.0,5.0,2.0,20.0,16.0,7.0,6.0,2.0,4.0,0.0,0.0
89,31,45,2,0.0,1.0,2,18.0,15.0,2.0,6.0,11.0,8.0,8.0,3.0,1.0,0.0,0.0,0.0
90,22,29,1,1.0,1.0,1,11.0,11.0,6.0,4.0,11.0,10.0,4.0,3.0,0.0,0.0,0.0,0.0
91,38,26,2,1.0,1.0,1,7.0,27.0,5.0,11.0,11.0,9.0,3.0,10.0,3.0,4.0,0.0,0.0
92,19,47,2,1.0,1.0,1,10.0,10.0,3.0,5.0,14.0,14.0,7.0,2.0,3.0,0.0,0.0,0.0
93,6,9,2,0.0,1.0,2,19.0,6.0,5.0,4.0,13.0,10.0,7.0,0.0,2.0,2.0,0.0,1.0
94,18,8,1,0.0,0.0,1,27.0,9.0,5.0,2.0,8.0,10.0,10.0,4.0,0.0,0.0,0.0,1.0
95,28,42,2,0.0,2.0,2,23.0,9.0,5.0,7.0,19.0,9.0,9.0,3.0,4.0,2.0,0.0,0.0
96,25,14,2,0.0,1.0,2,4.0,16.0,1.0,7.0,15.0,12.0,2.0,9.0,4.0,3.0,0.0,0.0
97,0,33,0,1.0,0.0,0,19.0,7.0,7.0,0.0,10.0,1.0,8.0,1.0,3.0,2.0,0.0,0.0
98,1,16,1,1.0,2.0,2,17.0,13.0,5.0,6.0,10.0,11.0,10.0,1.0,3.0,2.0,0.0,0.0
99,33,31,2,1.0,0.0,0,9.0,17.0,3.0,6.0,13.0,6.0,4.0,5.0,1.0,1.0,0.0,0.0
100,42,22,2,0.0,2.0,2,17.0,8.0,5.0,3.0,10.0,19.0,12.0,2.0,1.0,5.0,0.0,0.0
101,14,0,1,0.0,0.0,1,17.0,13.0,3.0,3.0,12.0,12.0,4.0,3.0,4.0,2.0,0.0,0.0
102,29,25,0,2.0,0.0,0,13.0,6.0,3.0,5.0,9.0,5.0,1.0,5.0,0.0,1.0,0.0,0.0
103,45,18,1,0.0,0.0,1,11.0,18.0,6.0,4.0,10.0,9.0,7.0,6.0,1.0,2.0,0.0,0.0
104,26,1,0,1.0,0.0,0,14.0,12.0,5.0,2.0,11.0,15.0,2.0,9.0,0.0,3.0,0.0,0.0
105,8,6,0,1.0,1.0,1,12.0,15.0,6.0,3.0,8.0,16.0,6.0,4.0,2.0,4.0,0.0,0.0
106,16,19,2,0.0,1.0,2,13.0,17.0,5.0,7.0,10.0,11.0,1.0,8.0,1.0,1.0,1.0,0.0
107,47,38,0,1.0,0.0,0,8.0,9.0,4.0,0.0,14.0,12.0,1.0,9.0,1.0,4.0,0.0,0.0
108,9,28,0,0.0,1.0,2,10.0,15.0,4.0,6.0,12.0,10.0,0.0,4.0,3.0,3.0,0.0,0.0
109,19,8,0,0.0,1.0,2,26.0,5.0,12.0,2.0,3.0,10.0,11.0,3.0,2.0,1.0,0.0,0.0
110,29,14,1,0.0,0.0,1,11.0,12.0,4.0,3.0,19.0,14.0,4.0,8.0,6.0,2.0,0.0,0.0
111,42,1,0,0.0,1.0,2,16.0,12.0,6.0,1.0,14.0,14.0,6.0,4.0,2.0,0.0,0.0,0.0
112,22,25,1,0.0,0.0,1,14.0,20.0,2.0,6.0,11.0,10.0,4.0,6.0,4.0,2.0,1.0,0.0
113,26,9,0,0.0,1.0,2,16.0,13.0,8.0,5.0,10.0,18.0,10.0,7.0,1.0,1.0,0.0,0.0
114,38,18,0,0.0,0.0,1,9.0,16.0,2.0,5.0,14.0,18.0,3.0,6.0,4.0,2.0,0.0,0.0
115,47,16,1,0.0,0.0,1,11.0,19.0,6.0,7.0,7.0,9.0,3.0,6.0,1.0,2.0,0.0,0.0
116,33,45,0,1.0,0.0,0,19.0,4.0,6.0,2.0,7.0,9.0,11.0,6.0,1.0,2.0,0.0,1.0
117,31,0,0,1.0,0.0,0,9.0,10.0,4.0,1.0,16.0,18.0,4.0,6.0,4.0,4.0,0.0,0.0
118,6,28,0,1.0,0.0,0,12.0,18.0,6.0,4.0,11.0,6.0,3.0,10.0,2.0,1.0,0.0,0.0
119,0,26,1,2.0,1.0,0,9.0,9.0,3.0,4.0,14.0,14.0,1.0,3.0,2.0,2.0,0.0,0.0
120,14,31,0,1.0,1.0,1,17.0,11.0,7.0,3.0,13.0,16.0,7.0,4.0,6.0,3.0,0.0,0.0
121,45,29,0,0.0,0.0,1,12.0,18.0,3.0,5.0,6.0,7.0,6.0,5.0,5.0,1.0,0.0,0.0
122,16,42,0,1.0,0.0,0,14.0,11.0,6.0,3.0,16.0,12.0,8.0,8.0,4.0,4.0,0.0,0.0
123,28,38,0,1.0,0.0,0,22.0,5.0,8.0,2.0,9.0,9.0,12.0,1.0,1.0,3.0,0.0,0.0
124,9,47,1,1.0,0.0,0,19.0,14.0,6.0,7.0,12.0,10.0,9.0,6.0,3.0,3.0,0.0,0.0
125,18,19,1,0.0,0.0,1,10.0,14.0,5.0,3.0,8.0,8.0,4.0,2.0,1.0,0.0,0.0,0.0
126,8,22,0,2.0,2.0,1,20.0,11.0,9.0,5.0,7.0,10.0,5.0,5.0,0.0,1.0,0.0,1.0
127,1,6,1,0.0,0.0,1,18.0,11.0,8.0,3.0,12.0,14.0,9.0,7.0,7.0,6.0,0.0,0.0
128,25,33,2,1.0,1.0,1,11.0,20.0,1.0,5.0,16.0,9.0,6.0,7.0,5.0,2.0,0.0,0.0
129,33,16,0,0.0,0.0,1,20.0,20.0,6.0,7.0,9.0,12.0,6.0,6.0,2.0,3.0,0.0,0.0
130,47,28,2,1.0,1.0,1,3.0,22.0,2.0,7.0,8.0,5.0,1.0,18.0,4.0,1.0,0.0,0.0
131,26,14,0,1.0,0.0,0,9.0,12.0,5.0,2.0,12.0,13.0,1.0,6.0,4.0,3.0,0.0,0.0
132,6,0,0,0.0,0.0,1,13.0,6.0,4.0,1.0,12.0,11.0,7.0,4.0,1.0,1.0,0.0,1.0
133,29,8,0,0.0,1.0,2,23.0,8.0,11.0,2.0,14.0,5.0,9.0,2.0,2.0,2.0,0.0,0.0
134,38,25,2,2.0,0.0,0,14.0,18.0,7.0,4.0,10.0,10.0,10.0,6.0,5.0,3.0,1.0,0.0
135,19,1,2,1.0,1.0,1,10.0,14.0,4.0,5.0,8.0,11.0,6.0,11.0,3.0,3.0,1.0,1.0
136,22,18,2,0.0,2.0,2,13.0,11.0,2.0,8.0,12.0,10.0,5.0,8.0,1.0,1.0,0.0,0.0
137,31,9,2,0.0,1.0,2,21.0,10.0,6.0,5.0,11.0,9.0,9.0,4.0,2.0,2.0,0.0,0.0
138,42,45,0,1.0,1.0,1,22.0,11.0,7.0,4.0,10.0,15.0,13.0,5.0,1.0,3.0,0.0,1.0
139,1,29,1,0.0,0.0,1,11.0,10.0,1.0,4.0,12.0,11.0,6.0,3.0,1.0,5.0,0.0,0.0
140,14,33,1,0.0,0.0,1,22.0,16.0,8.0,9.0,12.0,11.0,11.0,3.0,6.0,2.0,0.0,1.0
141,9,42,0,0.0,2.0,2,11.0,13.0,4.0,3.0,14.0,10.0,4.0,7.0,2.0,2.0,0.0,0.0
142,18,31,1,0.0,0.0,1,8.0,14.0,2.0,3.0,12.0,8.0,0.0,10.0,1.0,2.0,0.0,0.0
143,0,38,0,0.0,0.0,1,29.0,8.0,6.0,2.0,10.0,9.0,13.0,1.0,0.0,3.0,0.0,0.0
144,45,22,0,2.0,1.0,0,23.0,9.0,13.0,2.0,12.0,6.0,5.0,5.0,0.0,1.0,0.0,0.0
145,16,26,2,0.0,1.0,2,9.0,16.0,5.0,4.0,7.0,15.0,3.0,8.0,4.0,2.0,0.0,0.0
146,28,19,0,1.0,1.0,1,20.0,11.0,7.0,4.0,4.0,10.0,8.0,3.0,2.0,1.0,0.0,0.0
147,25,6,0,1.0,0.0,0,6.0,17.0,2.0,2.0,12.0,14.0,0.0,9.0,4.0,1.0,0.0,0.0
148,8,47,0,4.0,2.0,0,19.0,17.0,12.0,6.0,9.0,10.0,10.0,3.0,2.0,3.0,0.0,0.0
149,6,38,0,3.0,0.0,0,14.0,9.0,6.0,3.0,19.0,12.0,7.0,4.0,2.0,5.0,0.0,0.0
150,29,42,2,0.0,1.0,2,11.0,24.0,2.0,10.0,16.0,14.0,5.0,3.0,5.0,3.0,1.0,0.0
151,22,1,1,1.0,2.0,2,15.0,7.0,5.0,3.0,10.0,14.0,10.0,0.0,4.0,1.0,0.0,0.0
152,31,28,1,0.0,1.0,2,11.0,16.0,4.0,6.0,14.0,10.0,5.0,6.0,4.0,4.0,0.0,0.0
153,33,19,2,0.0,0.0,1,11.0,14.0,1.0,2.0,11.0,15.0,6.0,5.0,2.0,4.0,0.0,0.0
154,8,45,1,1.0,0.0,0,8.0,19.0,3.0,3.0,2.0,11.0,7.0,7.0,2.0,3.0,0.0,0.0
155,0,25,0,2.0,0.0,0,36.0,5.0,16.0,3.0,11.0,6.0,17.0,0.0,2.0,4.0,0.0,0.0
156,47,26,2,0.0,1.0,2,8.0,10.0,3.0,6.0,16.0,8.0,2.0,10.0,2.0,3.0,0.0,0.0
157,18,16,0,0.0,1.0,2,8.0,17.0,2.0,5.0,13.0,11.0,5.0,8.0,2.0,1.0,0.0,0.0
158,14,9,0,4.0,2.0,0,15.0,15.0,7.0,5.0,11.0,8.0,8.0,2.0,3.0,2.0,0.0,0.0
159,28,0,1,1.0,2.0,2,33.0,5.0,11.0,3.0,7.0,10.0,8.0,2.0,3.0,4.0,0.0,1.0
160,9,33,1,2.0,1.0,0,14.0,4.0,3.0,3.0,12.0,11.0,9.0,1.0,3.0,4.0,0.0,1.0
161,26,6,0,3.0,0.0,0,19.0,19.0,13.0,6.0,10.0,12.0,3.0,9.0,1.0,4.0,0.0,0.0
162,19,31,0,2.0,0.0,0,22.0,15.0,11.0,4.0,16.0,8.0,6.0,0.0,6.0,0.0,0.0,0.0
163,1,47,0,0.0,1.0,2,9.0,10.0,4.0,4.0,11.0,16.0,6.0,5.0,3.0,6.0,0.0,0.0
164,38,22,1,1.0,0.0,0,11.0,13.0,3.0,6.0,16.0,16.0,2.0,10.0,4.0,4.0,0.0,0.0
165,16,29,1,0.0,0.0,1,9.0,15.0,4.0,6.0,7.0,12.0,4.0,11.0,3.0,1.0,0.0,0.0
166,42,8,0,2.0,1.0,0,23.0,6.0,10.0,6.0,11.0,9.0,9.0,4.0,3.0,1.0,0.0,0.0
167,25,18,1,0.0,1.0,2,12.0,16.0,2.0,5.0,11.0,12.0,6.0,1.0,1.0,2.0,0.0,0.0
168,45,14,2,0.0,2.0,2,15.0,12.0,7.0,5.0,17.0,9.0,6.0,5.0,5.0,2.0,0.0,0.0
169,47,31,2,1.0,0.0,0,12.0,14.0,5.0,6.0,17.0,6.0,4.0,7.0,3.0,3.0,0.0,0.0
170,42,0,2,0.0,0.0,1,15.0,7.0,5.0,4.0,13.0,10.0,7.0,6.0,5.0,3.0,0.0,0.0
171,6,14,2,0.0,0.0,1,19.0,10.0,7.0,3.0,16.0,9.0,6.0,3.0,6.0,8.0,0.0,0.0
172,38,29,2,0.0,2.0,2,6.0,20.0,4.0,10.0,11.0,14.0,0.0,7.0,1.0,4.0,1.0,0.0
173,16,25,1,0.0,1.0,2,20.0,9.0,4.0,4.0,11.0,15.0,5.0,2.0,0.0,3.0,0.0,0.0
174,9,22,1,0.0,0.0,1,21.0,6.0,6.0,1.0,14.0,16.0,9.0,2.0,4.0,3.0,0.0,0.0
175,26,33,2,0.0,0.0,1,14.0,5.0,5.0,3.0,15.0,6.0,7.0,2.0,4.0,4.0,0.0,0.0
176,28,8,0,2.0,1.0,0,18.0,8.0,7.0,5.0,9.0,3.0,12.0,3.0,3.0,1.0,0.0,0.0
177,1,18,0,1.0,2.0,2,17.0,6.0,8.0,2.0,10.0,12.0,6.0,2.0,1.0,4.0,0.0,0.0
178,19,45,1,1.0,0.0,0,21.0,11.0,5.0,3.0,15.0,18.0,3.0,2.0,2.0,3.0,0.0,0.0
179,31,42,0,1.0,0.0,0,9.0,20.0,3.0,6.0,16.0,13.0,7.0,12.0,4.0,4.0,0.0,0.0
180,14,16,1,1.0,0.0,0,13.0,9.0,7.0,3.0,9.0,13.0,4.0,5.0,4.0,2.0,0.0,0.0
181,29,26,2,0.0,2.0,2,8.0,11.0,3.0,3.0,7.0,7.0,5.0,2.0,4.0,1.0,0.0,0.0
182,33,47,1,1.0,1.0,1,16.0,11.0,5.0,3.0,15.0,18.0,7.0,3.0,3.0,4.0,0.0,0.0
183,18,6,2,0.0,0.0,1,18.0,17.0,8.0,7.0,6.0,1.0,8.0,4.0,2.0,1.0,0.0,0.0
184,8,38,0,1.0,0.0,0,20.0,18.0,7.0,6.0,10.0,7.0,2.0,8.0,2.0,1.0,0.0,0.0
185,45,28,2,1.0,2.0,2,10.0,23.0,2.0,8.0,10.0,3.0,3.0,11.0,3.0,2.0,0.0,0.0
186,25,1,2,0.0,1.0,2,9.0,10.0,3.0,5.0,13.0,21.0,1.0,4.0,4.0,5.0,0.0,0.0
187,0,9,1,1.0,0.0,0,11.0,22.0,7.0,4.0,12.0,7.0,3.0,7.0,3.0,2.0,1.0,0.0
188,22,19,1,1.0,1.0,1,11.0,9.0,4.0,4.0,15.0,15.0,8.0,6.0,2.0,3.0,0.0,0.0
189,47,14,2,2.0,2.0,1,12.0,14.0,4.0,8.0,13.0,13.0,5.0,5.0,2.0,3.0,0.0,0.0
190,26,8,0,1.0,0.0,0,19.0,8.0,8.0,2.0,10.0,7.0,9.0,4.0,2.0,3.0,0.0,0.0
191,6,31,1,1.0,0.0,0,16.0,14.0,4.0,5.0,19.0,8.0,8.0,9.0,2.0,2.0,0.0,0.0
192,42,18,0,2.0,0.0,0,13.0,10.0,7.0,1.0,11.0,15.0,12.0,5.0,0.0,0.0,0.0,0.0
193,28,22,0,3.0,1.0,0,14.0,1.0,5.0,1.0,4.0,15.0,10.0,1.0,2.0,3.0,0.0,0.0
194,1,0,2,0.0,0.0,1,11.0,9.0,3.0,4.0,8.0,15.0,4.0,1.0,1.0,3.0,0.0,0.0
195,38,33,2,0.0,0.0,1,5.0,23.0,1.0,8.0,14.0,14.0,4.0,10.0,3.0,3.0,0.0,0.0
196,16,45,2,0.0,0.0,1,14.0,18.0,2.0,3.0,9.0,17.0,3.0,3.0,1.0,1.0,0.0,0.0
197,19,25,0,1.0,1.0,1,18.0,10.0,6.0,4.0,14.0,13.0,7.0,5.0,2.0,2.0,0.0,0.0
198,9,29,0,1.0,0.0,0,14.0,11.0,5.0,4.0,9.0,13.0,4.0,4.0,1.0,2.0,0.0,0.0
199,25,42,1,0.0,1.0,2,7.0,15.0,3.0,7.0,11.0,12.0,2.0,13.0,1.0,1.0,0.0,0.0
200,8,16,0,1.0,0.0,0,9.0,14.0,5.0,6.0,6.0,15.0,4.0,7.0,1.0,5.0,0.0,0.0
201,14,28,2,0.0,1.0,2,10.0,11.0,3.0,5.0,12.0,9.0,4.0,3.0,1.0,1.0,0.0,0.0
202,45,1,2,1.0,1.0,1,14.0,15.0,3.0,3.0,18.0,11.0,5.0,3.0,1.0,2.0,0.0,0.0
203,31,38,0,1.0,0.0,0,3.0,19.0,1.0,4.0,15.0,16.0,3.0,12.0,2.0,4.0,1.0,0.0
204,22,26,2,0.0,0.0,1,7.0,18.0,2.0,5.0,9.0,18.0,2.0,10.0,3.0,1.0,0.0,0.0
205,0,47,0,1.0,0.0,0,18.0,9.0,6.0,3.0,17.0,14.0,8.0,2.0,2.0,2.0,0.0,0.0
206,33,6,1,1.0,0.0,0,14.0,13.0,8.0,4.0,17.0,8.0,2.0,6.0,1.0,3.0,0.0,0.0
207,18,9,2,0.0,1.0,2,9.0,10.0,1.0,5.0,8.0,8.0,1.0,5.0,1.0,1.0,1.0,0.0
208,29,19,0,0.0,0.0,1,14.0,10.0,5.0,2.0,12.0,10.0,7.0,8.0,2.0,3.0,0.0,0.0
209,14,6,0,1.0,0.0,0,16.0,22.0,6.0,5.0,5.0,9.0,6.0,5.0,2.0,3.0,0.0,0.0
210,9,29,2,0.0,0.0,1,17.0,11.0,3.0,4.0,10.0,9.0,7.0,5.0,1.0,3.0,0.0,0.0
211,16,1,0,2.0,0.0,0,15.0,8.0,9.0,2.0,10.0,8.0,2.0,4.0,1.0,4.0,0.0,0.0
212,0,18,0,1.0,1.0,1,26.0,5.0,5.0,2.0,8.0,11.0,8.0,1.0,4.0,3.0,0.0,0.0
213,37,42,2,0.0,1.0,2,6.0,18.0,1.0,9.0,11.0,9.0,2.0,6.0,2.0,0.0,0.0,0.0
214,26,47,0,2.0,0.0,0,36.0,4.0,14.0,3.0,14.0,11.0,10.0,2.0,1.0,1.0,0.0,1.0
215,11,33,2,0.0,2.0,2,20.0,12.0,3.0,6.0,11.0,5.0,4.0,3.0,1.0,0.0,0.0,0.0
216,8,31,2,0.0,3.0,2,10.0,12.0,5.0,7.0,15.0,11.0,3.0,0.0,4.0,4.0,0.0,0.0
217,28,45,0,2.0,1.0,0,28.0,3.0,12.0,2.0,3.0,12.0,11.0,2.0,0.0,1.0,0.0,0.0
218,27,19,2,1.0,2.0,2,15.0,15.0,6.0,7.0,15.0,20.0,4.0,4.0,5.0,4.0,0.0,0.0
219,29,31,0,1.0,0.0,0,17.0,21.0,8.0,8.0,16.0,7.0,9.0,9.0,3.0,3.0,0.0,0.0
220,9,14,2,0.0,1.0,2,12.0,13.0,2.0,6.0,13.0,14.0,4.0,6.0,2.0,2.0,0.0,1.0
221,42,28,2,0.0,0.0,1,10.0,8.0,5.0,5.0,14.0,11.0,7.0,4.0,3.0,3.0,0.0,0.0
222,1,26,1,1.0,2.0,2,19.0,14.0,5.0,7.0,11.0,15.0,5.0,4.0,1.0,1.0,0.0,0.0
223,29,0,2,0.0,1.0,2,14.0,11.0,2.0,5.0,5.0,6.0,4.0,7.0,0.0,2.0,0.0,0.0
224,19,28,2,0.0,1.0,2,1.0,16.0,1.0,9.0,9.0,6.0,1.0,7.0,1.0,0.0,1.0,0.0
225,47,16,2,0.0,2.0,2,13.0,13.0,7.0,3.0,13.0,12.0,8.0,3.0,3.0,2.0,0.0,1.0
226,31,9,1,1.0,1.0,1,18.0,15.0,7.0,4.0,9.0,16.0,8.0,4.0,3.0,4.0,0.0,0.0
227,45,27,0,0.0,1.0,2,24.0,4.0,8.0,1.0,9.0,15.0,7.0,6.0,1.0,3.0,0.0,0.0
228,42,11,0,1.0,1.0,1,21.0,7.0,9.0,3.0,10.0,14.0,9.0,3.0,3.0,5.0,0.0,0.0
229,18,37,0,1.0,0.0,0,15.0,13.0,6.0,1.0,6.0,11.0,3.0,6.0,1.0,2.0,0.0,0.0
230,33,14,2,1.0,1.0,1,20.0,12.0,4.0,5.0,14.0,8.0,5.0,6.0,2.0,3.0,0.0,0.0
231,6,8,2,0.0,0.0,1,13.0,11.0,4.0,5.0,16.0,12.0,3.0,8.0,2.0,2.0,0.0,0.0
232,16,29,0,2.0,0.0,0,18.0,7.0,10.0,2.0,12.0,8.0,6.0,3.0,1.0,1.0,0.0,0.0
233,26,42,0,2.0,0.0,0,25.0,11.0,13.0,6.0,14.0,12.0,8.0,3.0,1.0,4.0,0.0,0.0
234,9,1,0,0.0,0.0,1,15.0,2.0,8.0,1.0,13.0,10.0,7.0,3.0,2.0,1.0,0.0,0.0
235,14,45,0,3.0,0.0,0,25.0,13.0,14.0,2.0,12.0,10.0,8.0,6.0,1.0,3.0,0.0,0.0
236,28,47,0,3.0,0.0,0,20.0,2.0,12.0,1.0,4.0,17.0,6.0,0.0,0.0,4.0,0.0,0.0
237,11,31,2,0.0,3.0,2,17.0,23.0,5.0,11.0,8.0,8.0,4.0,11.0,2.0,2.0,0.0,0.0
238,37,33,2,1.0,1.0,1,17.0,15.0,5.0,4.0,9.0,7.0,5.0,3.0,0.0,1.0,1.0,0.0
239,0,6,0,1.0,0.0,0,25.0,7.0,9.0,2.0,16.0,12.0,6.0,1.0,2.0,3.0,0.0,0.0
240,8,19,1,0.0,0.0,1,7.0,15.0,3.0,3.0,3.0,6.0,7.0,6.0,1.0,1.0,0.0,0.0
241,27,18,1,1.0,1.0,1,18.0,10.0,5.0,3.0,14.0,12.0,8.0,7.0,1.0,3.0,0.0,0.0
242,14,42,0,1.0,0.0,0,16.0,19.0,5.0,3.0,12.0,16.0,4.0,9.0,0.0,1.0,0.0,0.0
243,42,0,2,0.0,3.0,2,14.0,9.0,2.0,3.0,12.0,16.0,8.0,6.0,2.0,1.0,0.0,0.0
244,6,9,0,1.0,0.0,0,15.0,13.0,6.0,1.0,14.0,10.0,8.0,2.0,2.0,2.0,0.0,0.0
245,33,28,2,0.0,1.0,2,14.0,11.0,2.0,5.0,8.0,6.0,4.0,5.0,0.0,0.0,0.0,0.0
246,1,14,1,2.0,0.0,0,9.0,21.0,4.0,5.0,13.0,14.0,2.0,4.0,3.0,5.0,0.0,0.0
247,31,37,0,1.0,1.0,1,20.0,15.0,7.0,5.0,9.0,10.0,4.0,5.0,0.0,0.0,0.0,0.0
248,18,8,0,0.0,0.0,1,18.0,10.0,1.0,4.0,10.0,12.0,6.0,6.0,1.0,2.0,0.0,0.0
249,45,26,1,1.0,0.0,0,11.0,28.0,8.0,8.0,8.0,10.0,5.0,8.0,0.0,2.0,0.0,0.0
250,19,16,1,0.0,0.0,1,9.0,14.0,2.0,4.0,11.0,15.0,5.0,9.0,0.0,2.0,0.0,0.0
251,47,27,0,1.0,0.0,0,13.0,9.0,5.0,6.0,14.0,14.0,4.0,4.0,3.0,1.0,0.0,0.0
252,29,11,1,0.0,0.0,1,27.0,16.0,10.0,7.0,7.0,11.0,6.0,5.0,1.0,3.0,0.0,0.0
253,9,28,2,0.0,3.0,2,7.0,14.0,3.0,6.0,10.0,3.0,4.0,4.0,2.0,0.0,0.0,0.0
254,16,31,0,0.0,0.0,1,20.0,7.0,7.0,2.0,10.0,15.0,7.0,2.0,3.0,3.0,0.0,0.0
255,29,37,0,1.0,1.0,1,25.0,10.0,13.0,4.0,7.0,9.0,9.0,4.0,0.0,1.0,0.0,0.0
256,18,26,0,1.0,0.0,0,16.0,23.0,6.0,7.0,6.0,13.0,4.0,13.0,0.0,3.0,0.0,0.0
257,47,6,2,0.0,1.0,2,15.0,21.0,4.0,6.0,10.0,17.0,8.0,12.0,4.0,1.0,0.0,1.0
258,0,14,0,1.0,0.0,0,27.0,7.0,10.0,1.0,12.0,11.0,4.0,2.0,2.0,2.0,0.0,0.0
259,16,45,0,4.0,1.0,0,18.0,4.0,7.0,1.0,9.0,9.0,4.0,0.0,3.0,2.0,0.0,0.0
260,19,26,2,1.0,1.0,1,12.0,14.0,5.0,7.0,5.0,11.0,1.0,4.0,3.0,0.0,0.0,0.0
261,1,6,0,1.0,1.0,1,14.0,14.0,4.0,6.0,8.0,14.0,8.0,4.0,1.0,3.0,0.0,0.0
262,18,33,0,1.0,0.0,0,7.0,8.0,4.0,3.0,15.0,9.0,6.0,4.0,3.0,2.0,0.0,0.0
263,27,8,2,0.0,2.0,2,6.0,21.0,3.0,9.0,13.0,9.0,4.0,9.0,1.0,2.0,0.0,0.0
264,47,0,2,0.0,1.0,2,5.0,24.0,3.0,9.0,14.0,9.0,1.0,2.0,3.0,2.0,0.0,0.0
265,37,11,2,0.0,2.0,2,18.0,16.0,11.0,9.0,10.0,9.0,11.0,2.0,1.0,0.0,0.0,0.0
266,14,18,0,4.0,0.0,0,14.0,10.0,10.0,2.0,5.0,21.0,4.0,8.0,1.0,4.0,0.0,0.0
267,26,16,2,0.0,1.0,2,21.0,8.0,6.0,5.0,10.0,10.0,11.0,1.0,1.0,1.0,0.0,0.0
268,0,1,2,0.0,0.0,1,18.0,11.0,4.0,2.0,12.0,7.0,4.0,6.0,3.0,1.0,0.0,0.0
269,45,19,2,0.0,1.0,2,15.0,18.0,4.0,10.0,6.0,13.0,8.0,3.0,1.0,2.0,0.0,0.0
270,11,9,1,0.0,0.0,1,11.0,20.0,3.0,8.0,18.0,8.0,4.0,5.0,1.0,2.0,0.0,0.0
271,6,29,1,2.0,1.0,0,20.0,8.0,5.0,2.0,13.0,14.0,7.0,2.0,4.0,0.0,0.0,0.0
272,8,37,0,0.0,0.0,1,9.0,8.0,5.0,2.0,8.0,11.0,3.0,6.0,3.0,1.0,0.0,0.0
273,28,27,0,1.0,0.0,0,33.0,4.0,13.0,2.0,7.0,6.0,12.0,1.0,1.0,0.0,0.0,0.0
274,31,42,0,2.0,0.0,0,18.0,11.0,5.0,2.0,14.0,12.0,16.0,3.0,0.0,4.0,0.0,0.0
275,33,47,1,1.0,1.0,1,18.0,11.0,9.0,4.0,15.0,10.0,10.0,1.0,2.0,3.0,0.0,0.0
276,29,26,1,0.0,1.0,2,9.0,28.0,5.0,7.0,9.0,10.0,6.0,11.0,5.0,2.0,0.0,0.0
277,37,14,1,1.0,1.0,1,11.0,6.0,6.0,3.0,12.0,10.0,7.0,6.0,4.0,2.0,0.0,0.0
278,42,33,0,1.0,1.0,1,17.0,13.0,7.0,6.0,11.0,12.0,12.0,2.0,2.0,3.0,0.0,0.0
279,27,6,0,0.0,0.0,1,19.0,8.0,9.0,1.0,7.0,14.0,7.0,2.0,0.0,0.0,0.0,0.0
280,19,31,2,0.0,0.0,1,14.0,12.0,4.0,5.0,10.0,13.0,14.0,3.0,1.0,2.0,0.0,0.0
281,16,28,2,1.0,1.0,1,7.0,18.0,4.0,8.0,13.0,3.0,2.0,9.0,1.0,1.0,0.0,0.0
282,47,45,2,1.0,0.0,0,14.0,11.0,7.0,4.0,15.0,7.0,4.0,4.0,5.0,2.0,0.0,0.0
283,9,0,2,0.0,1.0,2,10.0,20.0,2.0,7.0,14.0,13.0,8.0,7.0,1.0,2.0,0.0,0.0
284,18,11,0,1.0,0.0,0,12.0,6.0,3.0,1.0,11.0,13.0,3.0,5.0,2.0,1.0,0.0,1.0
285,1,8,1,1.0,0.0,0,11.0,8.0,3.0,3.0,15.0,11.0,11.0,3.0,2.0,2.0,0.0,0.0
286,26,37,0,1.0,0.0,0,29.0,8.0,9.0,3.0,6.0,9.0,13.0,1.0,0.0,1.0,0.0,0.0
287,14,29,0,2.0,2.0,1,28.0,19.0,10.0,5.0,7.0,15.0,12.0,3.0,3.0,0.0,0.0,0.0
288,28,1,0,2.0,1.0,0,25.0,8.0,11.0,3.0,6.0,13.0,2.0,3.0,1.0,2.0,0.0,0.0
289,0,27,0,2.0,0.0,0,13.0,5.0,4.0,1.0,12.0,8.0,3.0,1.0,1.0,1.0,0.0,0.0
290,8,9,1,0.0,0.0,1,5.0,24.0,2.0,6.0,9.0,12.0,1.0,5.0,1.0,1.0,0.0,0.0
291,31,18,1,1.0,0.0,0,18.0,10.0,6.0,3.0,9.0,14.0,7.0,3.0,0.0,3.0,0.0,0.0
292,33,19,0,3.0,0.0,0,16.0,18.0,4.0,3.0,7.0,8.0,3.0,8.0,0.0,0.0,0.0,0.0
293,6,16,0,0.0,0.0,1,11.0,3.0,6.0,2.0,13.0,14.0,9.0,2.0,3.0,2.0,0.0,0.0
294,45,42,1,1.0,1.0,1,11.0,13.0,4.0,4.0,13.0,9.0,9.0,5.0,1.0,4.0,0.0,0.0
295,11,47,1,1.0,1.0,1,13.0,8.0,6.0,2.0,10.0,12.0,7.0,4.0,0.0,2.0,0.0,0.0
296,26,9,0,1.0,1.0,1,30.0,9.0,8.0,3.0,20.0,6.0,8.0,4.0,5.0,3.0,0.0,0.0
297,28,0,1,0.0,0.0,1,12.0,6.0,1.0,2.0,9.0,20.0,7.0,4.0,0.0,2.0,0.0,0.0
298,6,18,0,0.0,0.0,1,11.0,7.0,4.0,3.0,14.0,11.0,9.0,8.0,1.0,2.0,0.0,0.0
299,14,11,1,1.0,0.0,0,33.0,18.0,13.0,7.0,12.0,7.0,12.0,4.0,2.0,2.0,0.0,1.0
300,37,19,1,0.0,0.0,1,8.0,24.0,4.0,9.0,10.0,13.0,2.0,15.0,4.0,1.0,0.0,0.0
301,33,16,1,0.0,1.0,2,12.0,10.0,5.0,3.0,14.0,12.0,4.0,6.0,1.0,1.0,0.0,0.0
302,42,27,0,0.0,1.0,2,17.0,7.0,4.0,3.0,16.0,14.0,3.0,6.0,2.0,4.0,0.0,0.0
303,31,45,0,1.0,2.0,2,24.0,10.0,9.0,4.0,9.0,8.0,3.0,4.0,1.0,1.0,1.0,0.0
304,1,47,0,1.0,0.0,0,11.0,13.0,5.0,3.0,11.0,19.0,5.0,4.0,3.0,4.0,0.0,0.0
305,8,29,1,0.0,0.0,1,31.0,11.0,5.0,5.0,7.0,14.0,14.0,4.0,2.0,2.0,0.0,0.0
306,45,1,1,1.0,0.0,0,13.0,13.0,5.0,5.0,13.0,12.0,7.0,11.0,3.0,3.0,0.0,0.0
307,27,33,1,0.0,1.0,2,10.0,16.0,4.0,6.0,10.0,17.0,6.0,7.0,1.0,2.0,0.0,0.0
308,11,8,0,1.0,0.0,0,17.0,9.0,6.0,5.0,14.0,17.0,5.0,4.0,2.0,4.0,0.0,1.0
309,19,42,0,1.0,0.0,0,16.0,14.0,7.0,5.0,9.0,10.0,4.0,5.0,2.0,3.0,0.0,0.0
310,6,27,0,0.0,3.0,2,24.0,8.0,10.0,4.0,16.0,11.0,11.0,3.0,1.0,2.0,0.0,0.0
311,14,31,0,1.0,1.0,1,12.0,11.0,8.0,3.0,12.0,7.0,0.0,4.0,3.0,1.0,0.0,0.0
312,9,33,0,1.0,0.0,0,10.0,9.0,3.0,4.0,14.0,14.0,6.0,3.0,4.0,4.0,0.0,0.0
313,26,28,1,0.0,1.0,2,19.0,10.0,6.0,6.0,6.0,10.0,7.0,4.0,0.0,3.0,0.0,0.0
314,1,42,2,0.0,0.0,1,10.0,9.0,1.0,5.0,11.0,15.0,6.0,4.0,0.0,2.0,1.0,0.0
315,45,11,1,0.0,2.0,2,22.0,11.0,4.0,4.0,11.0,18.0,4.0,4.0,2.0,4.0,0.0,0.0
316,0,8,0,1.0,1.0,1,17.0,9.0,6.0,4.0,9.0,10.0,10.0,4.0,2.0,4.0,0.0,0.0
317,29,18,0,2.0,0.0,0,15.0,23.0,8.0,6.0,13.0,11.0,5.0,8.0,1.0,2.0,0.0,0.0
318,47,19,0,0.0,0.0,1,8.0,23.0,3.0,6.0,7.0,11.0,3.0,4.0,2.0,2.0,0.0,0.0
319,16,27,1,1.0,0.0,0,21.0,8.0,4.0,2.0,20.0,11.0,8.0,6.0,2.0,3.0,0.0,0.0
320,6,37,1,0.0,1.0,2,32.0,13.0,12.0,9.0,12.0,11.0,10.0,3.0,3.0,5.0,0.0,0.0
321,37,0,2,0.0,5.0,2,4.0,22.0,0.0,10.0,11.0,4.0,0.0,7.0,1.0,0.0,0.0,0.0
322,28,29,0,0.0,1.0,2,27.0,3.0,8.0,1.0,5.0,10.0,15.0,2.0,0.0,1.0,0.0,0.0
323,11,6,2,0.0,1.0,2,20.0,10.0,6.0,3.0,8.0,13.0,7.0,2.0,2.0,4.0,0.0,0.0
324,33,26,2,0.0,0.0,1,8.0,22.0,2.0,2.0,11.0,12.0,3.0,12.0,2.0,2.0,0.0,0.0
325,8,14,1,0.0,1.0,2,14.0,17.0,5.0,6.0,10.0,9.0,0.0,6.0,3.0,1.0,0.0,0.0
326,19,9,0,2.0,0.0,0,12.0,15.0,5.0,5.0,16.0,10.0,2.0,6.0,1.0,2.0,0.0,0.0
327,18,45,2,0.0,0.0,1,22.0,12.0,11.0,5.0,9.0,6.0,4.0,5.0,1.0,2.0,0.0,0.0
328,31,47,0,2.0,0.0,0,14.0,12.0,7.0,3.0,8.0,11.0,3.0,5.0,0.0,1.0,0.0,0.0
329,42,16,0,0.0,0.0,1,14.0,4.0,6.0,1.0,7.0,16.0,11.0,1.0,1.0,2.0,0.0,0.0
330,27,1,2,0.0,2.0,2,13.0,12.0,5.0,8.0,8.0,19.0,8.0,6.0,1.0,4.0,0.0,0.0
331,45,8,0,2.0,1.0,0,17.0,14.0,6.0,8.0,5.0,9.0,1.0,7.0,1.0,2.0,0.0,0.0
332,47,37,0,1.0,0.0,0,13.0,12.0,2.0,4.0,8.0,4.0,5.0,6.0,2.0,1.0,0.0,0.0
333,1,33,0,3.0,1.0,0,16.0,10.0,6.0,3.0,7.0,16.0,7.0,2.0,1.0,2.0,0.0,0.0
334,29,19,2,0.0,0.0,1,21.0,17.0,9.0,5.0,6.0,11.0,10.0,9.0,2.0,5.0,0.0,0.0
335,9,18,1,0.0,0.0,1,23.0,6.0,7.0,3.0,9.0,14.0,11.0,3.0,2.0,3.0,1.0,0.0
336,6,28,2,0.0,1.0,2,13.0,15.0,4.0,6.0,14.0,6.0,3.0,8.0,2.0,2.0,0.0,0.0
337,16,11,0,0.0,0.0,1,15.0,2.0,6.0,0.0,8.0,13.0,12.0,3.0,3.0,1.0,0.0,1.0
338,0,31,0,2.0,0.0,0,18.0,3.0,8.0,2.0,15.0,6.0,9.0,0.0,1.0,0.0,0.0,0.0
339,26,27,0,0.0,1.0,2,29.0,12.0,13.0,3.0,15.0,14.0,13.0,4.0,1.0,4.0,0.0,0.0
340,28,8,0,0.0,0.0,1,25.0,6.0,11.0,2.0,12.0,6.0,10.0,1.0,2.0,4.0,0.0,0.0
341,18,16,1,0.0,0.0,1,19.0,10.0,4.0,4.0,8.0,12.0,3.0,6.0,0.0,2.0,0.0,0.0
342,27,29,2,1.0,2.0,2,22.0,21.0,4.0,9.0,7.0,21.0,8.0,6.0,3.0,5.0,0.0,0.0
343,37,9,2,0.0,2.0,2,6.0,24.0,1.0,10.0,3.0,5.0,5.0,10.0,1.0,4.0,1.0,0.0
344,11,0,2,0.0,2.0,2,8.0,16.0,0.0,7.0,11.0,8.0,4.0,6.0,2.0,1.0,0.0,0.0
345,42,47,2,0.0,1.0,2,15.0,12.0,4.0,7.0,8.0,13.0,10.0,4.0,0.0,1.0,0.0,0.0
346,8,26,2,0.0,1.0,2,15.0,15.0,6.0,8.0,4.0,18.0,1.0,6.0,2.0,1.0,0.0,0.0
347,19,1,2,0.0,1.0,2,15.0,12.0,4.0,3.0,11.0,6.0,4.0,4.0,5.0,2.0,0.0,0.0
348,31,6,1,0.0,0.0,1,17.0,12.0,5.0,7.0,9.0,22.0,4.0,2.0,1.0,3.0,0.0,0.0
349,28,14,1,0.0,1.0,2,31.0,9.0,5.0,6.0,7.0,12.0,12.0,1.0,1.0,3.0,0.0,0.0
350,33,45,0,1.0,0.0,0,19.0,10.0,8.0,3.0,13.0,15.0,5.0,3.0,4.0,4.0,0.0,1.0
351,16,14,2,1.0,0.0,0,13.0,14.0,4.0,5.0,14.0,7.0,1.0,7.0,2.0,2.0,0.0,0.0
352,45,0,2,0.0,4.0,2,5.0,25.0,1.0,12.0,17.0,11.0,2.0,6.0,4.0,0.0,0.0,0.0
353,1,29,2,0.0,1.0,2,23.0,17.0,10.0,5.0,9.0,7.0,10.0,8.0,3.0,2.0,0.0,0.0
354,28,18,0,0.0,0.0,1,19.0,5.0,3.0,1.0,6.0,11.0,9.0,0.0,0.0,2.0,0.0,0.0
355,33,31,2,2.0,2.0,1,13.0,7.0,3.0,5.0,9.0,6.0,4.0,4.0,1.0,2.0,0.0,0.0
356,26,11,0,1.0,1.0,1,25.0,9.0,10.0,4.0,11.0,13.0,9.0,3.0,3.0,2.0,0.0,0.0
357,27,37,2,0.0,2.0,2,20.0,7.0,5.0,3.0,7.0,12.0,13.0,1.0,1.0,2.0,0.0,0.0
358,47,8,2,0.0,1.0,2,17.0,9.0,5.0,6.0,11.0,9.0,7.0,4.0,2.0,3.0,0.0,0.0
359,19,6,0,2.0,0.0,0,7.0,25.0,6.0,4.0,11.0,11.0,1.0,14.0,1.0,2.0,0.0,0.0
360,42,9,0,0.0,1.0,2,16.0,6.0,6.0,3.0,14.0,13.0,9.0,6.0,2.0,3.0,0.0,0.0
361,8,28,2,1.0,1.0,1,9.0,25.0,3.0,15.0,2.0,4.0,8.0,13.0,1.0,0.0,0.0,0.0
362,0,26,0,1.0,1.0,1,15.0,10.0,7.0,1.0,11.0,11.0,2.0,4.0,6.0,2.0,0.0,1.0
363,6,33,1,1.0,1.0,1,9.0,8.0,2.0,6.0,19.0,12.0,11.0,6.0,3.0,2.0,1.0,0.0
364,29,45,0,1.0,0.0,0,12.0,22.0,5.0,3.0,10.0,5.0,5.0,8.0,0.0,1.0,0.0,0.0
365,14,47,2,1.0,2.0,2,15.0,14.0,6.0,7.0,15.0,11.0,10.0,1.0,3.0,2.0,0.0,0.0
366,18,42,1,1.0,2.0,2,14.0,9.0,5.0,6.0,8.0,14.0,9.0,5.0,3.0,0.0,0.0,0.0
367,11,19,1,0.0,2.0,2,12.0,15.0,4.0,7.0,11.0,7.0,2.0,13.0,2.0,2.0,0.0,0.0
368,37,1,2,0.0,4.0,2,10.0,14.0,5.0,10.0,10.0,7.0,3.0,4.0,1.0,0.0,0.0,0.0
369,31,27,1,2.0,2.0,1,19.0,11.0,6.0,8.0,13.0,16.0,8.0,2.0,2.0,2.0,0.0,0.0
370,9,16,0,3.0,0.0,0,13.0,7.0,6.0,5.0,8.0,14.0,3.0,2.0,1.0,3.0,0.0,0.0
371,45,6,1,0.0,1.0,2,9.0,9.0,3.0,4.0,13.0,11.0,1.0,5.0,1.0,3.0,0.0,0.0
372,47,29,2,0.0,2.0,2,16.0,21.0,7.0,8.0,10.0,10.0,4.0,5.0,2.0,5.0,0.0,0.0
373,28,11,0,2.0,0.0,0,14.0,8.0,4.0,3.0,3.0,13.0,7.0,3.0,2.0,2.0,0.0,0.0
374,42,8,0,0.0,1.0,2,19.0,9.0,5.0,5.0,13.0,15.0,5.0,3.0,2.0,3.0,0.0,0.0
375,26,14,0,2.0,0.0,0,28.0,4.0,13.0,3.0,15.0,16.0,8.0,1.0,2.0,4.0,0.0,0.0
376,33,0,2,0.0,0.0,1,9.0,19.0,3.0,3.0,6.0,7.0,2.0,11.0,0.0,1.0,0.0,0.0
377,16,37,0,2.0,2.0,1,12.0,9.0,4.0,5.0,8.0,18.0,11.0,1.0,1.0,4.0,0.0,0.0
378,1,31,2,0.0,2.0,2,12.0,14.0,6.0,5.0,14.0,12.0,8.0,7.0,4.0,1.0,0.0,0.0
379,19,18,1,0.0,0.0,1,25.0,21.0,6.0,4.0,6.0,13.0,15.0,6.0,1.0,2.0,0.0,0.0
380,27,9,0,3.0,0.0,0,18.0,9.0,8.0,2.0,13.0,14.0,7.0,4.0,2.0,2.0,0.0,0.0
381,9,47,1,0.0,0.0,1,11.0,8.0,4.0,3.0,10.0,13.0,8.0,2.0,1.0,4.0,0.0,0.0
382,37,45,1,1.0,1.0,1,21.0,16.0,6.0,5.0,11.0,10.0,4.0,1.0,3.0,1.0,1.0,1.0
383,6,26,2,0.0,0.0,1,11.0,14.0,1.0,7.0,9.0,12.0,8.0,5.0,1.0,2.0,0.0,0.0
384,8,33,0,1.0,1.0,1,11.0,12.0,5.0,3.0,10.0,14.0,6.0,4.0,1.0,3.0,0.0,0.0
385,0,16,0,2.0,0.0,0,21.0,12.0,6.0,5.0,8.0,12.0,6.0,7.0,0.0,0.0,0.0,0.0
386,18,1,1,0.0,0.0,1,10.0,16.0,2.0,5.0,13.0,14.0,4.0,5.0,1.0,4.0,0.0,0.0
387,29,42,1,2.0,1.0,0,9.0,16.0,2.0,6.0,8.0,5.0,8.0,13.0,2.0,1.0,0.0,0.0
388,14,19,0,1.0,0.0,0,17.0,14.0,3.0,4.0,13.0,9.0,6.0,4.0,5.0,1.0,0.0,0.0
389,31,28,2,2.0,1.0,0,12.0,27.0,5.0,11.0,7.0,7.0,3.0,13.0,1.0,2.0,0.0,0.0
390,11,27,1,1.0,0.0,0,13.0,14.0,7.0,5.0,7.0,12.0,2.0,8.0,1.0,0.0,0.0,0.0
391,45,9,1,0.0,0.0,1,6.0,22.0,2.0,8.0,4.0,6.0,2.0,0.0,1.0,0.0,0.0,0.0
392,26,31,0,0.0,0.0,1,34.0,5.0,15.0,3.0,16.0,15.0,7.0,3.0,3.0,5.0,0.0,0.0
393,19,0,0,1.0,1.0,1,15.0,13.0,4.0,3.0,11.0,10.0,5.0,4.0,4.0,1.0,0.0,0.0
394,42,6,0,1.0,0.0,0,12.0,24.0,6.0,4.0,9.0,18.0,4.0,13.0,3.0,3.0,0.0,0.0
395,16,8,0,2.0,1.0,0,13.0,9.0,6.0,4.0,14.0,10.0,7.0,4.0,0.0,1.0,0.0,0.0
396,33,29,0,0.0,0.0,1,8.0,10.0,2.0,5.0,9.0,11.0,4.0,5.0,2.0,4.0,0.0,0.0
397,28,37,0,1.0,0.0,0,18.0,4.0,4.0,2.0,5.0,6.0,12.0,2.0,1.0,1.0,0.0,0.0
398,47,18,0,1.0,0.0,0,12.0,10.0,6.0,0.0,9.0,14.0,5.0,2.0,2.0,3.0,0.0,0.0
399,27,14,2,0.0,2.0,2,15.0,12.0,6.0,8.0,14.0,21.0,7.0,2.0,2.0,2.0,0.0,0.0
400,1,11,0,2.0,1.0,0,19.0,9.0,7.0,5.0,9.0,14.0,6.0,2.0,4.0,1.0,0.0,1.0
401,9,42,0,2.0,0.0,0,15.0,19.0,9.0,3.0,18.0,6.0,7.0,6.0,3.0,2.0,0.0,0.0
402,0,45,2,0.0,1.0,2,30.0,6.0,8.0,3.0,8.0,8.0,10.0,3.0,2.0,0.0,0.0,0.0
403,18,28,2,1.0,0.0,0,7.0,23.0,2.0,9.0,13.0,5.0,8.0,4.0,4.0,2.0,0.0,0.0
404,14,16,0,1.0,1.0,1,9.0,13.0,4.0,5.0,13.0,16.0,4.0,3.0,3.0,2.0,0.0,0.0
405,8,47,2,1.0,3.0,2,14.0,11.0,4.0,5.0,5.0,14.0,8.0,2.0,1.0,1.0,0.0,0.0
406,31,33,2,1.0,1.0,1,19.0,15.0,7.0,6.0,10.0,11.0,10.0,2.0,3.0,3.0,0.0,0.0
407,37,27,2,0.0,1.0,2,21.0,12.0,6.0,4.0,13.0,13.0,9.0,4.0,5.0,0.0,0.0,0.0
408,6,19,0,1.0,0.0,0,16.0,8.0,4.0,3.0,10.0,10.0,6.0,5.0,0.0,2.0,0.0,0.0
409,29,1,0,0.0,2.0,2,13.0,10.0,7.0,4.0,10.0,10.0,3.0,6.0,1.0,3.0,0.0,0.0
410,11,26,2,0.0,1.0,2,9.0,19.0,0.0,10.0,7.0,10.0,4.0,4.0,2.0,1.0,0.0,0.0
411,47,14,0,0.0,0.0,1,14.0,16.0,6.0,5.0,11.0,9.0,10.0,6.0,3.0,5.0,0.0,0.0
412,42,18,0,2.0,0.0,0,13.0,18.0,6.0,8.0,6.0,18.0,3.0,8.0,1.0,4.0,0.0,0.0
413,26,0,1,1.0,1.0,1,13.0,13.0,3.0,2.0,13.0,14.0,4.0,5.0,2.0,5.0,0.0,0.0
414,33,6,2,0.0,0.0,1,11.0,18.0,5.0,7.0,10.0,10.0,6.0,6.0,0.0,3.0,1.0,0.0
415,45,29,0,0.0,0.0,1,12.0,11.0,5.0,3.0,13.0,15.0,4.0,4.0,2.0,3.0,0.0,0.0
416,27,31,0,1.0,0.0,0,16.0,15.0,5.0,2.0,11.0,5.0,6.0,7.0,2.0,1.0,0.0,0.0
417,19,11,2,0.0,0.0,1,19.0,7.0,5.0,2.0,5.0,17.0,8.0,6.0,2.0,1.0,0.0,0.0
418,1,37,1,0.0,0.0,1,12.0,5.0,4.0,2.0,11.0,16.0,9.0,1.0,3.0,3.0,0.0,0.0
419,16,9,1,1.0,0.0,0,11.0,18.0,3.0,6.0,12.0,11.0,3.0,1.0,5.0,2.0,0.0,0.0
420,8,1,2,1.0,0.0,0,4.0,15.0,3.0,5.0,19.0,6.0,7.0,12.0,6.0,4.0,1.0,1.0
421,26,29,1,0.0,0.0,1,34.0,6.0,8.0,1.0,13.0,8.0,12.0,0.0,2.0,4.0,0.0,1.0
422,45,47,0,2.0,0.0,0,13.0,14.0,4.0,3.0,12.0,15.0,6.0,6.0,3.0,1.0,0.0,0.0
423,0,9,0,0.0,0.0,1,26.0,6.0,9.0,1.0,11.0,9.0,10.0,1.0,1.0,3.0,0.0,0.0
424,31,19,0,0.0,0.0,1,27.0,6.0,10.0,4.0,7.0,12.0,5.0,1.0,0.0,2.0,0.0,1.0
425,11,18,2,0.0,2.0,2,14.0,9.0,2.0,6.0,9.0,8.0,8.0,6.0,0.0,1.0,0.0,0.0
426,14,37,0,0.0,0.0,1,15.0,6.0,6.0,1.0,9.0,14.0,7.0,6.0,1.0,3.0,0.0,0.0
427,28,16,1,1.0,0.0,0,19.0,5.0,9.0,2.0,12.0,9.0,6.0,1.0,1.0,1.0,0.0,0.0
428,33,42,2,0.0,1.0,2,15.0,12.0,1.0,6.0,16.0,11.0,6.0,4.0,2.0,4.0,0.0,1.0
429,27,28,2,1.0,0.0,0,4.0,18.0,2.0,6.0,16.0,6.0,6.0,3.0,2.0,1.0,0.0,0.0
430,42,31,0,2.0,0.0,0,23.0,9.0,12.0,3.0,10.0,12.0,3.0,6.0,1.0,3.0,0.0,0.0
431,19,45,0,3.0,0.0,0,14.0,9.0,8.0,5.0,5.0,10.0,3.0,6.0,2.0,1.0,0.0,0.0
432,18,14,0,0.0,0.0,1,9.0,16.0,5.0,4.0,12.0,12.0,4.0,8.0,2.0,2.0,0.0,0.0
433,47,33,1,1.0,1.0,1,10.0,8.0,4.0,2.0,9.0,11.0,4.0,3.0,0.0,1.0,0.0,0.0
434,1,0,0,1.0,0.0,0,10.0,12.0,3.0,5.0,16.0,11.0,3.0,3.0,4.0,2.0,0.0,0.0
435,9,11,1,0.0,1.0,2,29.0,6.0,11.0,3.0,5.0,8.0,9.0,1.0,0.0,4.0,0.0,0.0
436,29,6,2,0.0,1.0,2,20.0,10.0,3.0,4.0,7.0,10.0,10.0,4.0,3.0,1.0,0.0,0.0
437,16,26,2,0.0,0.0,1,8.0,14.0,4.0,2.0,17.0,17.0,6.0,5.0,5.0,2.0,1.0,0.0
438,37,8,0,1.0,0.0,0,9.0,10.0,4.0,4.0,14.0,13.0,3.0,4.0,5.0,1.0,0.0,0.0
439,42,45,2,1.0,0.0,0,23.0,11.0,7.0,5.0,11.0,12.0,8.0,4.0,3.0,3.0,0.0,0.0
440,18,31,0,0.0,0.0,1,21.0,13.0,6.0,3.0,18.0,8.0,5.0,2.0,3.0,0.0,0.0,0.0
441,1,28,0,0.0,0.0,1,22.0,2.0,7.0,2.0,13.0,13.0,6.0,0.0,2.0,2.0,0.0,0.0
442,9,8,0,1.0,1.0,1,18.0,8.0,7.0,2.0,10.0,8.0,7.0,3.0,3.0,1.0,0.0,0.0
443,37,26,2,0.0,1.0,2,6.0,15.0,1.0,8.0,12.0,8.0,2.0,12.0,2.0,3.0,0.0,0.0
444,29,14,0,1.0,1.0,1,28.0,13.0,9.0,3.0,12.0,12.0,12.0,4.0,4.0,0.0,0.0,0.0
445,19,33,0,2.0,0.0,0,14.0,4.0,6.0,1.0,7.0,10.0,6.0,1.0,0.0,1.0,0.0,0.0
446,16,6,2,0.0,1.0,2,16.0,11.0,3.0,4.0,10.0,17.0,3.0,9.0,1.0,3.0,0.0,0.0
447,27,0,2,1.0,2.0,2,6.0,23.0,4.0,9.0,14.0,7.0,3.0,8.0,2.0,1.0,0.0,0.0
448,47,11,0,1.0,0.0,0,7.0,12.0,4.0,3.0,11.0,15.0,6.0,8.0,2.0,4.0,0.0,0.0
449,45,16,1,1.0,0.0,0,9.0,9.0,3.0,2.0,17.0,7.0,2.0,3.0,2.0,0.0,0.0,0.0
450,28,42,1,2.0,1.0,0,18.0,8.0,4.0,4.0,14.0,14.0,10.0,8.0,4.0,4.0,0.0,0.0
451,6,1,1,1.0,1.0,1,15.0,11.0,7.0,3.0,16.0,12.0,7.0,7.0,5.0,3.0,0.0,0.0
452,26,19,0,2.0,2.0,1,26.0,9.0,12.0,5.0,6.0,7.0,3.0,4.0,0.0,0.0,0.0,0.0
453,14,9,0,2.0,1.0,0,8.0,18.0,5.0,9.0,16.0,12.0,5.0,8.0,3.0,5.0,1.0,0.0
454,8,27,0,0.0,0.0,1,27.0,7.0,6.0,1.0,10.0,8.0,7.0,5.0,1.0,2.0,0.0,0.0
455,31,29,0,0.0,0.0,1,22.0,8.0,4.0,1.0,6.0,13.0,7.0,3.0,1.0,2.0,0.0,0.0
456,0,47,0,2.0,0.0,0,19.0,6.0,6.0,3.0,10.0,10.0,4.0,0.0,1.0,2.0,0.0,0.0
457,11,37,0,2.0,0.0,0,19.0,6.0,7.0,3.0,9.0,12.0,6.0,1.0,2.0,5.0,0.0,1.0
458,33,18,2,0.0,0.0,1,13.0,12.0,2.0,3.0,15.0,14.0,4.0,3.0,1.0,0.0,0.0,0.0
459,19,47,0,1.0,1.0,1,12.0,10.0,6.0,6.0,13.0,13.0,6.0,2.0,2.0,2.0,0.0,0.0
460,42,1,2,1.0,1.0,1,18.0,15.0,8.0,5.0,11.0,13.0,9.0,3.0,0.0,4.0,0.0,0.0
461,18,29,2,0.0,1.0,2,24.0,9.0,6.0,4.0,10.0,8.0,6.0,5.0,3.0,0.0,0.0,0.0
462,37,6,2,0.0,2.0,2,10.0,23.0,2.0,11.0,6.0,8.0,4.0,7.0,4.0,1.0,0.0,0.0
463,31,14,0,1.0,1.0,1,14.0,7.0,5.0,4.0,13.0,19.0,4.0,2.0,4.0,4.0,0.0,1.0
464,33,9,2,1.0,2.0,2,18.0,11.0,5.0,5.0,12.0,7.0,6.0,4.0,2.0,4.0,0.0,1.0
465,11,45,2,0.0,0.0,1,11.0,11.0,5.0,3.0,11.0,7.0,4.0,5.0,1.0,3.0,0.0,0.0
466,27,16,0,0.0,0.0,1,8.0,16.0,3.0,8.0,15.0,12.0,4.0,5.0,6.0,1.0,0.0,0.0
467,8,0,2,0.0,0.0,1,9.0,15.0,3.0,4.0,9.0,7.0,1.0,8.0,1.0,1.0,0.0,0.0
468,28,26,1,1.0,0.0,0,16.0,8.0,5.0,3.0,9.0,11.0,9.0,6.0,1.0,3.0,0.0,0.0
469,45,33,0,1.0,1.0,1,16.0,10.0,6.0,5.0,9.0,12.0,9.0,4.0,2.0,2.0,0.0,0.0
470,1,19,0,2.0,0.0,0,12.0,9.0,6.0,5.0,4.0,17.0,2.0,2.0,2.0,5.0,0.0,0.0
471,26,8,0,1.0,0.0,0,17.0,16.0,10.0,3.0,16.0,12.0,6.0,8.0,1.0,2.0,0.0,0.0
472,14,28,1,2.0,2.0,1,17.0,15.0,9.0,10.0,12.0,15.0,3.0,3.0,5.0,3.0,0.0,0.0
473,9,37,1,1.0,0.0,0,11.0,9.0,6.0,1.0,13.0,16.0,6.0,3.0,3.0,2.0,1.0,0.0
474,29,27,0,0.0,0.0,1,15.0,10.0,4.0,4.0,9.0,11.0,11.0,3.0,0.0,2.0,0.0,0.0
475,47,42,0,0.0,1.0,2,17.0,6.0,4.0,2.0,19.0,15.0,11.0,3.0,4.0,3.0,0.0,0.0
476,0,11,0,1.0,0.0,0,16.0,8.0,6.0,5.0,8.0,9.0,3.0,3.0,0.0,1.0,1.0,0.0
477,16,18,2,1.0,1.0,1,13.0,8.0,4.0,4.0,9.0,18.0,9.0,2.0,1.0,4.0,0.0,0.0
478,6,31,0,0.0,0.0,1,19.0,8.0,10.0,5.0,10.0,4.0,6.0,5.0,2.0,1.0,0.0,0.0
479,42,14,2,1.0,1.0,1,8.0,17.0,5.0,8.0,12.0,21.0,1.0,6.0,1.0,5.0,2.0,0.0
480,33,1,0,1.0,0.0,0,5.0,13.0,3.0,3.0,6.0,9.0,0.0,10.0,1.0,1.0,0.0,0.0
481,27,26,1,0.0,0.0,1,8.0,24.0,5.0,6.0,7.0,13.0,4.0,7.0,1.0,1.0,0.0,0.0
482,37,47,0,0.0,0.0,1,11.0,10.0,2.0,3.0,13.0,10.0,4.0,4.0,2.0,3.0,0.0,0.0
483,11,16,2,0.0,1.0,2,17.0,4.0,5.0,3.0,9.0,12.0,12.0,1.0,0.0,5.0,0.0,0.0
484,28,6,0,3.0,0.0,0,21.0,5.0,8.0,1.0,8.0,9.0,12.0,1.0,0.0,1.0,0.0,0.0
485,19,29,2,0.0,0.0,1,18.0,12.0,3.0,5.0,9.0,15.0,9.0,4.0,5.0,2.0,0.0,0.0
486,31,0,0,0.0,0.0,1,9.0,14.0,2.0,1.0,14.0,9.0,0.0,11.0,5.0,1.0,0.0,0.0
487,18,9,1,1.0,0.0,0,10.0,7.0,4.0,2.0,15.0,5.0,3.0,3.0,4.0,2.0,0.0,0.0
488,8,45,0,1.0,2.0,2,16.0,12.0,4.0,2.0,12.0,14.0,4.0,3.0,1.0,4.0,0.0,0.0
489,26,33,0,2.0,0.0,0,21.0,9.0,8.0,1.0,9.0,13.0,8.0,3.0,2.0,3.0,0.0,0.0
490,9,19,1,1.0,0.0,0,18.0,10.0,7.0,5.0,12.0,8.0,7.0,3.0,0.0,3.0,0.0,0.0
491,1,27,0,1.0,0.0,0,17.0,7.0,6.0,1.0,11.0,10.0,6.0,4.0,3.0,2.0,0.0,0.0
492,29,28,2,0.0,1.0,2,7.0,21.0,3.0,10.0,9.0,4.0,7.0,12.0,4.0,1.0,0.0,0.0
493,45,18,2,0.0,0.0,1,12.0,10.0,2.0,4.0,7.0,11.0,4.0,3.0,4.0,1.0,0.0,0.0
494,6,11,0,1.0,1.0,1,13.0,6.0,6.0,3.0,9.0,12.0,10.0,5.0,2.0,3.0,0.0,0.0
495,0,37,0,1.0,0.0,0,13.0,2.0,8.0,0.0,9.0,13.0,6.0,1.0,0.0,3.0,0.0,0.0
496,14,8,2,0.0,0.0,1,17.0,7.0,2.0,5.0,12.0,7.0,10.0,1.0,1.0,4.0,0.0,0.0
497,47,31,1,1.0,2.0,2,11.0,13.0,6.0,5.0,13.0,15.0,8.0,7.0,1.0,4.0,0.0,0.0
498,16,42,2,0.0,0.0,1,13.0,10.0,3.0,1.0,19.0,11.0,11.0,2.0,2.0,1.0,0.0,0.0
499,42,19,0,1.0,0.0,0,15.0,10.0,5.0,3.0,10.0,14.0,3.0,5.0,2.0,0.0,0.0,0.0
500,1,45,0,1.0,0.0,0,15.0,14.0,7.0,4.0,9.0,15.0,8.0,7.0,0.0,1.0,0.0,0.0
501,28,9,0,2.0,0.0,0,10.0,5.0,6.0,3.0,9.0,11.0,2.0,2.0,2.0,2.0,1.0,0.0
502,6,47,2,1.0,0.0,0,7.0,20.0,4.0,7.0,15.0,10.0,3.0,12.0,2.0,6.0,1.0,0.0
503,8,11,0,1.0,0.0,0,23.0,6.0,10.0,1.0,14.0,12.0,5.0,5.0,5.0,2.0,0.0,1.0
504,37,29,2,1.0,1.0,1,12.0,14.0,6.0,5.0,12.0,10.0,5.0,4.0,3.0,1.0,0.0,0.0
505,33,27,1,0.0,0.0,1,19.0,13.0,8.0,4.0,12.0,11.0,4.0,2.0,3.0,0.0,0.0,0.0
506,14,0,1,1.0,0.0,0,11.0,13.0,5.0,3.0,7.0,14.0,2.0,7.0,3.0,3.0,0.0,0.0
507,26,18,0,0.0,0.0,1,26.0,6.0,6.0,1.0,9.0,9.0,12.0,4.0,1.0,1.0,0.0,1.0
508,31,16,0,3.0,0.0,0,10.0,17.0,7.0,3.0,7.0,12.0,6.0,8.0,2.0,3.0,0.0,0.0
509,9,26,1,1.0,2.0,2,14.0,14.0,3.0,4.0,12.0,20.0,8.0,1.0,1.0,2.0,0.0,0.0
510,47,1,1,0.0,0.0,1,8.0,18.0,3.0,4.0,19.0,9.0,2.0,10.0,2.0,2.0,1.0,0.0
511,0,28,0,0.0,0.0,1,12.0,4.0,2.0,1.0,8.0,7.0,5.0,4.0,2.0,3.0,0.0,0.0
512,45,31,1,1.0,0.0,0,5.0,10.0,3.0,3.0,11.0,18.0,4.0,2.0,3.0,3.0,0.0,0.0
513,16,33,1,0.0,0.0,1,8.0,16.0,2.0,5.0,7.0,12.0,3.0,7.0,0.0,1.0,0.0,0.0
514,27,42,2,0.0,0.0,1,12.0,15.0,2.0,4.0,16.0,7.0,5.0,6.0,2.0,1.0,0.0,1.0
515,19,37,0,0.0,0.0,1,20.0,5.0,6.0,2.0,8.0,10.0,9.0,4.0,1.0,2.0,0.0,0.0
516,18,6,0,2.0,0.0,0,25.0,11.0,8.0,4.0,14.0,15.0,8.0,7.0,1.0,2.0,0.0,0.0
517,11,14,2,1.0,1.0,1,10.0,9.0,3.0,5.0,11.0,8.0,7.0,3.0,2.0,4.0,0.0,0.0
518,29,8,0,0.0,1.0,2,21.0,11.0,8.0,3.0,10.0,17.0,7.0,5.0,0.0,5.0,0.0,0.0
519,27,11,2,0.0,1.0,2,18.0,14.0,3.0,4.0,14.0,6.0,7.0,6.0,4.0,2.0,0.0,0.0
520,19,14,2,0.0,2.0,2,10.0,11.0,3.0,4.0,15.0,12.0,8.0,1.0,1.0,4.0,0.0,0.0
521,33,8,1,0.0,0.0,1,6.0,18.0,1.0,5.0,6.0,10.0,1.0,11.0,1.0,2.0,1.0,0.0
522,6,0,2,0.0,2.0,2,8.0,15.0,1.0,8.0,11.0,10.0,6.0,6.0,0.0,1.0,0.0,0.0
523,18,27,2,1.0,2.0,2,23.0,9.0,5.0,2.0,8.0,10.0,3.0,6.0,0.0,1.0,0.0,0.0
524,31,11,0,1.0,0.0,0,20.0,8.0,8.0,2.0,7.0,15.0,5.0,3.0,1.0,3.0,0.0,0.0
525,45,37,0,2.0,0.0,0,20.0,16.0,9.0,2.0,6.0,9.0,7.0,4.0,1.0,1.0,0.0,0.0
526,1,9,0,3.0,0.0,0,19.0,11.0,9.0,3.0,19.0,21.0,1.0,3.0,4.0,4.0,0.0,0.0
527,47,28,0,1.0,0.0,0,3.0,23.0,1.0,8.0,18.0,12.0,0.0,6.0,5.0,4.0,0.0,0.0
528,42,26,0,1.0,1.0,1,24.0,12.0,8.0,4.0,11.0,17.0,12.0,5.0,5.0,4.0,0.0,2.0
529,29,16,2,0.0,1.0,2,19.0,8.0,4.0,2.0,10.0,8.0,10.0,4.0,3.0,2.0,0.0,0.0
530,26,45,0,1.0,1.0,1,22.0,11.0,7.0,4.0,12.0,13.0,7.0,4.0,0.0,2.0,0.0,0.0
531,14,1,2,0.0,0.0,1,10.0,15.0,4.0,7.0,9.0,11.0,5.0,11.0,2.0,3.0,0.0,0.0
532,0,42,1,1.0,1.0,1,13.0,13.0,6.0,5.0,12.0,19.0,11.0,4.0,3.0,4.0,0.0,0.0
533,9,6,0,1.0,1.0,1,13.0,12.0,4.0,4.0,12.0,17.0,4.0,4.0,3.0,3.0,0.0,0.0
534,37,31,2,0.0,3.0,2,9.0,22.0,1.0,15.0,12.0,8.0,2.0,6.0,3.0,0.0,0.0,0.0
535,28,33,0,2.0,0.0,0,7.0,10.0,4.0,3.0,5.0,17.0,6.0,6.0,3.0,7.0,1.0,0.0
536,8,18,2,1.0,1.0,1,12.0,18.0,2.0,6.0,9.0,12.0,1.0,4.0,2.0,2.0,0.0,0.0
537,27,47,1,0.0,0.0,1,20.0,3.0,4.0,3.0,12.0,17.0,10.0,1.0,0.0,2.0,0.0,1.0
538,16,19,1,0.0,0.0,1,7.0,10.0,3.0,5.0,10.0,15.0,3.0,2.0,3.0,2.0,0.0,0.0
539,11,29,2,0.0,1.0,2,12.0,11.0,4.0,4.0,6.0,12.0,9.0,5.0,1.0,2.0,0.0,0.0
540,33,11,1,0.0,1.0,2,14.0,10.0,4.0,3.0,16.0,10.0,5.0,4.0,2.0,3.0,0.0,1.0
541,6,14,1,0.0,0.0,1,13.0,14.0,4.0,6.0,15.0,20.0,1.0,7.0,1.0,5.0,0.0,0.0
542,18,0,2,0.0,0.0,1,8.0,13.0,1.0,4.0,12.0,10.0,1.0,11.0,1.0,1.0,0.0,0.0
543,47,26,2,1.0,0.0,0,11.0,16.0,2.0,6.0,10.0,4.0,4.0,4.0,1.0,3.0,0.0,0.0
544,45,28,2,1.0,0.0,0,6.0,29.0,3.0,15.0,7.0,11.0,4.0,11.0,3.0,2.0,0.0,0.0
545,1,16,0,0.0,0.0,1,16.0,6.0,5.0,3.0,13.0,9.0,4.0,2.0,5.0,3.0,0.0,0.0
546,19,27,0,0.0,0.0,1,13.0,7.0,2.0,2.0,6.0,14.0,6.0,2.0,2.0,2.0,0.0,0.0
547,29,9,2,0.0,1.0,2,14.0,10.0,4.0,8.0,8.0,9.0,8.0,1.0,2.0,2.0,0.0,0.0
548,42,37,0,0.0,0.0,1,28.0,7.0,10.0,5.0,13.0,14.0,15.0,2.0,6.0,5.0,0.0,1.0
549,31,8,0,0.0,0.0,1,9.0,11.0,2.0,2.0,8.0,12.0,8.0,3.0,3.0,5.0,0.0,0.0
550,16,47,0,0.0,0.0,1,16.0,12.0,11.0,4.0,12.0,12.0,4.0,2.0,1.0,3.0,0.0,0.0
551,26,1,0,2.0,0.0,0,17.0,9.0,4.0,3.0,12.0,7.0,7.0,3.0,0.0,1.0,0.0,0.0
552,0,29,0,1.0,1.0,1,17.0,10.0,5.0,2.0,8.0,7.0,12.0,3.0,2.0,3.0,0.0,0.0
553,11,42,2,1.0,2.0,2,16.0,20.0,4.0,10.0,15.0,9.0,7.0,4.0,4.0,3.0,0.0,0.0
554,28,19,0,2.0,1.0,0,7.0,6.0,5.0,4.0,12.0,12.0,4.0,5.0,2.0,4.0,0.0,0.0
555,9,31,0,1.0,0.0,0,15.0,9.0,6.0,2.0,14.0,17.0,5.0,3.0,4.0,4.0,0.0,0.0
556,14,33,2,0.0,0.0,1,21.0,7.0,2.0,3.0,10.0,9.0,8.0,0.0,3.0,4.0,0.0,0.0
557,8,6,1,1.0,1.0,1,21.0,12.0,7.0,5.0,6.0,13.0,5.0,2.0,1.0,2.0,0.0,0.0
558,37,18,1,2.0,1.0,0,13.0,16.0,8.0,6.0,11.0,13.0,4.0,6.0,1.0,2.0,0.0,0.0
559,27,45,2,0.0,1.0,2,16.0,9.0,1.0,3.0,8.0,13.0,9.0,6.0,1.0,1.0,0.0,0.0
560,37,28,2,0.0,0.0,1,6.0,30.0,2.0,9.0,11.0,2.0,1.0,12.0,3.0,0.0,0.0,0.0
561,31,26,2,1.0,0.0,0,23.0,9.0,8.0,4.0,16.0,10.0,5.0,9.0,1.0,2.0,0.0,1.0
562,11,1,2,0.0,2.0,2,9.0,16.0,2.0,6.0,12.0,11.0,4.0,6.0,2.0,0.0,0.0,0.0
563,29,33,0,1.0,2.0,2,18.0,9.0,9.0,4.0,13.0,11.0,11.0,3.0,4.0,4.0,0.0,1.0
564,9,45,2,0.0,1.0,2,25.0,12.0,10.0,3.0,10.0,9.0,17.0,4.0,1.0,3.0,0.0,0.0
565,8,16,1,1.0,0.0,0,12.0,15.0,1.0,5.0,9.0,15.0,8.0,6.0,0.0,0.0,0.0,0.0
566,0,19,1,0.0,1.0,2,19.0,8.0,11.0,3.0,6.0,5.0,8.0,3.0,0.0,3.0,0.0,1.0
567,6,42,2,0.0,1.0,2,11.0,17.0,3.0,6.0,18.0,11.0,6.0,2.0,1.0,3.0,0.0,0.0
568,18,47,2,0.0,0.0,1,15.0,11.0,7.0,2.0,10.0,14.0,7.0,0.0,3.0,4.0,0.0,0.0
569,14,27,0,1.0,0.0,0,19.0,11.0,8.0,1.0,15.0,12.0,6.0,4.0,2.0,3.0,0.0,0.0
570,16,0,2,0.0,0.0,1,14.0,14.0,2.0,3.0,14.0,10.0,1.0,8.0,2.0,1.0,0.0,1.0
571,45,14,0,1.0,1.0,1,12.0,17.0,6.0,4.0,12.0,9.0,3.0,9.0,2.0,3.0,1.0,0.0
572,1,18,0,2.0,0.0,0,13.0,9.0,7.0,2.0,8.0,12.0,7.0,6.0,3.0,4.0,0.0,0.0
573,26,6,0,2.0,1.0,0,26.0,13.0,10.0,5.0,11.0,13.0,10.0,2.0,1.0,3.0,1.0,0.0
574,47,9,2,0.0,1.0,2,16.0,16.0,5.0,8.0,14.0,11.0,5.0,3.0,3.0,6.0,1.0,0.0
575,28,31,0,1.0,0.0,0,14.0,7.0,4.0,1.0,12.0,11.0,3.0,0.0,1.0,5.0,0.0,0.0
576,19,8,2,0.0,1.0,2,10.0,17.0,2.0,8.0,13.0,12.0,5.0,5.0,2.0,2.0,1.0,0.0
577,42,29,0,0.0,0.0,1,17.0,22.0,6.0,6.0,9.0,8.0,5.0,6.0,1.0,3.0,0.0,0.0
578,33,37,0,1.0,0.0,0,16.0,7.0,4.0,3.0,5.0,9.0,6.0,7.0,2.0,3.0,0.0,0.0
579,29,47,0,0.0,0.0,1,15.0,23.0,3.0,6.0,14.0,10.0,8.0,7.0,2.0,3.0,0.0,0.0
580,8,42,1,2.0,2.0,1,11.0,18.0,6.0,6.0,12.0,13.0,3.0,6.0,1.0,4.0,0.0,0.0
581,14,26,1,1.0,1.0,1,10.0,13.0,4.0,1.0,5.0,12.0,4.0,4.0,3.0,3.0,0.0,0.0
582,6,45,1,0.0,0.0,1,14.0,16.0,5.0,3.0,9.0,14.0,10.0,4.0,1.0,4.0,0.0,0.0
583,37,16,2,0.0,0.0,1,8.0,24.0,1.0,8.0,18.0,11.0,5.0,5.0,3.0,0.0,0.0,0.0
584,0,33,0,2.0,0.0,0,15.0,6.0,7.0,2.0,12.0,12.0,8.0,3.0,2.0,2.0,0.0,0.0
585,9,27,0,1.0,0.0,0,27.0,9.0,12.0,3.0,11.0,12.0,6.0,7.0,2.0,2.0,0.0,0.0
586,31,1,0,2.0,1.0,0,17.0,16.0,13.0,6.0,12.0,17.0,6.0,5.0,4.0,4.0,0.0,0.0
587,18,19,2,0.0,0.0,1,19.0,9.0,9.0,2.0,12.0,6.0,10.0,4.0,0.0,2.0,0.0,0.0
588,11,28,2,0.0,2.0,2,6.0,17.0,1.0,8.0,11.0,8.0,6.0,5.0,0.0,0.0,1.0,0.0
589,0,47,0,3.0,0.0,0,14.0,6.0,8.0,0.0,8.0,11.0,8.0,4.0,0.0,0.0,0.0,0.0
590,1,9,0,2.0,1.0,0,12.0,8.0,5.0,4.0,15.0,16.0,4.0,3.0,4.0,4.0,0.0,0.0
591,8,28,0,0.0,0.0,1,11.0,17.0,4.0,3.0,12.0,8.0,3.0,4.0,4.0,0.0,0.0,0.0
592,25,45,0,1.0,0.0,0,13.0,16.0,4.0,3.0,8.0,10.0,3.0,5.0,1.0,1.0,0.0,0.0
593,38,26,1,2.0,2.0,1,15.0,30.0,10.0,8.0,4.0,10.0,2.0,9.0,0.0,2.0,0.0,0.0
594,29,19,0,1.0,1.0,1,21.0,10.0,8.0,3.0,14.0,10.0,5.0,4.0,1.0,2.0,0.0,0.0
595,14,31,1,1.0,1.0,1,22.0,13.0,5.0,4.0,9.0,11.0,10.0,3.0,0.0,0.0,0.0,0.0
596,18,6,0,0.0,0.0,1,13.0,7.0,6.0,2.0,11.0,12.0,9.0,3.0,1.0,3.0,0.0,0.0
597,24,42,2,0.0,1.0,2,19.0,11.0,2.0,7.0,7.0,5.0,12.0,3.0,3.0,0.0,0.0,0.0
598,16,33,1,0.0,1.0,2,16.0,7.0,4.0,4.0,9.0,13.0,5.0,4.0,0.0,2.0,0.0,0.0
599,29,14,0,2.0,0.0,0,18.0,14.0,9.0,5.0,12.0,6.0,3.0,4.0,1.0,1.0,0.0,0.0
600,9,28,1,1.0,1.0,1,20.0,13.0,7.0,4.0,16.0,11.0,5.0,1.0,2.0,1.0,0.0,0.0
601,31,25,1,0.0,0.0,1,23.0,1.0,4.0,1.0,9.0,5.0,12.0,1.0,2.0,0.0,0.0,0.0
602,45,24,0,1.0,1.0,1,19.0,12.0,9.0,3.0,6.0,11.0,9.0,5.0,1.0,3.0,0.0,0.0
603,9,38,0,2.0,0.0,0,26.0,5.0,8.0,1.0,8.0,9.0,4.0,3.0,2.0,5.0,0.0,0.0
604,28,14,0,1.0,0.0,0,15.0,13.0,2.0,6.0,12.0,9.0,5.0,2.0,0.0,2.0,0.0,0.0
605,33,0,0,1.0,0.0,0,6.0,11.0,2.0,3.0,11.0,12.0,3.0,6.0,3.0,2.0,0.0,0.0
606,26,1,1,0.0,1.0,2,10.0,6.0,5.0,3.0,16.0,13.0,9.0,4.0,3.0,5.0,0.0,0.0
607,19,16,1,1.0,1.0,1,11.0,11.0,4.0,5.0,13.0,12.0,7.0,4.0,3.0,0.0,0.0,0.0
608,47,18,1,1.0,0.0,0,13.0,19.0,5.0,4.0,18.0,10.0,1.0,7.0,5.0,1.0,0.0,0.0
609,42,8,2,1.0,0.0,0,22.0,11.0,8.0,4.0,11.0,9.0,8.0,2.0,1.0,1.0,0.0,0.0
610,6,29,2,0.0,1.0,2,10.0,20.0,4.0,5.0,6.0,7.0,3.0,6.0,1.0,0.0,0.0,0.0
611,31,9,0,2.0,0.0,0,22.0,8.0,9.0,2.0,17.0,16.0,6.0,1.0,2.0,4.0,0.0,0.0
612,25,26,2,0.0,2.0,2,4.0,16.0,4.0,5.0,11.0,17.0,4.0,4.0,2.0,1.0,0.0,0.0
613,8,45,0,2.0,0.0,0,24.0,4.0,10.0,4.0,5.0,5.0,7.0,5.0,1.0,0.0,0.0,0.0
614,0,9,2,0.0,0.0,1,14.0,12.0,2.0,6.0,13.0,17.0,5.0,2.0,1.0,2.0,0.0,0.0
615,18,28,2,0.0,2.0,2,7.0,9.0,3.0,4.0,12.0,4.0,8.0,6.0,1.0,0.0,0.0,0.0
616,16,6,0,1.0,0.0,0,17.0,5.0,5.0,0.0,5.0,12.0,11.0,2.0,0.0,2.0,0.0,0.0
617,14,33,1,0.0,1.0,2,14.0,11.0,6.0,2.0,13.0,15.0,2.0,5.0,3.0,1.0,0.0,0.0
618,1,42,0,1.0,0.0,0,8.0,5.0,4.0,2.0,9.0,14.0,8.0,3.0,3.0,3.0,0.0,0.0
619,38,19,2,0.0,0.0,1,5.0,9.0,1.0,4.0,17.0,12.0,1.0,8.0,2.0,0.0,0.0,0.0
620,24,31,1,1.0,1.0,1,9.0,18.0,4.0,5.0,16.0,14.0,2.0,6.0,3.0,2.0,1.0,0.0
621,29,47,0,1.0,0.0,0,27.0,5.0,9.0,0.0,9.0,9.0,11.0,7.0,3.0,2.0,0.0,0.0
622,9,18,2,0.0,3.0,2,23.0,10.0,5.0,5.0,11.0,13.0,15.0,1.0,1.0,5.0,0.0,0.0
623,19,25,0,3.0,0.0,0,17.0,18.0,7.0,9.0,13.0,15.0,2.0,7.0,0.0,3.0,0.0,0.0
624,33,38,0,3.0,1.0,0,9.0,19.0,4.0,5.0,16.0,10.0,2.0,11.0,1.0,0.0,0.0,0.0
625,31,0,2,0.0,1.0,2,12.0,10.0,5.0,6.0,16.0,12.0,9.0,4.0,2.0,1.0,0.0,0.0
626,45,29,0,1.0,0.0,0,15.0,19.0,4.0,4.0,4.0,9.0,5.0,6.0,0.0,2.0,0.0,0.0
627,42,16,0,1.0,0.0,0,8.0,7.0,3.0,2.0,15.0,14.0,8.0,4.0,3.0,5.0,0.0,0.0
628,6,14,2,1.0,1.0,1,10.0,11.0,4.0,5.0,9.0,11.0,7.0,7.0,1.0,3.0,0.0,0.0
629,28,24,0,2.0,0.0,0,18.0,4.0,6.0,2.0,3.0,16.0,10.0,1.0,0.0,3.0,0.0,0.0
630,47,1,0,1.0,0.0,0,6.0,16.0,2.0,3.0,20.0,9.0,5.0,6.0,3.0,3.0,0.0,0.0
631,26,8,0,1.0,0.0,0,15.0,5.0,5.0,1.0,19.0,10.0,7.0,3.0,4.0,2.0,0.0,0.0
632,9,29,0,0.0,0.0,1,22.0,16.0,6.0,5.0,10.0,14.0,8.0,6.0,4.0,4.0,0.0,0.0
633,28,45,0,0.0,0.0,1,16.0,6.0,7.0,2.0,8.0,8.0,6.0,3.0,0.0,1.0,0.0,0.0
634,26,19,0,1.0,0.0,0,15.0,9.0,3.0,3.0,10.0,8.0,7.0,5.0,0.0,0.0,0.0,0.0
635,0,14,0,3.0,0.0,0,16.0,7.0,10.0,4.0,10.0,10.0,7.0,2.0,0.0,2.0,0.0,0.0
636,25,18,1,2.0,1.0,0,15.0,23.0,6.0,8.0,10.0,12.0,2.0,9.0,4.0,1.0,0.0,0.0
637,26,42,0,3.0,1.0,0,12.0,10.0,4.0,7.0,12.0,6.0,5.0,2.0,3.0,2.0,0.0,0.0
638,6,24,0,2.0,1.0,0,12.0,15.0,7.0,6.0,12.0,14.0,2.0,6.0,1.0,0.0,0.0,0.0
639,29,1,0,1.0,0.0,0,14.0,7.0,6.0,1.0,16.0,7.0,1.0,4.0,2.0,0.0,0.0,0.0
640,19,28,2,1.0,2.0,2,4.0,12.0,1.0,9.0,9.0,10.0,2.0,5.0,1.0,3.0,0.0,0.0
641,31,38,0,0.0,1.0,2,22.0,4.0,5.0,3.0,7.0,10.0,11.0,2.0,1.0,4.0,0.0,0.0
642,8,33,0,0.0,1.0,2,14.0,5.0,8.0,3.0,6.0,13.0,6.0,0.0,1.0,2.0,0.0,0.0
643,9,47,0,4.0,0.0,0,22.0,10.0,8.0,2.0,14.0,11.0,2.0,5.0,1.0,1.0,0.0,0.0
644,16,45,0,3.0,2.0,0,16.0,8.0,6.0,4.0,9.0,17.0,8.0,5.0,1.0,2.0,0.0,0.0
645,38,6,2,0.0,0.0,1,11.0,16.0,2.0,2.0,9.0,11.0,6.0,4.0,0.0,3.0,0.0,0.0
646,18,31,2,0.0,1.0,2,13.0,15.0,5.0,8.0,8.0,6.0,3.0,14.0,2.0,1.0,0.0,0.0
647,42,29,1,0.0,2.0,2,18.0,17.0,7.0,8.0,8.0,7.0,6.0,8.0,1.0,2.0,0.0,0.0
648,45,26,2,1.0,1.0,1,7.0,20.0,2.0,4.0,6.0,8.0,3.0,6.0,0.0,0.0,0.0,0.0
649,14,8,2,0.0,1.0,2,15.0,7.0,4.0,1.0,5.0,13.0,5.0,2.0,1.0,2.0,0.0,0.0
650,28,0,0,2.0,0.0,0,14.0,8.0,9.0,2.0,13.0,13.0,1.0,3.0,3.0,1.0,0.0,0.0
651,33,9,0,1.0,1.0,1,12.0,17.0,5.0,7.0,7.0,8.0,2.0,7.0,2.0,0.0,0.0,0.0
652,47,16,0,1.0,0.0,0,9.0,14.0,3.0,4.0,13.0,14.0,6.0,11.0,5.0,4.0,0.0,0.0
653,24,25,1,1.0,0.0,0,13.0,15.0,3.0,3.0,14.0,15.0,3.0,6.0,4.0,2.0,0.0,0.0
654,1,19,0,1.0,0.0,0,14.0,1.0,3.0,0.0,6.0,18.0,8.0,2.0,3.0,2.0,0.0,0.0
655,6,45,2,0.0,3.0,2,17.0,18.0,5.0,10.0,7.0,8.0,8.0,5.0,1.0,2.0,0.0,0.0
656,31,42,0,5.0,0.0,0,25.0,11.0,8.0,3.0,7.0,13.0,9.0,3.0,0.0,3.0,0.0,0.0
657,19,24,0,0.0,0.0,1,12.0,10.0,5.0,2.0,10.0,15.0,8.0,6.0,1.0,4.0,0.0,0.0
658,25,47,0,1.0,1.0,1,15.0,16.0,8.0,3.0,17.0,16.0,1.0,7.0,1.0,3.0,0.0,0.0
659,8,1,1,0.0,0.0,1,6.0,14.0,5.0,2.0,12.0,8.0,8.0,4.0,3.0,2.0,0.0,0.0
660,16,18,1,0.0,0.0,1,12.0,10.0,2.0,5.0,12.0,14.0,8.0,1.0,1.0,1.0,0.0,1.0
661,26,33,0,0.0,0.0,1,18.0,11.0,6.0,5.0,9.0,12.0,9.0,3.0,0.0,1.0,0.0,0.0
662,0,38,1,1.0,2.0,2,25.0,8.0,6.0,6.0,10.0,14.0,7.0,2.0,1.0,5.0,0.0,0.0
663,24,26,2,0.0,2.0,2,13.0,13.0,3.0,7.0,6.0,12.0,4.0,2.0,0.0,1.0,0.0,0.0
664,33,29,2,0.0,1.0,2,6.0,22.0,0.0,8.0,9.0,9.0,4.0,9.0,2.0,2.0,0.0,0.0
665,45,0,1,1.0,2.0,2,16.0,11.0,3.0,5.0,11.0,8.0,7.0,2.0,1.0,2.0,0.0,0.0
666,1,31,0,1.0,0.0,0,16.0,8.0,6.0,2.0,13.0,15.0,7.0,2.0,1.0,1.0,0.0,0.0
667,42,6,2,1.0,1.0,1,24.0,6.0,8.0,6.0,8.0,9.0,8.0,1.0,1.0,2.0,0.0,0.0
668,47,8,0,1.0,0.0,0,11.0,10.0,9.0,3.0,12.0,8.0,5.0,2.0,1.0,1.0,0.0,0.0
669,18,19,2,1.0,1.0,1,15.0,21.0,7.0,7.0,10.0,6.0,4.0,8.0,3.0,2.0,0.0,0.0
670,28,25,0,3.0,0.0,0,12.0,10.0,4.0,4.0,8.0,8.0,6.0,2.0,1.0,1.0,0.0,0.0
671,14,9,2,1.0,1.0,1,8.0,26.0,2.0,10.0,11.0,11.0,2.0,8.0,2.0,2.0,0.0,0.0
672,38,16,2,0.0,0.0,1,11.0,9.0,4.0,2.0,6.0,13.0,6.0,2.0,3.0,1.0,0.0,0.0
673,24,16,2,1.0,1.0,1,11.0,16.0,7.0,8.0,11.0,8.0,2.0,4.0,3.0,1.0,0.0,0.0
674,26,0,1,1.0,2.0,2,21.0,9.0,6.0,5.0,11.0,11.0,5.0,4.0,4.0,4.0,0.0,0.0
675,1,33,0,0.0,0.0,1,8.0,6.0,3.0,2.0,7.0,17.0,1.0,8.0,3.0,4.0,0.0,0.0
676,38,28,2,0.0,1.0,2,4.0,13.0,1.0,8.0,6.0,10.0,0.0,10.0,0.0,2.0,0.0,0.0
677,42,9,0,1.0,1.0,1,9.0,17.0,3.0,4.0,15.0,15.0,3.0,7.0,3.0,1.0,0.0,0.0
678,19,45,2,0.0,1.0,2,16.0,9.0,3.0,5.0,10.0,12.0,11.0,4.0,1.0,1.0,0.0,0.0
679,8,31,2,1.0,0.0,0,12.0,10.0,6.0,4.0,10.0,15.0,6.0,5.0,0.0,0.0,0.0,0.0
680,47,14,0,1.0,0.0,0,9.0,13.0,4.0,1.0,14.0,10.0,8.0,8.0,2.0,5.0,0.0,0.0
681,29,18,0,1.0,0.0,0,29.0,15.0,11.0,1.0,10.0,9.0,10.0,4.0,0.0,0.0,0.0,0.0
682,25,6,2,0.0,1.0,2,14.0,19.0,4.0,7.0,10.0,13.0,6.0,6.0,0.0,3.0,0.0,0.0
683,29,8,0,1.0,0.0,0,18.0,6.0,3.0,1.0,8.0,13.0,12.0,3.0,3.0,2.0,0.0,0.0
684,45,31,2,1.0,2.0,2,7.0,15.0,2.0,8.0,11.0,12.0,7.0,6.0,2.0,1.0,0.0,0.0
685,14,26,1,0.0,0.0,1,12.0,7.0,3.0,4.0,6.0,17.0,3.0,5.0,1.0,4.0,0.0,0.0
686,25,1,2,1.0,1.0,1,9.0,15.0,4.0,5.0,10.0,14.0,4.0,8.0,2.0,0.0,1.0,0.0
687,6,9,2,0.0,1.0,2,14.0,16.0,3.0,6.0,11.0,5.0,5.0,5.0,1.0,1.0,0.0,0.0
688,24,33,0,2.0,1.0,0,21.0,13.0,6.0,1.0,11.0,13.0,11.0,4.0,1.0,4.0,0.0,0.0
689,18,42,1,0.0,0.0,1,15.0,8.0,6.0,2.0,10.0,14.0,3.0,3.0,0.0,3.0,1.0,1.0
690,31,29,0,0.0,0.0,1,22.0,6.0,6.0,1.0,8.0,12.0,7.0,4.0,0.0,0.0,0.0,0.0
691,45,38,0,1.0,0.0,0,12.0,9.0,2.0,3.0,10.0,11.0,5.0,3.0,0.0,2.0,0.0,0.0
692,14,1,2,0.0,1.0,2,27.0,5.0,8.0,2.0,14.0,16.0,13.0,2.0,3.0,3.0,0.0,0.0
693,0,24,0,1.0,0.0,0,13.0,7.0,6.0,5.0,11.0,13.0,4.0,3.0,0.0,2.0,0.0,0.0
694,28,26,0,1.0,1.0,1,17.0,4.0,8.0,1.0,9.0,12.0,7.0,1.0,1.0,1.0,0.0,0.0
695,6,19,0,0.0,1.0,2,12.0,10.0,7.0,2.0,15.0,13.0,4.0,3.0,1.0,4.0,0.0,0.0
696,9,8,1,2.0,2.0,1,33.0,7.0,15.0,5.0,16.0,10.0,14.0,0.0,2.0,1.0,0.0,0.0
697,16,25,0,0.0,0.0,1,31.0,3.0,9.0,2.0,12.0,16.0,10.0,1.0,3.0,4.0,0.0,0.0
698,33,47,1,1.0,0.0,0,17.0,8.0,7.0,1.0,14.0,13.0,4.0,3.0,3.0,5.0,0.0,0.0
699,0,16,0,2.0,0.0,0,15.0,8.0,5.0,4.0,8.0,10.0,5.0,4.0,0.0,1.0,0.0,0.0
700,8,25,1,1.0,0.0,0,11.0,14.0,2.0,1.0,10.0,11.0,8.0,4.0,1.0,2.0,1.0,0.0
701,47,24,2,0.0,1.0,2,23.0,11.0,8.0,4.0,15.0,9.0,5.0,4.0,3.0,5.0,1.0,0.0
702,38,42,1,0.0,1.0,2,19.0,17.0,7.0,3.0,13.0,8.0,10.0,3.0,1.0,1.0,0.0,0.0
703,1,6,0,1.0,0.0,0,20.0,10.0,9.0,3.0,8.0,13.0,9.0,6.0,1.0,4.0,0.0,0.0
704,14,18,1,0.0,0.0,1,20.0,12.0,7.0,3.0,8.0,12.0,8.0,2.0,2.0,2.0,0.0,0.0
705,33,31,2,1.0,1.0,1,5.0,15.0,3.0,4.0,17.0,9.0,3.0,7.0,5.0,1.0,0.0,0.0
706,9,16,0,1.0,0.0,0,11.0,11.0,5.0,3.0,13.0,20.0,1.0,4.0,1.0,2.0,0.0,0.0
707,38,8,2,0.0,1.0,2,7.0,11.0,1.0,5.0,14.0,10.0,3.0,3.0,1.0,2.0,0.0,0.0
708,19,0,2,0.0,3.0,2,12.0,15.0,2.0,7.0,10.0,9.0,4.0,8.0,0.0,1.0,0.0,0.0
709,31,47,0,1.0,0.0,0,19.0,7.0,8.0,4.0,11.0,10.0,10.0,3.0,1.0,2.0,0.0,0.0
710,45,1,1,1.0,1.0,1,17.0,12.0,6.0,4.0,8.0,6.0,13.0,2.0,1.0,0.0,0.0,0.0
711,29,38,1,0.0,0.0,1,10.0,17.0,4.0,4.0,12.0,9.0,7.0,8.0,2.0,0.0,0.0,0.0
712,42,33,0,2.0,0.0,0,15.0,9.0,7.0,5.0,13.0,13.0,2.0,10.0,3.0,1.0,0.0,0.0
713,24,9,1,1.0,1.0,1,12.0,14.0,4.0,2.0,12.0,9.0,4.0,7.0,1.0,1.0,0.0,0.0
714,18,8,0,1.0,0.0,0,13.0,12.0,6.0,4.0,11.0,12.0,5.0,8.0,2.0,1.0,0.0,0.0
715,16,28,2,0.0,0.0,1,4.0,14.0,0.0,4.0,11.0,17.0,2.0,6.0,2.0,2.0,0.0,0.0
716,6,26,0,1.0,0.0,0,5.0,15.0,2.0,6.0,7.0,9.0,3.0,8.0,2.0,1.0,0.0,0.0
717,25,14,2,1.0,2.0,2,17.0,12.0,7.0,6.0,10.0,11.0,2.0,5.0,1.0,2.0,1.0,0.0
718,8,19,0,1.0,1.0,1,14.0,9.0,6.0,5.0,12.0,17.0,2.0,3.0,0.0,3.0,0.0,0.0
719,33,18,1,1.0,2.0,2,10.0,10.0,4.0,3.0,11.0,17.0,3.0,3.0,3.0,5.0,0.0,0.0
720,26,29,0,1.0,0.0,0,18.0,8.0,8.0,4.0,13.0,14.0,4.0,3.0,2.0,3.0,0.0,0.0
721,9,45,0,1.0,0.0,0,20.0,3.0,9.0,2.0,6.0,8.0,7.0,3.0,0.0,3.0,0.0,0.0
722,38,25,0,1.0,0.0,0,11.0,11.0,5.0,0.0,12.0,11.0,3.0,4.0,4.0,2.0,0.0,0.0
723,0,6,0,0.0,1.0,2,31.0,4.0,9.0,4.0,6.0,8.0,17.0,1.0,0.0,2.0,0.0,0.0
724,1,16,0,1.0,0.0,0,8.0,3.0,1.0,0.0,14.0,17.0,2.0,4.0,2.0,3.0,0.0,1.0
725,14,24,0,0.0,0.0,1,13.0,11.0,3.0,2.0,10.0,7.0,5.0,7.0,2.0,0.0,0.0,0.0
726,47,42,0,0.0,0.0,1,8.0,21.0,5.0,6.0,11.0,18.0,4.0,8.0,1.0,1.0,0.0,0.0
727,28,31,0,1.0,0.0,0,11.0,5.0,3.0,2.0,8.0,13.0,8.0,4.0,2.0,4.0,0.0,0.0
728,26,47,0,0.0,0.0,1,15.0,4.0,6.0,1.0,13.0,14.0,5.0,2.0,2.0,3.0,0.0,0.0
729,0,18,0,2.0,0.0,0,15.0,8.0,5.0,5.0,5.0,12.0,5.0,1.0,0.0,2.0,0.0,0.0
730,42,14,0,0.0,0.0,1,8.0,10.0,3.0,2.0,10.0,10.0,4.0,4.0,2.0,3.0,0.0,0.0
731,16,26,1,0.0,0.0,1,6.0,12.0,0.0,4.0,11.0,14.0,5.0,3.0,2.0,5.0,0.0,0.0
732,25,0,2,0.0,0.0,1,1.0,10.0,0.0,2.0,14.0,9.0,0.0,8.0,0.0,1.0,0.0,0.0
733,6,28,2,0.0,3.0,2,13.0,20.0,2.0,5.0,10.0,9.0,4.0,6.0,2.0,2.0,0.0,0.0
734,45,33,0,0.0,0.0,1,18.0,8.0,5.0,3.0,8.0,5.0,12.0,3.0,0.0,0.0,0.0,0.0
735,18,1,2,0.0,0.0,1,15.0,9.0,5.0,5.0,12.0,12.0,5.0,1.0,2.0,1.0,0.0,0.0
736,24,38,0,0.0,0.0,1,14.0,8.0,4.0,2.0,15.0,13.0,9.0,2.0,2.0,4.0,0.0,0.0
737,19,47,1,0.0,1.0,2,10.0,8.0,5.0,2.0,12.0,17.0,4.0,3.0,2.0,0.0,0.0,0.0
738,42,45,0,0.0,0.0,1,16.0,6.0,6.0,1.0,16.0,10.0,4.0,7.0,2.0,1.0,0.0,0.0
739,29,25,0,1.0,0.0,0,26.0,19.0,8.0,3.0,9.0,9.0,6.0,6.0,0.0,2.0,0.0,0.0
740,47,6,2,0.0,0.0,1,15.0,5.0,4.0,1.0,12.0,10.0,12.0,2.0,3.0,3.0,0.0,0.0
741,14,38,2,0.0,1.0,2,17.0,8.0,5.0,5.0,16.0,24.0,8.0,2.0,3.0,6.0,0.0,0.0
742,8,16,1,0.0,0.0,1,12.0,10.0,5.0,4.0,10.0,8.0,2.0,6.0,2.0,2.0,0.0,0.0
743,33,28,1,0.0,1.0,2,4.0,26.0,1.0,6.0,8.0,6.0,0.0,10.0,1.0,0.0,0.0,0.0
744,18,24,0,0.0,0.0,1,15.0,8.0,6.0,0.0,8.0,6.0,6.0,4.0,2.0,3.0,0.0,0.0
745,31,26,2,0.0,2.0,2,14.0,13.0,4.0,7.0,3.0,8.0,6.0,7.0,1.0,1.0,1.0,0.0
746,9,19,2,0.0,0.0,1,21.0,5.0,7.0,2.0,12.0,14.0,10.0,2.0,0.0,5.0,0.0,0.0
747,1,0,2,2.0,1.0,0,7.0,20.0,5.0,5.0,13.0,4.0,2.0,9.0,2.0,1.0,0.0,0.0
748,0,28,2,1.0,1.0,1,10.0,9.0,1.0,6.0,11.0,15.0,1.0,3.0,2.0,3.0,0.0,0.0
749,26,18,0,1.0,0.0,0,15.0,6.0,6.0,1.0,8.0,16.0,3.0,3.0,1.0,3.0,0.0,0.0
750,28,1,0,3.0,0.0,0,17.0,6.0,9.0,2.0,13.0,14.0,8.0,4.0,1.0,2.0,0.0,0.0
751,24,29,2,0.0,0.0,1,16.0,11.0,6.0,5.0,10.0,13.0,7.0,3.0,2.0,1.0,0.0,0.0
752,6,31,1,1.0,1.0,1,11.0,15.0,5.0,7.0,8.0,10.0,4.0,6.0,2.0,3.0,0.0,0.0
753,16,9,1,0.0,0.0,1,6.0,17.0,1.0,7.0,10.0,11.0,1.0,6.0,4.0,1.0,0.0,0.0
754,25,42,0,3.0,1.0,0,15.0,11.0,7.0,4.0,14.0,9.0,1.0,5.0,5.0,2.0,0.0,0.0
755,0,8,1,0.0,0.0,1,23.0,9.0,7.0,2.0,9.0,9.0,7.0,4.0,0.0,2.0,0.0,0.0
756,38,47,2,1.0,0.0,0,17.0,11.0,2.0,2.0,12.0,14.0,5.0,2.0,2.0,2.0,0.0,1.0
757,45,14,1,1.0,1.0,1,10.0,12.0,2.0,4.0,9.0,11.0,5.0,6.0,1.0,1.0,0.0,0.0
758,19,33,0,1.0,0.0,0,16.0,10.0,3.0,1.0,9.0,11.0,5.0,4.0,0.0,1.0,0.0,0.0
759,29,24,1,0.0,1.0,2,24.0,8.0,7.0,2.0,7.0,11.0,6.0,5.0,1.0,3.0,0.0,0.0
760,33,24,0,1.0,0.0,0,6.0,10.0,2.0,4.0,15.0,14.0,0.0,2.0,4.0,2.0,0.0,0.0
761,42,28,0,1.0,0.0,0,12.0,15.0,3.0,5.0,19.0,14.0,4.0,6.0,2.0,3.0,1.0,0.0
762,1,25,2,2.0,3.0,2,19.0,9.0,4.0,5.0,10.0,10.0,11.0,3.0,0.0,2.0,0.0,0.0
763,9,6,0,0.0,0.0,1,20.0,12.0,6.0,2.0,14.0,7.0,7.0,3.0,3.0,1.0,0.0,0.0
764,18,0,0,0.0,0.0,1,12.0,15.0,4.0,3.0,13.0,8.0,7.0,5.0,4.0,1.0,0.0,0.0
765,31,45,1,1.0,1.0,1,8.0,10.0,2.0,1.0,11.0,13.0,4.0,2.0,2.0,1.0,0.0,0.0
766,47,26,0,2.0,0.0,0,12.0,22.0,6.0,4.0,9.0,7.0,2.0,7.0,1.0,1.0,0.0,0.0
767,8,38,0,2.0,0.0,0,14.0,14.0,4.0,6.0,10.0,9.0,4.0,4.0,1.0,2.0,0.0,0.0
768,29,16,0,1.0,0.0,0,14.0,10.0,5.0,3.0,9.0,9.0,5.0,5.0,1.0,2.0,1.0,0.0
769,14,19,1,0.0,0.0,1,12.0,10.0,3.0,4.0,16.0,12.0,6.0,2.0,1.0,4.0,0.0,0.0
770,19,42,2,0.0,1.0,2,10.0,10.0,5.0,3.0,10.0,10.0,3.0,8.0,1.0,3.0,0.0,0.0
771,28,47,0,1.0,0.0,0,13.0,10.0,7.0,1.0,10.0,10.0,5.0,7.0,1.0,2.0,0.0,0.0
772,24,8,1,0.0,0.0,1,9.0,6.0,5.0,0.0,10.0,18.0,2.0,3.0,2.0,2.0,0.0,0.0
773,0,29,0,1.0,1.0,1,25.0,6.0,5.0,4.0,8.0,9.0,12.0,4.0,1.0,2.0,0.0,0.0
774,45,18,0,2.0,0.0,0,11.0,5.0,4.0,2.0,9.0,6.0,4.0,9.0,1.0,1.0,0.0,0.0
775,26,14,1,0.0,0.0,1,15.0,11.0,3.0,2.0,16.0,9.0,5.0,5.0,3.0,1.0,0.0,0.0
776,6,33,1,1.0,0.0,0,16.0,20.0,4.0,5.0,10.0,7.0,4.0,6.0,1.0,2.0,0.0,0.0
777,16,31,1,0.0,0.0,1,6.0,16.0,1.0,7.0,13.0,7.0,3.0,15.0,4.0,2.0,0.0,0.0
778,25,9,1,1.0,1.0,1,9.0,13.0,2.0,4.0,9.0,9.0,5.0,6.0,0.0,1.0,0.0,0.0
779,38,1,2,0.0,0.0,1,8.0,16.0,5.0,5.0,19.0,9.0,2.0,2.0,1.0,2.0,0.0,0.0
780,28,42,0,0.0,2.0,2,16.0,9.0,6.0,3.0,10.0,14.0,8.0,3.0,1.0,2.0,0.0,0.0
781,16,29,1,0.0,1.0,2,10.0,15.0,5.0,4.0,9.0,10.0,3.0,3.0,1.0,2.0,0.0,0.0
782,14,16,0,0.0,0.0,1,15.0,10.0,5.0,5.0,10.0,17.0,11.0,7.0,2.0,5.0,0.0,0.0
783,42,0,2,0.0,2.0,2,17.0,14.0,7.0,5.0,16.0,15.0,4.0,3.0,4.0,2.0,0.0,0.0
784,31,19,0,0.0,0.0,1,20.0,5.0,5.0,0.0,6.0,14.0,10.0,5.0,1.0,3.0,0.0,0.0
785,29,28,0,0.0,0.0,1,8.0,5.0,4.0,1.0,15.0,5.0,1.0,2.0,3.0,0.0,0.0,0.0
786,47,45,0,0.0,0.0,1,17.0,16.0,4.0,4.0,10.0,7.0,4.0,3.0,0.0,2.0,0.0,0.0
787,8,6,0,1.0,0.0,0,12.0,7.0,4.0,2.0,5.0,9.0,5.0,3.0,1.0,1.0,0.0,0.0
788,33,25,0,0.0,0.0,1,15.0,6.0,5.0,1.0,11.0,12.0,3.0,5.0,1.0,2.0,0.0,0.0
789,18,38,2,1.0,0.0,0,12.0,13.0,4.0,5.0,7.0,19.0,6.0,4.0,0.0,3.0,0.0,0.0
790,9,26,0,0.0,0.0,1,16.0,6.0,9.0,2.0,8.0,15.0,7.0,1.0,1.0,3.0,0.0,0.0
791,1,24,0,1.0,0.0,0,11.0,16.0,5.0,4.0,12.0,8.0,0.0,11.0,2.0,2.0,0.0,0.0
792,19,14,0,1.0,0.0,0,8.0,20.0,3.0,10.0,12.0,16.0,5.0,7.0,4.0,3.0,0.0,1.0
793,14,28,2,0.0,0.0,1,8.0,12.0,2.0,3.0,9.0,9.0,3.0,2.0,2.0,0.0,0.0,0.0
794,16,42,2,0.0,0.0,1,19.0,14.0,4.0,6.0,11.0,8.0,10.0,4.0,1.0,2.0,0.0,0.0
795,24,45,1,1.0,1.0,1,14.0,15.0,6.0,2.0,11.0,18.0,8.0,1.0,3.0,1.0,0.0,0.0
796,38,33,2,0.0,1.0,2,8.0,11.0,0.0,1.0,14.0,17.0,6.0,2.0,2.0,2.0,0.0,0.0
797,1,47,1,0.0,1.0,2,13.0,10.0,4.0,3.0,6.0,12.0,7.0,8.0,1.0,3.0,0.0,0.0
798,29,6,0,1.0,0.0,0,18.0,7.0,6.0,4.0,13.0,7.0,6.0,5.0,0.0,3.0,0.0,0.0
799,0,31,1,0.0,0.0,1,17.0,8.0,4.0,1.0,10.0,16.0,5.0,5.0,4.0,4.0,0.0,0.0
800,18,9,2,0.0,1.0,2,10.0,19.0,4.0,8.0,8.0,10.0,5.0,2.0,3.0,1.0,0.0,0.0
801,25,19,2,0.0,1.0,2,15.0,11.0,6.0,2.0,12.0,11.0,6.0,3.0,2.0,6.0,0.0,0.0
802,8,26,0,2.0,0.0,0,10.0,16.0,7.0,6.0,5.0,8.0,4.0,9.0,1.0,3.0,0.0,0.0
803,42,1,2,0.0,0.0,1,6.0,13.0,2.0,4.0,15.0,10.0,5.0,3.0,4.0,3.0,0.0,0.0
804,33,14,1,0.0,1.0,2,12.0,7.0,5.0,2.0,16.0,14.0,1.0,2.0,2.0,2.0,0.0,0.0
805,9,0,2,0.0,2.0,2,9.0,14.0,5.0,7.0,7.0,11.0,7.0,4.0,3.0,3.0,0.0,0.0
806,6,16,2,0.0,2.0,2,6.0,15.0,2.0,6.0,17.0,11.0,2.0,7.0,4.0,1.0,0.0,0.0
807,28,18,1,1.0,0.0,0,16.0,2.0,3.0,1.0,13.0,14.0,7.0,1.0,3.0,4.0,0.0,0.0
808,19,38,0,1.0,0.0,0,8.0,9.0,2.0,3.0,8.0,13.0,4.0,4.0,0.0,1.0,0.0,0.0
809,31,24,1,0.0,0.0,1,16.0,8.0,5.0,1.0,13.0,19.0,9.0,3.0,3.0,5.0,0.0,0.0
810,47,29,2,0.0,0.0,1,10.0,16.0,3.0,6.0,11.0,11.0,7.0,5.0,1.0,3.0,0.0,0.0
811,26,25,0,2.0,1.0,0,21.0,7.0,5.0,2.0,8.0,15.0,4.0,5.0,0.0,1.0,0.0,0.0
812,45,8,2,0.0,2.0,2,20.0,9.0,5.0,6.0,9.0,5.0,8.0,1.0,1.0,0.0,0.0,0.0
813,24,28,2,0.0,1.0,2,9.0,26.0,1.0,9.0,11.0,14.0,3.0,5.0,3.0,3.0,0.0,0.0
814,29,33,0,2.0,0.0,0,17.0,8.0,8.0,3.0,13.0,4.0,9.0,9.0,3.0,1.0,0.0,0.0
815,14,6,0,2.0,0.0,0,15.0,9.0,5.0,4.0,8.0,10.0,6.0,8.0,0.0,0.0,0.0,0.0
816,25,31,2,0.0,3.0,2,8.0,12.0,2.0,5.0,9.0,6.0,5.0,5.0,0.0,0.0,0.0,0.0
817,1,26,2,0.0,2.0,2,12.0,16.0,6.0,9.0,7.0,12.0,0.0,6.0,0.0,0.0,0.0,0.0
818,38,9,2,0.0,2.0,2,14.0,7.0,4.0,4.0,9.0,10.0,4.0,2.0,1.0,2.0,0.0,0.0
819,8,42,1,1.0,0.0,0,9.0,16.0,5.0,8.0,11.0,10.0,6.0,5.0,3.0,1.0,0.0,0.0
820,0,45,0,0.0,1.0,2,16.0,8.0,5.0,4.0,13.0,17.0,7.0,5.0,0.0,2.0,0.0,0.0
821,18,47,2,1.0,1.0,1,12.0,7.0,6.0,4.0,9.0,22.0,2.0,2.0,1.0,6.0,0.0,0.0
822,16,19,2,0.0,1.0,2,4.0,23.0,0.0,11.0,12.0,15.0,1.0,8.0,0.0,0.0,2.0,0.0
823,9,1,2,1.0,1.0,1,7.0,8.0,2.0,2.0,14.0,11.0,11.0,4.0,2.0,7.0,0.0,0.0
824,19,29,2,0.0,1.0,2,14.0,14.0,7.0,9.0,9.0,10.0,10.0,3.0,1.0,1.0,0.0,0.0
825,28,8,2,1.0,1.0,1,29.0,10.0,6.0,8.0,9.0,7.0,10.0,2.0,2.0,2.0,0.0,0.0
826,47,0,2,0.0,0.0,1,11.0,14.0,2.0,4.0,5.0,6.0,6.0,4.0,3.0,2.0,0.0,0.0
827,6,18,0,2.0,0.0,0,16.0,15.0,9.0,3.0,12.0,8.0,3.0,5.0,2.0,0.0,0.0,0.0
828,45,25,2,0.0,1.0,2,18.0,9.0,6.0,6.0,9.0,8.0,7.0,2.0,3.0,1.0,0.0,0.0
829,42,24,0,1.0,2.0,2,14.0,12.0,8.0,5.0,8.0,7.0,9.0,2.0,1.0,1.0,0.0,1.0
830,31,14,0,0.0,0.0,1,10.0,5.0,3.0,2.0,14.0,11.0,5.0,3.0,3.0,2.0,0.0,0.0
831,33,16,0,0.0,0.0,1,9.0,8.0,2.0,0.0,11.0,13.0,1.0,5.0,1.0,4.0,0.0,0.0
832,26,38,0,3.0,1.0,0,15.0,9.0,7.0,5.0,8.0,8.0,6.0,0.0,0.0,2.0,0.0,0.0
833,38,31,2,0.0,1.0,2,16.0,7.0,5.0,4.0,7.0,10.0,8.0,2.0,1.0,0.0,0.0,0.0
834,1,29,0,2.0,1.0,0,6.0,8.0,4.0,3.0,6.0,12.0,3.0,5.0,3.0,3.0,0.0,0.0
835,45,16,2,1.0,1.0,1,5.0,15.0,2.0,6.0,10.0,7.0,2.0,5.0,1.0,1.0,0.0,0.0
836,14,0,2,0.0,0.0,1,5.0,14.0,1.0,2.0,20.0,13.0,4.0,6.0,5.0,2.0,0.0,0.0
837,42,26,2,0.0,2.0,2,14.0,13.0,5.0,6.0,10.0,8.0,5.0,3.0,0.0,0.0,0.0,0.0
838,18,25,2,0.0,1.0,2,12.0,22.0,2.0,8.0,9.0,5.0,8.0,3.0,0.0,0.0,0.0,0.0
839,28,19,0,1.0,1.0,1,16.0,4.0,5.0,2.0,6.0,11.0,9.0,0.0,2.0,4.0,1.0,0.0
840,47,9,2,2.0,2.0,1,8.0,19.0,5.0,8.0,15.0,11.0,4.0,9.0,2.0,0.0,1.0,0.0
841,24,6,0,1.0,2.0,2,18.0,9.0,4.0,6.0,16.0,10.0,13.0,3.0,2.0,2.0,0.0,0.0
842,33,8,1,1.0,1.0,1,15.0,6.0,7.0,2.0,10.0,11.0,3.0,3.0,2.0,2.0,0.0,0.0
843,0,33,0,1.0,0.0,0,24.0,5.0,10.0,2.0,9.0,8.0,9.0,4.0,0.0,1.0,0.0,0.0
844,29,45,0,1.0,0.0,0,16.0,13.0,3.0,5.0,12.0,10.0,5.0,10.0,1.0,3.0,0.0,0.0
845,19,18,1,0.0,0.0,1,24.0,9.0,6.0,4.0,10.0,8.0,13.0,4.0,2.0,1.0,0.0,0.0
846,16,38,0,1.0,0.0,0,12.0,14.0,3.0,4.0,13.0,12.0,8.0,4.0,3.0,3.0,0.0,0.0
847,26,24,2,1.0,1.0,1,22.0,14.0,10.0,6.0,9.0,3.0,14.0,5.0,0.0,1.0,0.0,0.0
848,6,42,2,1.0,0.0,0,6.0,23.0,4.0,7.0,10.0,5.0,2.0,19.0,1.0,2.0,0.0,0.0
849,25,28,2,0.0,0.0,1,10.0,15.0,5.0,5.0,5.0,10.0,3.0,10.0,0.0,0.0,0.0,0.0
850,31,1,0,1.0,0.0,0,20.0,3.0,7.0,0.0,11.0,11.0,3.0,0.0,1.0,1.0,0.0,0.0
851,9,14,0,3.0,0.0,0,19.0,15.0,9.0,7.0,16.0,6.0,8.0,7.0,1.0,2.0,0.0,0.0
852,8,47,1,0.0,0.0,1,12.0,14.0,3.0,4.0,10.0,17.0,3.0,6.0,3.0,3.0,0.0,1.0
853,45,6,0,1.0,0.0,0,20.0,5.0,4.0,3.0,9.0,11.0,5.0,0.0,0.0,2.0,0.0,0.0
854,42,31,2,0.0,2.0,2,17.0,13.0,5.0,5.0,12.0,6.0,6.0,7.0,4.0,2.0,0.0,0.0
855,47,25,2,0.0,2.0,2,21.0,5.0,5.0,4.0,10.0,13.0,9.0,2.0,2.0,1.0,0.0,0.0
856,24,19,2,1.0,1.0,1,14.0,11.0,5.0,5.0,12.0,8.0,3.0,6.0,1.0,1.0,0.0,0.0
857,38,0,1,0.0,1.0,2,10.0,12.0,3.0,3.0,11.0,8.0,9.0,4.0,2.0,1.0,0.0,0.0
858,1,8,0,3.0,0.0,0,19.0,12.0,11.0,3.0,14.0,11.0,7.0,6.0,1.0,0.0,0.0,0.0
859,28,9,0,2.0,0.0,0,10.0,8.0,4.0,2.0,11.0,12.0,7.0,3.0,1.0,3.0,0.0,0.0
860,18,16,0,1.0,0.0,0,9.0,9.0,6.0,2.0,16.0,14.0,3.0,4.0,3.0,4.0,0.0,0.0
861,33,26,0,0.0,0.0,1,10.0,15.0,7.0,7.0,14.0,8.0,2.0,11.0,2.0,1.0,0.0,0.0
862,14,29,1,0.0,0.0,1,6.0,13.0,2.0,6.0,8.0,10.0,6.0,4.0,1.0,4.0,0.0,0.0
863,19,1,0,1.0,0.0,0,18.0,12.0,8.0,6.0,11.0,11.0,9.0,7.0,0.0,2.0,0.0,1.0
864,25,24,0,2.0,0.0,0,5.0,14.0,1.0,2.0,15.0,11.0,2.0,9.0,2.0,1.0,0.0,0.0
865,31,18,0,1.0,0.0,0,16.0,1.0,4.0,0.0,9.0,12.0,8.0,2.0,2.0,4.0,0.0,0.0
866,6,38,2,0.0,1.0,2,15.0,9.0,3.0,3.0,8.0,13.0,7.0,3.0,1.0,3.0,0.0,0.0
867,26,45,0,1.0,0.0,0,22.0,8.0,7.0,3.0,9.0,8.0,8.0,3.0,0.0,0.0,0.0,0.0
868,29,42,0,0.0,0.0,1,28.0,9.0,10.0,2.0,7.0,7.0,8.0,3.0,1.0,0.0,0.0,0.0
869,8,14,1,0.0,0.0,1,8.0,14.0,5.0,5.0,7.0,7.0,6.0,2.0,0.0,0.0,0.0,0.0
870,9,33,1,0.0,0.0,1,19.0,3.0,7.0,0.0,10.0,14.0,9.0,1.0,3.0,1.0,0.0,0.0
871,16,47,0,0.0,1.0,2,14.0,10.0,4.0,4.0,14.0,18.0,4.0,3.0,3.0,1.0,0.0,0.0
872,1,14,2,0.0,1.0,2,18.0,8.0,7.0,4.0,12.0,11.0,7.0,1.0,0.0,3.0,0.0,0.0
873,38,45,1,1.0,0.0,0,10.0,25.0,8.0,4.0,7.0,3.0,4.0,14.0,1.0,1.0,0.0,0.0
874,29,31,1,0.0,0.0,1,15.0,9.0,2.0,2.0,13.0,11.0,4.0,4.0,3.0,1.0,0.0,0.0
875,24,0,2,0.0,1.0,2,16.0,9.0,4.0,4.0,10.0,11.0,6.0,3.0,0.0,2.0,0.0,0.0
876,26,28,0,0.0,0.0,1,13.0,16.0,2.0,6.0,10.0,7.0,5.0,6.0,3.0,1.0,0.0,0.0
877,25,16,1,0.0,0.0,1,14.0,8.0,5.0,1.0,18.0,13.0,9.0,2.0,2.0,2.0,0.0,0.0
878,42,18,0,0.0,0.0,1,21.0,4.0,7.0,0.0,12.0,13.0,7.0,1.0,1.0,4.0,0.0,0.0
879,47,33,0,0.0,0.0,1,9.0,10.0,2.0,2.0,17.0,13.0,4.0,5.0,2.0,2.0,0.0,0.0
880,19,6,1,1.0,2.0,2,19.0,10.0,4.0,6.0,9.0,11.0,5.0,6.0,2.0,0.0,0.0,0.0
881,8,9,0,1.0,0.0,0,7.0,21.0,3.0,7.0,12.0,15.0,2.0,11.0,3.0,1.0,0.0,0.0
882,33,1,1,1.0,1.0,1,6.0,12.0,3.0,2.0,13.0,19.0,1.0,4.0,3.0,3.0,0.0,0.0
883,45,19,0,1.0,1.0,1,17.0,8.0,8.0,2.0,9.0,7.0,4.0,2.0,1.0,3.0,0.0,0.0
884,0,26,0,2.0,1.0,0,11.0,8.0,7.0,3.0,11.0,11.0,4.0,3.0,1.0,2.0,0.0,0.0
885,18,29,2,1.0,2.0,2,11.0,12.0,2.0,4.0,7.0,13.0,5.0,4.0,2.0,1.0,0.0,0.0
886,16,24,0,1.0,1.0,1,13.0,10.0,5.0,4.0,13.0,23.0,5.0,3.0,3.0,3.0,0.0,0.0
887,28,38,0,2.0,0.0,0,21.0,5.0,8.0,0.0,4.0,8.0,9.0,1.0,0.0,1.0,0.0,0.0
888,9,42,2,0.0,1.0,2,14.0,8.0,4.0,3.0,9.0,14.0,6.0,2.0,1.0,2.0,0.0,0.0
889,14,47,0,1.0,0.0,0,20.0,8.0,7.0,2.0,8.0,8.0,4.0,2.0,2.0,0.0,0.0,0.0
890,31,8,0,2.0,0.0,0,16.0,6.0,6.0,3.0,14.0,9.0,9.0,5.0,0.0,1.0,0.0,0.0
891,6,25,0,0.0,1.0,2,10.0,9.0,4.0,5.0,8.0,16.0,7.0,2.0,1.0,2.0,0.0,0.0
892,25,33,0,3.0,0.0,0,17.0,10.0,7.0,3.0,13.0,12.0,6.0,6.0,2.0,4.0,0.0,0.0
893,24,1,1,0.0,0.0,1,9.0,19.0,1.0,7.0,23.0,12.0,2.0,9.0,3.0,2.0,1.0,0.0
894,28,29,0,4.0,0.0,0,22.0,12.0,10.0,8.0,3.0,9.0,5.0,1.0,0.0,3.0,0.0,0.0
895,6,8,1,0.0,0.0,1,7.0,13.0,1.0,4.0,11.0,10.0,7.0,8.0,1.0,2.0,0.0,0.0
896,38,18,2,0.0,0.0,1,22.0,12.0,6.0,5.0,11.0,10.0,7.0,6.0,2.0,2.0,0.0,0.0
897,26,9,1,1.0,2.0,2,15.0,6.0,7.0,6.0,9.0,13.0,9.0,2.0,1.0,1.0,0.0,0.0
898,16,14,2,1.0,1.0,1,7.0,13.0,3.0,3.0,11.0,13.0,5.0,2.0,1.0,3.0,0.0,0.0
899,45,47,0,1.0,0.0,0,18.0,15.0,5.0,4.0,8.0,6.0,1.0,6.0,2.0,2.0,0.0,0.0
900,19,31,2,0.0,3.0,2,3.0,19.0,1.0,10.0,9.0,10.0,1.0,8.0,2.0,0.0,1.0,0.0
901,0,42,0,1.0,1.0,1,22.0,7.0,9.0,3.0,10.0,10.0,5.0,2.0,2.0,1.0,0.0,1.0
902,18,45,0,0.0,0.0,1,7.0,14.0,2.0,4.0,8.0,11.0,5.0,14.0,3.0,1.0,0.0,0.0
903,8,0,2,0.0,2.0,2,5.0,13.0,2.0,7.0,10.0,10.0,3.0,3.0,0.0,2.0,0.0,0.0
904,31,6,1,0.0,0.0,1,20.0,10.0,7.0,3.0,10.0,11.0,8.0,1.0,2.0,2.0,0.0,0.0
905,47,28,2,0.0,2.0,2,6.0,16.0,1.0,7.0,7.0,9.0,5.0,7.0,2.0,1.0,1.0,0.0
906,42,25,0,2.0,2.0,1,16.0,19.0,11.0,7.0,9.0,9.0,6.0,1.0,1.0,2.0,0.0,0.0
907,1,38,0,1.0,0.0,0,11.0,7.0,3.0,1.0,13.0,13.0,6.0,3.0,3.0,1.0,0.0,0.0
908,33,19,2,1.0,0.0,0,11.0,15.0,3.0,7.0,11.0,10.0,2.0,10.0,2.0,4.0,0.0,0.0
909,9,25,0,2.0,2.0,1,23.0,6.0,11.0,4.0,6.0,8.0,10.0,1.0,1.0,1.0,0.0,0.0
910,29,0,0,1.0,0.0,0,10.0,16.0,6.0,3.0,13.0,9.0,2.0,5.0,3.0,3.0,0.0,0.0
911,33,6,2,2.0,0.0,0,11.0,8.0,3.0,3.0,13.0,10.0,4.0,6.0,2.0,1.0,0.0,0.0
912,14,45,0,0.0,0.0,1,8.0,6.0,3.0,3.0,6.0,11.0,10.0,3.0,4.0,2.0,0.0,0.0
913,42,19,0,1.0,0.0,0,23.0,9.0,10.0,3.0,9.0,6.0,10.0,3.0,3.0,4.0,0.0,0.0
914,18,26,1,0.0,0.0,1,14.0,23.0,3.0,8.0,7.0,11.0,7.0,9.0,2.0,2.0,0.0,0.0
915,8,24,0,2.0,1.0,0,14.0,17.0,8.0,6.0,8.0,9.0,2.0,6.0,2.0,2.0,0.0,0.0
916,31,16,1,0.0,0.0,1,23.0,19.0,6.0,9.0,19.0,12.0,13.0,5.0,2.0,1.0,0.0,0.0
917,47,38,0,1.0,0.0,0,7.0,12.0,2.0,1.0,10.0,14.0,5.0,6.0,4.0,2.0,0.0,0.0
918,1,28,1,0.0,0.0,1,3.0,13.0,1.0,4.0,7.0,6.0,1.0,4.0,2.0,0.0,0.0,0.0
919,25,29,2,0.0,1.0,2,10.0,9.0,2.0,2.0,7.0,15.0,1.0,3.0,1.0,3.0,0.0,0.0
920,26,31,0,0.0,1.0,2,23.0,5.0,6.0,2.0,9.0,10.0,13.0,0.0,0.0,2.0,0.0,0.0
921,6,47,1,0.0,0.0,1,5.0,17.0,2.0,4.0,12.0,12.0,2.0,5.0,2.0,1.0,0.0,0.0
922,28,33,0,3.0,0.0,0,17.0,8.0,9.0,1.0,9.0,7.0,10.0,1.0,0.0,1.0,0.0,0.0
923,0,1,0,1.0,0.0,0,22.0,4.0,9.0,3.0,10.0,14.0,10.0,3.0,2.0,3.0,0.0,0.0
924,45,42,1,0.0,1.0,2,14.0,13.0,4.0,4.0,10.0,9.0,3.0,4.0,2.0,5.0,0.0,0.0
925,16,8,1,0.0,0.0,1,13.0,9.0,4.0,3.0,11.0,8.0,4.0,6.0,1.0,2.0,0.0,0.0
926,24,18,1,0.0,1.0,2,14.0,7.0,5.0,2.0,10.0,9.0,10.0,2.0,3.0,3.0,0.0,0.0
927,38,14,0,2.0,1.0,0,9.0,10.0,7.0,4.0,15.0,10.0,5.0,3.0,2.0,1.0,0.0,0.0
928,19,9,0,0.0,0.0,1,10.0,7.0,3.0,4.0,9.0,11.0,3.0,3.0,2.0,1.0,0.0,0.0
929,47,31,1,1.0,0.0,0,10.0,21.0,4.0,6.0,10.0,11.0,4.0,13.0,2.0,1.0,0.0,0.0
930,1,45,2,0.0,0.0,1,9.0,7.0,3.0,2.0,10.0,10.0,3.0,2.0,2.0,0.0,0.0,0.0
931,33,42,2,0.0,1.0,2,17.0,18.0,1.0,7.0,11.0,13.0,6.0,1.0,6.0,1.0,0.0,0.0
932,9,24,0,0.0,0.0,1,13.0,10.0,4.0,2.0,10.0,14.0,5.0,3.0,2.0,3.0,0.0,0.0
933,26,6,0,5.0,0.0,0,19.0,5.0,12.0,2.0,6.0,5.0,8.0,1.0,0.0,1.0,0.0,0.0
934,38,29,2,0.0,0.0,1,17.0,11.0,5.0,6.0,4.0,14.0,5.0,3.0,0.0,3.0,0.0,0.0
935,14,25,0,0.0,0.0,1,7.0,17.0,3.0,5.0,10.0,7.0,3.0,11.0,1.0,2.0,1.0,0.0
936,8,18,1,0.0,1.0,2,19.0,14.0,5.0,7.0,8.0,8.0,8.0,5.0,2.0,2.0,0.0,0.0
937,28,16,0,0.0,2.0,2,18.0,2.0,5.0,2.0,14.0,8.0,6.0,1.0,1.0,2.0,0.0,0.0
938,0,19,0,0.0,0.0,1,22.0,11.0,8.0,3.0,6.0,12.0,9.0,2.0,2.0,3.0,0.0,0.0
939,29,26,0,1.0,0.0,0,12.0,17.0,4.0,5.0,11.0,7.0,6.0,8.0,3.0,1.0,0.0,0.0
940,31,28,1,2.0,1.0,0,12.0,21.0,6.0,10.0,14.0,7.0,5.0,5.0,4.0,2.0,0.0,0.0
941,24,14,0,2.0,0.0,0,12.0,14.0,6.0,3.0,16.0,15.0,4.0,6.0,0.0,1.0,0.0,1.0
942,45,9,2,0.0,1.0,2,13.0,11.0,3.0,2.0,10.0,7.0,5.0,4.0,2.0,0.0,0.0,0.0
943,25,38,2,0.0,0.0,1,6.0,9.0,1.0,3.0,11.0,15.0,2.0,5.0,2.0,3.0,0.0,0.0
944,6,0,2,0.0,2.0,2,6.0,14.0,1.0,6.0,12.0,10.0,3.0,4.0,2.0,1.0,0.0,0.0
945,42,47,0,0.0,0.0,1,11.0,20.0,4.0,3.0,10.0,8.0,8.0,6.0,2.0,2.0,0.0,0.0
946,19,8,0,2.0,1.0,0,18.0,13.0,9.0,5.0,13.0,7.0,6.0,3.0,3.0,2.0,0.0,0.0
947,16,1,0,1.0,1.0,1,17.0,13.0,9.0,5.0,16.0,14.0,4.0,2.0,2.0,1.0,0.0,0.0
948,18,33,1,0.0,0.0,1,19.0,14.0,8.0,5.0,6.0,9.0,6.0,2.0,3.0,2.0,0.0,0.0
949,26,16,1,0.0,1.0,2,24.0,7.0,4.0,3.0,7.0,8.0,4.0,2.0,2.0,4.0,1.0,0.0
950,33,45,0,1.0,0.0,0,13.0,19.0,6.0,5.0,10.0,11.0,6.0,7.0,4.0,1.0,0.0,0.0
951,14,42,1,1.0,0.0,0,16.0,10.0,3.0,5.0,9.0,9.0,8.0,5.0,3.0,0.0,0.0,0.0
952,28,6,0,3.0,0.0,0,19.0,3.0,7.0,1.0,9.0,9.0,11.0,1.0,0.0,3.0,0.0,0.0
953,0,25,0,2.0,0.0,0,19.0,6.0,7.0,2.0,15.0,9.0,6.0,2.0,1.0,1.0,0.0,0.0
954,47,19,1,0.0,0.0,1,7.0,9.0,1.0,3.0,7.0,14.0,5.0,3.0,3.0,3.0,0.0,0.0
955,8,29,0,4.0,0.0,0,13.0,15.0,7.0,4.0,6.0,15.0,8.0,2.0,0.0,4.0,0.0,0.0
956,1,18,0,1.0,0.0,0,12.0,15.0,4.0,4.0,9.0,7.0,5.0,8.0,4.0,1.0,0.0,0.0
957,9,31,1,0.0,0.0,1,13.0,4.0,7.0,1.0,8.0,6.0,7.0,3.0,2.0,3.0,0.0,0.0
958,38,24,1,0.0,0.0,1,14.0,13.0,4.0,5.0,10.0,12.0,2.0,5.0,1.0,3.0,0.0,0.0
959,25,8,1,1.0,0.0,0,14.0,8.0,5.0,3.0,6.0,5.0,5.0,6.0,0.0,0.0,0.0,0.0
960,29,9,2,0.0,2.0,2,17.0,15.0,5.0,4.0,7.0,12.0,6.0,2.0,4.0,1.0,0.0,0.0
961,45,28,2,0.0,1.0,2,6.0,14.0,1.0,2.0,8.0,4.0,1.0,4.0,0.0,1.0,0.0,0.0
962,31,33,0,0.0,0.0,1,23.0,5.0,10.0,0.0,9.0,14.0,11.0,1.0,0.0,3.0,0.0,0.0
963,6,1,0,1.0,0.0,0,7.0,15.0,3.0,2.0,18.0,16.0,5.0,5.0,3.0,3.0,0.0,0.0
964,19,26,1,1.0,0.0,0,9.0,11.0,3.0,4.0,7.0,9.0,4.0,4.0,2.0,0.0,0.0,0.0
965,42,38,0,2.0,1.0,0,18.0,10.0,8.0,2.0,11.0,6.0,10.0,2.0,3.0,0.0,0.0,0.0
966,24,47,0,1.0,1.0,1,12.0,15.0,4.0,6.0,13.0,9.0,6.0,4.0,2.0,0.0,0.0,0.0
967,18,14,2,0.0,1.0,2,8.0,15.0,4.0,6.0,14.0,11.0,4.0,16.0,3.0,2.0,0.0,0.0
968,16,0,2,0.0,1.0,2,10.0,10.0,2.0,2.0,16.0,11.0,3.0,5.0,1.0,2.0,0.0,0.0
969,9,45,0,0.0,1.0,2,18.0,7.0,7.0,2.0,9.0,9.0,5.0,6.0,1.0,1.0,0.0,0.0
970,0,18,0,2.0,1.0,0,26.0,6.0,9.0,2.0,8.0,9.0,12.0,2.0,0.0,1.0,0.0,0.0
971,26,47,0,1.0,1.0,1,29.0,7.0,8.0,5.0,6.0,3.0,5.0,3.0,1.0,0.0,0.0,0.0
972,16,29,0,1.0,0.0,0,6.0,10.0,3.0,4.0,12.0,22.0,3.0,6.0,2.0,4.0,0.0,0.0
973,32,42,2,0.0,2.0,2,9.0,19.0,0.0,13.0,13.0,7.0,3.0,2.0,3.0,1.0,0.0,0.0
974,14,43,0,1.0,0.0,0,19.0,8.0,8.0,3.0,9.0,9.0,3.0,3.0,0.0,0.0,0.0,0.0
975,25,38,0,0.0,0.0,1,12.0,7.0,6.0,2.0,10.0,5.0,3.0,3.0,0.0,1.0,0.0,0.0
976,11,31,2,0.0,1.0,2,12.0,8.0,5.0,6.0,8.0,9.0,8.0,2.0,1.0,0.0,0.0,0.0
977,28,1,0,0.0,1.0,2,24.0,4.0,5.0,2.0,5.0,11.0,13.0,1.0,0.0,1.0,0.0,0.0
978,8,24,2,0.0,0.0,1,14.0,14.0,5.0,6.0,11.0,13.0,3.0,2.0,2.0,1.0,1.0,0.0
979,18,16,0,0.0,2.0,2,12.0,7.0,6.0,5.0,9.0,13.0,4.0,5.0,2.0,3.0,0.0,0.0
980,1,11,1,0.0,1.0,2,22.0,10.0,9.0,5.0,11.0,20.0,13.0,6.0,0.0,1.0,0.0,1.0
981,14,25,1,1.0,1.0,1,20.0,2.0,7.0,1.0,13.0,7.0,6.0,0.0,4.0,1.0,0.0,0.0
982,38,26,2,1.0,1.0,1,4.0,24.0,2.0,5.0,6.0,6.0,1.0,9.0,2.0,0.0,0.0,0.0
983,31,0,0,0.0,0.0,1,16.0,11.0,4.0,2.0,11.0,8.0,12.0,8.0,0.0,3.0,0.0,0.0
984,1,16,1,0.0,0.0,1,13.0,16.0,4.0,4.0,11.0,15.0,1.0,5.0,1.0,3.0,0.0,0.0
985,47,32,1,0.0,1.0,2,17.0,11.0,4.0,2.0,5.0,10.0,5.0,3.0,0.0,3.0,0.0,0.0
986,43,25,2,1.0,2.0,2,13.0,13.0,5.0,7.0,4.0,6.0,7.0,3.0,0.0,1.0,0.0,0.0
987,24,9,1,0.0,1.0,2,19.0,16.0,5.0,6.0,16.0,8.0,8.0,1.0,3.0,2.0,0.0,0.0
988,18,8,2,2.0,1.0,0,10.0,18.0,5.0,7.0,8.0,8.0,5.0,2.0,0.0,3.0,2.0,0.0
989,45,28,1,2.0,0.0,0,6.0,31.0,2.0,8.0,9.0,5.0,4.0,9.0,3.0,1.0,0.0,0.0
990,42,11,0,1.0,0.0,0,21.0,8.0,8.0,1.0,12.0,8.0,8.0,2.0,3.0,2.0,0.0,0.0
991,42,0,0,2.0,0.0,0,16.0,8.0,6.0,4.0,8.0,15.0,2.0,2.0,1.0,3.0,0.0,1.0
992,47,28,2,1.0,3.0,2,7.0,16.0,3.0,5.0,2.0,10.0,6.0,2.0,0.0,1.0,0.0,0.0
993,25,32,0,0.0,0.0,1,20.0,9.0,8.0,5.0,10.0,5.0,10.0,2.0,0.0,0.0,0.0,0.0
994,43,18,1,0.0,0.0,1,6.0,16.0,0.0,5.0,5.0,12.0,1.0,13.0,1.0,2.0,0.0,0.0
995,24,14,2,0.0,1.0,2,5.0,17.0,0.0,4.0,10.0,14.0,1.0,5.0,1.0,0.0,1.0,0.0
996,1,26,2,1.0,1.0,1,9.0,17.0,4.0,6.0,10.0,12.0,2.0,3.0,0.0,0.0,0.0,0.0
997,0,24,0,2.0,0.0,0,19.0,3.0,9.0,2.0,13.0,15.0,8.0,2.0,2.0,2.0,0.0,1.0
998,32,45,2,0.0,3.0,2,8.0,13.0,2.0,5.0,7.0,7.0,9.0,5.0,1.0,1.0,0.0,0.0
999,28,31,0,2.0,0.0,0,21.0,7.0,9.0,3.0,6.0,11.0,8.0,2.0,1.0,3.0,0.0,0.0
1000,25,18,2,1.0,2.0,2,16.0,10.0,9.0,4.0,11.0,6.0,6.0,1.0,3.0,0.0,0.0,0.0
1001,9,29,0,1.0,0.0,0,17.0,15.0,6.0,5.0,13.0,9.0,7.0,6.0,0.0,2.0,0.0,0.0
1002,14,47,1,0.0,0.0,1,19.0,14.0,6.0,4.0,7.0,11.0,9.0,3.0,1.0,3.0,0.0,0.0
1003,11,1,2,0.0,2.0,2,14.0,12.0,6.0,7.0,13.0,11.0,4.0,5.0,1.0,2.0,0.0,0.0
1004,16,43,0,1.0,0.0,0,15.0,6.0,7.0,1.0,11.0,18.0,8.0,5.0,2.0,1.0,0.0,1.0
1005,26,42,1,0.0,0.0,1,22.0,8.0,3.0,3.0,12.0,8.0,11.0,5.0,3.0,2.0,0.0,0.0
1006,8,38,0,2.0,0.0,0,18.0,19.0,5.0,4.0,12.0,9.0,4.0,7.0,0.0,1.0,0.0,0.0
1007,29,8,0,1.0,0.0,0,9.0,12.0,5.0,4.0,4.0,6.0,3.0,8.0,1.0,0.0,0.0,0.0
1008,45,0,2,1.0,1.0,1,8.0,13.0,3.0,7.0,8.0,9.0,3.0,7.0,2.0,2.0,0.0,0.0
1009,18,14,0,0.0,0.0,1,9.0,17.0,4.0,5.0,9.0,12.0,3.0,8.0,3.0,5.0,0.0,0.0
1010,42,25,0,1.0,0.0,0,13.0,6.0,7.0,2.0,13.0,8.0,7.0,3.0,2.0,3.0,0.0,0.0
1011,24,28,2,0.0,1.0,2,7.0,19.0,2.0,6.0,13.0,3.0,3.0,6.0,1.0,2.0,0.0,0.0
1012,43,11,2,1.0,0.0,0,13.0,17.0,1.0,6.0,13.0,9.0,5.0,6.0,1.0,2.0,0.0,0.0
1013,31,26,2,0.0,1.0,2,4.0,24.0,2.0,10.0,11.0,11.0,0.0,6.0,1.0,3.0,0.0,0.0
1014,1,32,0,1.0,0.0,0,21.0,9.0,6.0,3.0,16.0,8.0,2.0,3.0,4.0,1.0,0.0,0.0
1015,38,16,2,1.0,0.0,0,8.0,14.0,3.0,5.0,13.0,11.0,6.0,7.0,1.0,3.0,0.0,0.0
1016,47,9,2,0.0,1.0,2,11.0,17.0,1.0,9.0,6.0,4.0,7.0,3.0,2.0,1.0,0.0,0.0
1017,29,14,1,0.0,0.0,1,6.0,21.0,3.0,6.0,9.0,12.0,2.0,9.0,0.0,1.0,0.0,0.0
1018,16,24,1,0.0,0.0,1,17.0,9.0,7.0,2.0,12.0,13.0,6.0,3.0,2.0,2.0,0.0,0.0
1019,14,45,0,0.0,0.0,1,26.0,6.0,5.0,2.0,11.0,9.0,3.0,1.0,1.0,0.0,0.0,1.0
1020,26,18,0,0.0,0.0,1,18.0,9.0,4.0,1.0,8.0,8.0,13.0,1.0,2.0,5.0,0.0,0.0
1021,11,47,0,0.0,0.0,1,14.0,10.0,5.0,4.0,8.0,7.0,3.0,6.0,3.0,1.0,0.0,0.0
1022,9,38,1,2.0,1.0,0,8.0,18.0,5.0,5.0,12.0,7.0,6.0,6.0,1.0,0.0,0.0,0.0
1023,0,29,0,2.0,1.0,0,14.0,14.0,7.0,5.0,9.0,12.0,1.0,7.0,3.0,4.0,0.0,0.0
1024,25,1,1,0.0,0.0,1,5.0,11.0,2.0,3.0,15.0,16.0,7.0,6.0,3.0,2.0,0.0,0.0
1025,8,42,1,0.0,0.0,1,15.0,9.0,2.0,0.0,8.0,7.0,12.0,8.0,2.0,1.0,0.0,0.0
1026,32,31,2,0.0,2.0,2,5.0,13.0,2.0,7.0,11.0,10.0,2.0,3.0,0.0,2.0,0.0,0.0
1027,28,43,0,3.0,1.0,0,21.0,5.0,8.0,2.0,9.0,7.0,11.0,4.0,1.0,0.0,0.0,0.0
1028,11,38,0,2.0,0.0,0,16.0,11.0,6.0,3.0,7.0,7.0,10.0,10.0,2.0,2.0,0.0,0.0
1029,18,25,1,0.0,1.0,2,13.0,11.0,3.0,3.0,8.0,17.0,5.0,4.0,3.0,1.0,0.0,0.0
1030,14,0,2,2.0,2.0,1,11.0,14.0,2.0,4.0,7.0,6.0,6.0,1.0,3.0,1.0,0.0,0.0
1031,31,16,0,1.0,0.0,0,13.0,10.0,4.0,2.0,12.0,12.0,2.0,5.0,1.0,1.0,0.0,0.0
1032,28,9,0,0.0,0.0,1,17.0,2.0,5.0,1.0,12.0,7.0,7.0,4.0,0.0,3.0,0.0,0.0
1033,26,29,0,2.0,0.0,0,14.0,2.0,5.0,1.0,3.0,6.0,10.0,2.0,1.0,2.0,0.0,0.0
1034,31,25,0,1.0,1.0,1,16.0,8.0,7.0,2.0,10.0,10.0,3.0,5.0,2.0,2.0,0.0,0.0
1035,45,11,1,0.0,1.0,2,21.0,9.0,8.0,1.0,9.0,10.0,13.0,4.0,2.0,2.0,0.0,0.0
1036,29,32,0,2.0,1.0,0,20.0,15.0,9.0,4.0,7.0,6.0,6.0,7.0,0.0,0.0,0.0,0.0
1037,43,8,2,0.0,1.0,2,17.0,16.0,4.0,5.0,11.0,9.0,6.0,5.0,2.0,1.0,0.0,0.0
1038,38,0,0,1.0,0.0,0,9.0,23.0,3.0,6.0,6.0,6.0,6.0,8.0,2.0,1.0,0.0,0.0
1039,42,9,2,0.0,0.0,1,5.0,12.0,0.0,5.0,14.0,10.0,4.0,4.0,3.0,3.0,0.0,0.0
1040,32,11,0,1.0,0.0,0,17.0,18.0,6.0,4.0,12.0,10.0,6.0,7.0,1.0,1.0,0.0,0.0
1041,8,45,0,0.0,0.0,1,15.0,5.0,7.0,1.0,2.0,6.0,4.0,6.0,0.0,1.0,0.0,0.0
1042,25,16,0,2.0,0.0,0,12.0,11.0,3.0,3.0,11.0,12.0,3.0,4.0,1.0,1.0,0.0,0.0
1043,28,26,1,2.0,1.0,0,11.0,6.0,5.0,4.0,9.0,11.0,4.0,1.0,1.0,4.0,0.0,0.0
1044,0,9,2,0.0,1.0,2,20.0,8.0,4.0,3.0,12.0,19.0,11.0,2.0,3.0,4.0,0.0,0.0
1045,43,24,2,0.0,1.0,2,8.0,10.0,1.0,5.0,8.0,12.0,3.0,8.0,2.0,0.0,0.0,0.0
1046,38,14,2,0.0,4.0,2,4.0,24.0,1.0,14.0,11.0,10.0,3.0,3.0,1.0,0.0,0.0,0.0
1047,18,29,0,1.0,0.0,0,7.0,12.0,3.0,4.0,4.0,10.0,5.0,7.0,2.0,2.0,0.0,0.0
1048,1,42,2,0.0,1.0,2,9.0,11.0,8.0,5.0,12.0,14.0,9.0,3.0,2.0,3.0,0.0,0.0
1049,31,47,0,0.0,0.0,1,12.0,5.0,4.0,2.0,6.0,13.0,1.0,2.0,1.0,1.0,0.0,0.0
1050,11,18,0,1.0,2.0,2,13.0,16.0,4.0,4.0,11.0,16.0,9.0,6.0,2.0,2.0,0.0,0.0
1051,16,0,0,2.0,0.0,0,6.0,12.0,5.0,3.0,11.0,15.0,0.0,2.0,0.0,2.0,0.0,0.0
1052,45,18,0,1.0,0.0,0,11.0,13.0,5.0,2.0,9.0,12.0,2.0,4.0,1.0,1.0,0.0,1.0
1053,42,31,0,1.0,1.0,1,19.0,8.0,6.0,1.0,10.0,7.0,2.0,3.0,2.0,3.0,0.0,0.0
1054,47,1,0,2.0,0.0,0,11.0,15.0,5.0,5.0,15.0,8.0,4.0,9.0,4.0,3.0,0.0,0.0
1055,11,28,2,0.0,2.0,2,3.0,18.0,1.0,6.0,11.0,6.0,1.0,8.0,1.0,0.0,0.0,0.0
1056,14,8,2,0.0,0.0,1,21.0,17.0,8.0,6.0,11.0,7.0,12.0,7.0,0.0,0.0,0.0,0.0
1057,24,38,1,1.0,0.0,0,12.0,14.0,3.0,6.0,14.0,7.0,4.0,7.0,1.0,1.0,0.0,0.0
1058,9,32,1,0.0,0.0,1,31.0,6.0,4.0,0.0,12.0,11.0,11.0,2.0,1.0,1.0,0.0,0.0
1059,29,25,1,0.0,0.0,1,11.0,11.0,5.0,3.0,13.0,6.0,6.0,5.0,2.0,2.0,0.0,0.0
1060,26,43,0,1.0,0.0,0,20.0,5.0,3.0,2.0,9.0,8.0,9.0,3.0,1.0,1.0,0.0,0.0
1061,25,8,0,2.0,0.0,0,12.0,15.0,4.0,6.0,10.0,10.0,2.0,5.0,1.0,2.0,0.0,0.0
1062,42,45,0,2.0,1.0,0,17.0,6.0,4.0,1.0,7.0,7.0,5.0,3.0,0.0,1.0,0.0,0.0
1063,1,0,2,0.0,1.0,2,8.0,10.0,1.0,3.0,13.0,14.0,6.0,5.0,3.0,3.0,0.0,0.0
1064,47,24,2,2.0,0.0,0,14.0,15.0,8.0,6.0,13.0,14.0,2.0,5.0,1.0,4.0,1.0,0.0
1065,18,31,0,0.0,0.0,1,9.0,17.0,3.0,6.0,13.0,11.0,5.0,7.0,2.0,1.0,1.0,0.0
1066,9,42,2,0.0,1.0,2,15.0,17.0,0.0,7.0,11.0,9.0,6.0,3.0,2.0,2.0,0.0,0.0
1067,0,26,2,0.0,0.0,1,9.0,9.0,2.0,3.0,9.0,9.0,1.0,6.0,0.0,1.0,0.0,0.0
1068,16,28,1,0.0,0.0,1,7.0,18.0,1.0,4.0,6.0,11.0,2.0,6.0,3.0,1.0,0.0,0.0
1069,24,32,0,1.0,0.0,0,13.0,12.0,7.0,4.0,18.0,8.0,6.0,2.0,3.0,1.0,0.0,0.0
1070,14,31,0,0.0,0.0,1,8.0,7.0,3.0,2.0,17.0,16.0,7.0,2.0,4.0,3.0,0.0,0.0
1071,38,43,2,1.0,2.0,2,13.0,9.0,7.0,5.0,8.0,12.0,11.0,3.0,3.0,2.0,0.0,0.0
1072,45,1,0,0.0,0.0,1,11.0,13.0,4.0,7.0,9.0,3.0,5.0,7.0,1.0,0.0,0.0,0.0
1073,18,47,2,0.0,0.0,1,8.0,14.0,2.0,3.0,13.0,11.0,5.0,2.0,2.0,1.0,1.0,0.0
1074,0,25,0,1.0,0.0,0,21.0,6.0,8.0,3.0,8.0,10.0,2.0,6.0,0.0,3.0,0.0,0.0
1075,8,11,0,0.0,0.0,1,13.0,7.0,4.0,1.0,6.0,10.0,2.0,9.0,1.0,1.0,0.0,1.0
1076,9,26,2,0.0,1.0,2,8.0,18.0,3.0,9.0,12.0,15.0,7.0,6.0,3.0,1.0,0.0,0.0
1077,29,42,0,2.0,1.0,0,10.0,10.0,6.0,3.0,8.0,7.0,4.0,5.0,2.0,1.0,0.0,0.0
1078,24,1,2,0.0,1.0,2,4.0,15.0,1.0,9.0,17.0,11.0,3.0,5.0,5.0,3.0,0.0,0.0
1079,32,14,2,0.0,2.0,2,9.0,15.0,3.0,7.0,8.0,15.0,3.0,8.0,0.0,2.0,0.0,0.0
1080,47,43,0,2.0,0.0,0,10.0,9.0,5.0,0.0,11.0,10.0,5.0,2.0,2.0,2.0,0.0,0.0
1081,38,31,2,1.0,1.0,1,14.0,8.0,5.0,4.0,6.0,7.0,12.0,5.0,1.0,1.0,0.0,0.0
1082,42,18,0,3.0,0.0,0,14.0,6.0,7.0,0.0,15.0,10.0,5.0,2.0,2.0,0.0,0.0,0.0
1083,28,29,0,2.0,1.0,0,24.0,5.0,10.0,2.0,10.0,14.0,9.0,3.0,0.0,1.0,0.0,0.0
1084,43,0,2,1.0,2.0,2,13.0,16.0,7.0,4.0,5.0,11.0,1.0,5.0,1.0,2.0,0.0,0.0
1085,25,24,0,0.0,0.0,1,7.0,19.0,4.0,4.0,9.0,12.0,5.0,10.0,1.0,2.0,0.0,0.0
1086,32,8,2,0.0,1.0,2,15.0,10.0,7.0,6.0,13.0,18.0,5.0,5.0,2.0,5.0,0.0,0.0
1087,47,16,2,0.0,2.0,2,12.0,12.0,5.0,8.0,13.0,8.0,7.0,7.0,0.0,3.0,0.0,0.0
1088,1,38,0,2.0,0.0,0,14.0,11.0,9.0,1.0,10.0,8.0,4.0,7.0,1.0,1.0,0.0,0.0
1089,31,9,0,2.0,0.0,0,10.0,15.0,4.0,4.0,8.0,10.0,4.0,7.0,1.0,1.0,0.0,0.0
1090,11,14,2,0.0,0.0,1,6.0,11.0,1.0,5.0,12.0,7.0,5.0,2.0,2.0,0.0,0.0,0.0
1091,26,45,0,1.0,0.0,0,22.0,13.0,5.0,5.0,7.0,7.0,4.0,6.0,2.0,1.0,0.0,0.0
1092,11,25,2,0.0,0.0,1,9.0,22.0,2.0,6.0,10.0,13.0,6.0,8.0,1.0,1.0,0.0,0.0
1093,45,47,0,0.0,0.0,1,13.0,14.0,4.0,1.0,8.0,2.0,3.0,5.0,1.0,0.0,0.0,0.0
1094,16,11,1,1.0,0.0,0,11.0,5.0,4.0,1.0,5.0,17.0,5.0,4.0,0.0,2.0,0.0,0.0
1095,29,43,1,0.0,0.0,1,22.0,10.0,3.0,2.0,2.0,7.0,4.0,3.0,0.0,0.0,0.0,0.0
1096,18,28,2,0.0,0.0,1,6.0,13.0,2.0,8.0,7.0,14.0,3.0,4.0,3.0,2.0,0.0,0.0
1097,9,1,2,0.0,1.0,2,12.0,9.0,1.0,4.0,17.0,11.0,7.0,2.0,4.0,5.0,0.0,0.0
1098,24,42,2,0.0,3.0,2,19.0,15.0,3.0,11.0,16.0,11.0,3.0,6.0,4.0,2.0,0.0,0.0
1099,8,31,2,0.0,2.0,2,6.0,26.0,1.0,11.0,9.0,7.0,6.0,6.0,3.0,1.0,1.0,0.0
1100,38,32,0,1.0,0.0,0,27.0,8.0,9.0,1.0,12.0,9.0,13.0,6.0,1.0,2.0,0.0,0.0
1101,0,47,0,0.0,1.0,2,26.0,6.0,5.0,2.0,8.0,9.0,5.0,4.0,1.0,1.0,0.0,0.0
1102,43,16,2,1.0,2.0,2,8.0,7.0,1.0,5.0,12.0,9.0,6.0,4.0,2.0,1.0,0.0,0.0
1103,11,42,0,0.0,0.0,1,15.0,12.0,4.0,2.0,8.0,8.0,3.0,7.0,0.0,0.0,0.0,0.0
1104,26,24,0,3.0,0.0,0,23.0,3.0,15.0,2.0,5.0,11.0,4.0,0.0,0.0,3.0,0.0,0.0
1105,47,25,0,1.0,1.0,1,11.0,17.0,3.0,7.0,12.0,9.0,7.0,10.0,4.0,4.0,0.0,0.0
1106,24,29,2,0.0,2.0,2,16.0,15.0,6.0,9.0,13.0,19.0,3.0,3.0,6.0,3.0,0.0,0.0
1107,16,14,2,0.0,0.0,1,7.0,9.0,0.0,3.0,4.0,20.0,4.0,4.0,1.0,3.0,0.0,0.0
1108,26,32,0,0.0,0.0,1,29.0,6.0,8.0,1.0,7.0,8.0,9.0,4.0,0.0,1.0,0.0,0.0
1109,28,42,2,1.0,1.0,1,21.0,6.0,4.0,5.0,5.0,7.0,10.0,0.0,0.0,3.0,0.0,0.0
1110,45,31,1,1.0,1.0,1,11.0,14.0,3.0,3.0,3.0,7.0,3.0,7.0,3.0,3.0,0.0,0.0
1111,38,18,0,0.0,0.0,1,19.0,9.0,11.0,0.0,6.0,9.0,4.0,4.0,0.0,2.0,0.0,0.0
1112,9,11,2,0.0,2.0,2,11.0,10.0,1.0,4.0,12.0,12.0,4.0,4.0,1.0,4.0,0.0,0.0
1113,0,8,0,0.0,0.0,1,24.0,6.0,8.0,2.0,10.0,5.0,14.0,0.0,1.0,1.0,0.0,0.0
1114,1,43,2,0.0,0.0,1,20.0,8.0,1.0,4.0,12.0,7.0,10.0,5.0,1.0,2.0,0.0,0.0
1115,29,9,0,0.0,0.0,1,19.0,10.0,7.0,3.0,8.0,10.0,10.0,2.0,3.0,1.0,0.0,1.0
1116,25,45,1,1.0,1.0,1,13.0,8.0,2.0,3.0,10.0,9.0,5.0,4.0,1.0,2.0,0.0,0.0
1117,42,47,2,0.0,2.0,2,17.0,11.0,7.0,7.0,13.0,13.0,7.0,3.0,3.0,1.0,0.0,0.0
1118,31,1,0,1.0,0.0,0,10.0,11.0,2.0,1.0,22.0,15.0,3.0,6.0,3.0,4.0,0.0,0.0
1119,11,26,2,0.0,1.0,2,8.0,12.0,5.0,4.0,7.0,6.0,5.0,8.0,0.0,1.0,0.0,0.0
1120,43,9,2,0.0,1.0,2,9.0,11.0,1.0,6.0,16.0,9.0,4.0,5.0,3.0,2.0,0.0,0.0
1121,32,28,2,0.0,1.0,2,8.0,22.0,3.0,9.0,7.0,8.0,4.0,12.0,0.0,2.0,0.0,0.0
1122,18,24,0,2.0,0.0,0,21.0,7.0,10.0,0.0,8.0,9.0,5.0,3.0,1.0,1.0,0.0,0.0
1123,8,16,1,0.0,0.0,1,9.0,6.0,2.0,3.0,10.0,10.0,3.0,9.0,1.0,0.0,0.0,0.0
1124,29,38,1,1.0,0.0,0,12.0,13.0,8.0,4.0,12.0,13.0,1.0,4.0,4.0,0.0,0.0,0.0
1125,47,0,2,0.0,1.0,2,15.0,12.0,4.0,2.0,12.0,13.0,7.0,4.0,2.0,3.0,0.0,1.0
1126,26,25,0,1.0,0.0,0,22.0,5.0,11.0,1.0,11.0,7.0,7.0,6.0,1.0,0.0,0.0,0.0
1127,1,24,1,3.0,2.0,0,12.0,16.0,4.0,8.0,11.0,9.0,6.0,11.0,1.0,3.0,1.0,0.0
1128,32,16,1,1.0,0.0,0,5.0,13.0,1.0,5.0,11.0,15.0,4.0,6.0,1.0,2.0,0.0,0.0
1129,28,8,0,1.0,0.0,0,15.0,6.0,7.0,2.0,7.0,13.0,9.0,3.0,0.0,0.0,0.0,0.0
1130,42,38,2,1.0,1.0,1,8.0,23.0,3.0,10.0,7.0,13.0,2.0,8.0,2.0,3.0,0.0,0.0
1131,31,18,0,1.0,1.0,1,20.0,11.0,9.0,3.0,13.0,13.0,6.0,2.0,2.0,3.0,0.0,0.0
1132,11,29,1,0.0,1.0,2,9.0,22.0,3.0,5.0,11.0,10.0,2.0,10.0,2.0,1.0,0.0,0.0
1133,45,43,0,0.0,0.0,1,9.0,6.0,3.0,1.0,1.0,6.0,5.0,6.0,1.0,0.0,0.0,0.0
1134,11,43,1,0.0,0.0,1,13.0,11.0,2.0,5.0,16.0,9.0,4.0,7.0,1.0,2.0,0.0,0.0
1135,25,9,1,0.0,0.0,1,15.0,14.0,5.0,5.0,6.0,8.0,4.0,5.0,0.0,1.0,0.0,0.0
1136,16,26,2,0.0,2.0,2,8.0,15.0,5.0,7.0,12.0,10.0,2.0,5.0,4.0,1.0,0.0,0.0
1137,14,42,0,0.0,0.0,1,15.0,6.0,7.0,3.0,17.0,14.0,10.0,3.0,2.0,1.0,0.0,0.0
1138,0,11,1,0.0,0.0,1,20.0,10.0,5.0,1.0,9.0,13.0,12.0,4.0,0.0,2.0,0.0,0.0
1139,38,28,1,1.0,0.0,0,7.0,20.0,3.0,5.0,13.0,5.0,2.0,11.0,3.0,0.0,0.0,0.0
1140,24,31,2,0.0,0.0,1,13.0,15.0,4.0,3.0,9.0,9.0,6.0,7.0,4.0,2.0,0.0,0.0
1141,8,47,2,0.0,0.0,1,11.0,7.0,1.0,2.0,6.0,7.0,6.0,3.0,2.0,3.0,0.0,0.0
1142,18,1,2,0.0,1.0,2,15.0,8.0,1.0,3.0,14.0,16.0,9.0,2.0,5.0,3.0,0.0,0.0
1143,29,45,0,0.0,0.0,1,18.0,6.0,3.0,1.0,9.0,8.0,3.0,3.0,1.0,1.0,0.0,0.0
1144,43,32,2,0.0,0.0,1,15.0,7.0,4.0,2.0,16.0,11.0,5.0,1.0,0.0,1.0,1.0,0.0
1145,8,29,2,0.0,0.0,1,18.0,13.0,8.0,5.0,7.0,9.0,6.0,9.0,0.0,0.0,0.0,0.0
1146,25,42,2,1.0,1.0,1,14.0,27.0,4.0,10.0,6.0,12.0,3.0,8.0,1.0,2.0,0.0,0.0
1147,9,14,1,0.0,1.0,2,10.0,15.0,2.0,3.0,8.0,5.0,5.0,7.0,1.0,2.0,0.0,0.0
1148,26,8,0,1.0,0.0,0,27.0,6.0,13.0,1.0,6.0,6.0,9.0,0.0,0.0,1.0,0.0,0.0
1149,45,24,2,1.0,2.0,2,15.0,18.0,5.0,5.0,6.0,9.0,4.0,3.0,3.0,2.0,0.0,0.0
1150,1,29,1,0.0,1.0,2,13.0,13.0,9.0,6.0,8.0,13.0,3.0,6.0,1.0,2.0,0.0,0.0
1151,28,14,0,0.0,0.0,1,11.0,4.0,6.0,1.0,11.0,6.0,9.0,1.0,0.0,2.0,0.0,0.0
1152,32,18,0,2.0,0.0,0,14.0,12.0,3.0,5.0,12.0,14.0,8.0,8.0,3.0,1.0,0.0,0.0
1153,31,43,1,0.0,0.0,1,12.0,18.0,1.0,5.0,13.0,13.0,4.0,6.0,3.0,2.0,0.0,0.0
1154,47,38,0,1.0,0.0,0,9.0,13.0,5.0,10.0,13.0,14.0,2.0,10.0,2.0,3.0,0.0,0.0
1155,9,16,1,0.0,0.0,1,19.0,3.0,4.0,1.0,11.0,7.0,9.0,0.0,0.0,2.0,0.0,0.0
1156,45,32,0,1.0,0.0,0,13.0,7.0,5.0,3.0,9.0,8.0,11.0,2.0,0.0,0.0,0.0,0.0
1157,38,8,0,2.0,1.0,0,12.0,5.0,6.0,4.0,9.0,8.0,5.0,2.0,0.0,1.0,0.0,0.0
1158,29,47,2,0.0,0.0,1,9.0,19.0,2.0,6.0,9.0,8.0,3.0,8.0,3.0,1.0,0.0,0.0
1159,14,26,1,2.0,2.0,1,15.0,10.0,6.0,6.0,5.0,13.0,6.0,7.0,1.0,2.0,0.0,0.0
1160,18,9,2,0.0,2.0,2,17.0,12.0,6.0,5.0,5.0,12.0,8.0,5.0,1.0,1.0,0.0,0.0
1161,8,1,0,1.0,1.0,1,10.0,16.0,4.0,5.0,17.0,11.0,3.0,7.0,2.0,2.0,0.0,0.0
1162,24,11,0,1.0,0.0,0,22.0,8.0,7.0,2.0,11.0,7.0,9.0,3.0,2.0,1.0,0.0,0.0
1163,0,28,2,1.0,0.0,0,7.0,15.0,2.0,2.0,13.0,5.0,5.0,5.0,3.0,2.0,1.0,0.0
1164,16,45,2,0.0,3.0,2,22.0,10.0,6.0,5.0,6.0,16.0,9.0,1.0,0.0,2.0,0.0,0.0
1165,43,42,2,0.0,0.0,1,6.0,21.0,4.0,9.0,6.0,9.0,3.0,7.0,0.0,1.0,0.0,0.0
1166,29,11,0,3.0,1.0,0,18.0,10.0,6.0,3.0,5.0,10.0,7.0,5.0,0.0,0.0,0.0,0.0
1167,8,28,2,0.0,1.0,2,6.0,12.0,2.0,3.0,12.0,10.0,3.0,5.0,0.0,0.0,0.0,0.0
1168,14,9,1,1.0,0.0,0,11.0,18.0,5.0,6.0,14.0,7.0,10.0,8.0,4.0,1.0,0.0,0.0
1169,25,26,0,0.0,0.0,1,6.0,21.0,1.0,4.0,8.0,11.0,1.0,12.0,0.0,1.0,0.0,0.0
1170,43,45,2,1.0,2.0,2,14.0,13.0,5.0,6.0,12.0,12.0,4.0,5.0,0.0,1.0,0.0,0.0
1171,16,32,0,3.0,0.0,0,19.0,12.0,6.0,3.0,9.0,13.0,8.0,8.0,1.0,2.0,0.0,0.0
1172,38,42,1,1.0,1.0,1,9.0,21.0,2.0,11.0,15.0,5.0,3.0,7.0,2.0,2.0,1.0,0.0
1173,31,29,1,1.0,0.0,0,13.0,13.0,8.0,4.0,11.0,8.0,2.0,4.0,3.0,3.0,0.0,0.0
1174,9,8,0,2.0,0.0,0,15.0,16.0,5.0,6.0,8.0,10.0,6.0,9.0,1.0,3.0,0.0,0.0
1175,1,14,2,1.0,1.0,1,8.0,10.0,1.0,4.0,8.0,11.0,2.0,5.0,3.0,1.0,0.0,0.0
1176,28,25,0,4.0,0.0,0,17.0,14.0,9.0,8.0,11.0,9.0,14.0,4.0,1.0,2.0,0.0,0.0
1177,42,16,0,2.0,0.0,0,17.0,4.0,6.0,0.0,16.0,10.0,4.0,2.0,1.0,1.0,0.0,1.0
1178,45,38,2,0.0,1.0,2,11.0,11.0,5.0,6.0,10.0,9.0,10.0,2.0,2.0,3.0,0.0,0.0
1179,32,0,2,0.0,2.0,2,4.0,16.0,2.0,6.0,13.0,7.0,3.0,5.0,1.0,2.0,0.0,0.0
1180,42,26,1,1.0,1.0,1,10.0,18.0,5.0,6.0,12.0,11.0,6.0,4.0,4.0,4.0,0.0,1.0
1181,31,28,2,0.0,2.0,2,5.0,18.0,1.0,7.0,9.0,6.0,3.0,6.0,1.0,2.0,0.0,0.0
1182,47,14,1,0.0,0.0,1,4.0,8.0,1.0,1.0,9.0,7.0,4.0,9.0,0.0,2.0,0.0,0.0
1183,24,0,2,0.0,3.0,2,9.0,21.0,2.0,12.0,11.0,7.0,1.0,4.0,3.0,1.0,0.0,0.0
1184,26,31,0,2.0,1.0,0,23.0,4.0,8.0,2.0,9.0,4.0,11.0,0.0,1.0,3.0,0.0,0.0
1185,14,18,1,0.0,0.0,1,23.0,5.0,10.0,3.0,11.0,11.0,7.0,1.0,2.0,3.0,0.0,0.0
1186,0,45,0,0.0,0.0,1,21.0,7.0,8.0,1.0,8.0,9.0,5.0,2.0,2.0,0.0,0.0,1.0
1187,9,47,2,0.0,1.0,2,12.0,8.0,2.0,5.0,11.0,14.0,7.0,4.0,2.0,0.0,0.0,0.0
1188,16,38,1,1.0,2.0,2,9.0,15.0,6.0,4.0,16.0,20.0,4.0,6.0,2.0,4.0,0.0,0.0
1189,32,1,2,0.0,1.0,2,7.0,17.0,3.0,6.0,12.0,9.0,7.0,10.0,3.0,1.0,0.0,0.0
1190,28,24,0,3.0,0.0,0,31.0,6.0,15.0,3.0,5.0,9.0,6.0,2.0,1.0,1.0,0.0,0.0
1191,11,45,1,0.0,0.0,1,9.0,16.0,1.0,3.0,13.0,11.0,6.0,4.0,2.0,1.0,0.0,0.0
1192,25,31,0,1.0,0.0,0,8.0,12.0,5.0,3.0,9.0,16.0,4.0,6.0,2.0,3.0,0.0,0.0
1193,16,18,0,1.0,0.0,0,17.0,12.0,6.0,6.0,15.0,14.0,8.0,2.0,0.0,2.0,0.0,0.0
1194,14,24,0,1.0,1.0,1,16.0,12.0,6.0,5.0,9.0,15.0,5.0,2.0,2.0,5.0,0.0,0.0
1195,28,47,0,0.0,0.0,1,24.0,2.0,10.0,1.0,12.0,5.0,14.0,1.0,3.0,2.0,0.0,1.0
1196,0,38,0,2.0,0.0,0,15.0,11.0,5.0,6.0,5.0,9.0,9.0,8.0,2.0,0.0,0.0,0.0
1197,26,1,0,0.0,0.0,1,20.0,4.0,5.0,0.0,13.0,6.0,11.0,3.0,1.0,2.0,0.0,0.0
1198,32,29,2,0.0,0.0,1,11.0,13.0,5.0,5.0,6.0,17.0,8.0,6.0,1.0,1.0,0.0,0.0
1199,8,43,0,0.0,1.0,2,14.0,6.0,5.0,2.0,12.0,18.0,8.0,2.0,4.0,0.0,0.0,0.0
1200,18,0,0,0.0,1.0,2,11.0,10.0,5.0,3.0,8.0,12.0,3.0,3.0,2.0,2.0,0.0,0.0
1201,1,25,0,1.0,1.0,1,13.0,12.0,4.0,5.0,8.0,25.0,3.0,6.0,1.0,1.0,0.0,0.0
1202,42,32,0,1.0,0.0,0,17.0,10.0,7.0,1.0,11.0,4.0,6.0,4.0,1.0,2.0,0.0,0.0
1203,24,8,1,1.0,0.0,0,13.0,9.0,6.0,3.0,11.0,9.0,5.0,1.0,5.0,3.0,0.0,0.0
1204,29,16,0,0.0,0.0,1,16.0,8.0,3.0,2.0,16.0,9.0,9.0,6.0,2.0,2.0,0.0,0.0
1205,47,26,2,0.0,0.0,1,3.0,17.0,1.0,5.0,4.0,7.0,2.0,8.0,2.0,2.0,0.0,0.0
1206,45,14,0,1.0,2.0,2,11.0,19.0,5.0,7.0,10.0,10.0,1.0,9.0,1.0,3.0,0.0,0.0
1207,31,11,0,1.0,0.0,0,19.0,10.0,4.0,1.0,11.0,9.0,10.0,3.0,1.0,1.0,0.0,0.0
1208,38,9,1,1.0,0.0,0,14.0,14.0,4.0,4.0,15.0,12.0,6.0,2.0,4.0,2.0,0.0,0.0
1209,43,28,2,0.0,2.0,2,11.0,26.0,4.0,13.0,10.0,7.0,5.0,11.0,3.0,0.0,0.0,0.0
1210,42,8,0,1.0,0.0,0,11.0,6.0,6.0,2.0,13.0,11.0,11.0,5.0,0.0,0.0,0.0,0.0
1211,29,0,0,1.0,1.0,1,14.0,17.0,10.0,8.0,9.0,10.0,3.0,8.0,1.0,0.0,0.0,0.0
1212,1,28,2,0.0,2.0,2,9.0,17.0,3.0,7.0,8.0,12.0,4.0,11.0,0.0,0.0,0.0,0.0
1213,45,9,1,1.0,0.0,0,14.0,9.0,6.0,3.0,10.0,8.0,9.0,5.0,1.0,1.0,0.0,0.0
1214,43,14,2,1.0,1.0,1,13.0,8.0,6.0,4.0,18.0,16.0,6.0,0.0,4.0,3.0,0.0,0.0
1215,18,26,2,1.0,2.0,2,8.0,16.0,2.0,7.0,8.0,16.0,3.0,11.0,4.0,3.0,0.0,0.0
1216,47,11,1,0.0,0.0,1,16.0,6.0,2.0,1.0,5.0,7.0,5.0,5.0,2.0,3.0,0.0,0.0
1217,38,25,1,2.0,1.0,0,15.0,15.0,7.0,6.0,14.0,11.0,2.0,4.0,1.0,3.0,0.0,0.0
1218,31,32,1,0.0,0.0,1,9.0,16.0,1.0,6.0,8.0,11.0,2.0,5.0,0.0,0.0,0.0,1.0
1219,24,16,0,0.0,0.0,1,15.0,9.0,3.0,1.0,15.0,15.0,7.0,4.0,5.0,3.0,0.0,0.0
1220,8,18,0,1.0,0.0,0,6.0,14.0,4.0,5.0,8.0,11.0,3.0,3.0,4.0,3.0,0.0,0.0
1221,25,43,0,3.0,1.0,0,18.0,16.0,8.0,5.0,5.0,19.0,8.0,6.0,0.0,0.0,0.0,0.0
1222,14,29,1,0.0,0.0,1,24.0,3.0,6.0,2.0,13.0,14.0,15.0,2.0,2.0,5.0,0.0,0.0
1223,28,45,0,1.0,0.0,0,19.0,5.0,9.0,3.0,7.0,6.0,8.0,4.0,2.0,0.0,0.0,0.0
1224,26,38,0,3.0,0.0,0,20.0,7.0,6.0,3.0,7.0,14.0,5.0,7.0,0.0,1.0,0.0,0.0
1225,9,24,1,0.0,0.0,1,20.0,11.0,4.0,4.0,12.0,14.0,6.0,1.0,1.0,3.0,0.0,0.0
1226,0,31,0,0.0,0.0,1,24.0,9.0,6.0,5.0,6.0,12.0,4.0,4.0,1.0,3.0,0.0,0.0
1227,16,1,2,0.0,1.0,2,8.0,10.0,3.0,3.0,12.0,10.0,7.0,3.0,3.0,3.0,0.0,0.0
1228,32,47,1,0.0,0.0,1,14.0,5.0,4.0,2.0,11.0,10.0,4.0,3.0,2.0,2.0,0.0,0.0
1229,42,24,0,0.0,1.0,2,13.0,18.0,4.0,7.0,11.0,12.0,4.0,8.0,1.0,4.0,0.0,0.0
1230,28,18,0,1.0,0.0,0,17.0,4.0,7.0,1.0,5.0,7.0,7.0,1.0,1.0,1.0,0.0,0.0
1231,11,16,1,2.0,3.0,2,15.0,18.0,9.0,8.0,14.0,15.0,3.0,6.0,2.0,3.0,0.0,0.0
1232,43,29,0,2.0,0.0,0,20.0,9.0,7.0,3.0,7.0,5.0,9.0,3.0,2.0,1.0,0.0,1.0
1233,26,0,0,1.0,0.0,0,19.0,5.0,9.0,3.0,15.0,12.0,6.0,1.0,2.0,0.0,0.0,0.0
1234,47,45,0,0.0,0.0,1,15.0,8.0,5.0,3.0,6.0,9.0,7.0,3.0,1.0,1.0,0.0,0.0
1235,32,38,0,1.0,1.0,1,8.0,17.0,4.0,5.0,8.0,9.0,5.0,7.0,3.0,2.0,0.0,0.0
1236,31,8,1,2.0,2.0,1,23.0,10.0,9.0,4.0,13.0,11.0,8.0,2.0,2.0,2.0,0.0,0.0
1237,25,14,2,0.0,2.0,2,4.0,16.0,3.0,7.0,15.0,8.0,3.0,5.0,3.0,1.0,0.0,0.0
1238,1,9,0,0.0,0.0,1,9.0,6.0,5.0,2.0,7.0,13.0,5.0,7.0,3.0,3.0,0.0,0.0
1239,45,26,0,1.0,1.0,1,7.0,16.0,3.0,5.0,11.0,6.0,3.0,2.0,1.0,1.0,0.0,0.0
1240,24,25,1,1.0,1.0,1,18.0,9.0,5.0,3.0,12.0,5.0,10.0,5.0,1.0,1.0,0.0,0.0
1241,18,42,1,0.0,0.0,1,12.0,8.0,2.0,0.0,13.0,17.0,4.0,2.0,2.0,4.0,1.0,0.0
1242,0,43,0,0.0,0.0,1,14.0,7.0,6.0,1.0,6.0,19.0,4.0,2.0,4.0,2.0,0.0,1.0
1243,16,47,0,0.0,0.0,1,13.0,4.0,6.0,2.0,14.0,13.0,4.0,6.0,2.0,1.0,0.0,0.0
1244,9,31,1,1.0,0.0,0,14.0,6.0,5.0,1.0,16.0,10.0,2.0,5.0,3.0,4.0,1.0,0.0
1245,8,32,2,0.0,2.0,2,19.0,9.0,7.0,5.0,12.0,13.0,6.0,2.0,2.0,3.0,0.0,0.0
1246,29,28,2,0.0,2.0,2,5.0,16.0,1.0,5.0,9.0,12.0,1.0,9.0,1.0,2.0,0.0,0.0
1247,14,11,1,1.0,0.0,0,25.0,5.0,4.0,2.0,6.0,9.0,14.0,2.0,1.0,4.0,0.0,0.0
1248,38,1,0,1.0,0.0,0,9.0,14.0,3.0,3.0,12.0,12.0,10.0,8.0,2.0,2.0,0.0,0.0
1249,47,18,0,2.0,0.0,0,10.0,14.0,4.0,5.0,10.0,8.0,4.0,3.0,1.0,1.0,0.0,0.0
1250,32,24,2,0.0,0.0,1,14.0,13.0,3.0,6.0,14.0,23.0,5.0,0.0,1.0,4.0,0.0,0.0
1251,1,45,2,1.0,2.0,2,9.0,21.0,3.0,9.0,7.0,13.0,3.0,6.0,1.0,2.0,1.0,0.0
1252,28,16,2,0.0,1.0,2,14.0,8.0,3.0,3.0,11.0,11.0,7.0,1.0,2.0,3.0,1.0,0.0
1253,26,9,1,2.0,1.0,0,14.0,9.0,3.0,6.0,8.0,5.0,5.0,3.0,2.0,2.0,0.0,0.0
1254,43,38,2,0.0,1.0,2,10.0,12.0,4.0,1.0,16.0,6.0,5.0,8.0,2.0,2.0,0.0,0.0
1255,11,8,0,3.0,0.0,0,15.0,12.0,6.0,5.0,7.0,10.0,4.0,2.0,1.0,1.0,0.0,0.0
1256,31,14,2,0.0,0.0,1,6.0,19.0,1.0,6.0,14.0,12.0,0.0,2.0,3.0,2.0,0.0,0.0
1257,42,29,2,0.0,1.0,2,9.0,10.0,0.0,4.0,12.0,14.0,10.0,2.0,2.0,3.0,0.0,0.0
1258,25,0,2,0.0,2.0,2,16.0,9.0,8.0,5.0,8.0,11.0,7.0,6.0,2.0,0.0,0.0,0.0
1259,29,26,2,0.0,4.0,2,12.0,19.0,4.0,8.0,10.0,8.0,6.0,3.0,6.0,0.0,1.0,0.0
1260,45,42,0,0.0,0.0,1,13.0,7.0,4.0,4.0,11.0,4.0,2.0,4.0,2.0,1.0,0.0,0.0
1261,8,25,2,0.0,1.0,2,15.0,10.0,5.0,6.0,13.0,7.0,9.0,2.0,1.0,1.0,0.0,0.0
1262,9,28,2,0.0,3.0,2,10.0,23.0,5.0,14.0,10.0,6.0,7.0,6.0,2.0,3.0,0.0,0.0
1263,16,31,1,0.0,0.0,1,15.0,6.0,3.0,2.0,13.0,9.0,3.0,7.0,3.0,4.0,0.0,0.0
1264,24,47,1,0.0,1.0,2,18.0,8.0,4.0,4.0,15.0,14.0,6.0,3.0,2.0,3.0,0.0,0.0
1265,18,43,2,1.0,1.0,1,15.0,20.0,4.0,8.0,9.0,13.0,3.0,5.0,4.0,3.0,0.0,0.0
1266,14,32,0,3.0,0.0,0,23.0,3.0,13.0,1.0,14.0,16.0,5.0,0.0,0.0,2.0,0.0,1.0
1267,38,11,1,1.0,1.0,1,16.0,9.0,4.0,5.0,10.0,11.0,6.0,2.0,1.0,3.0,0.0,0.0
1268,0,1,0,2.0,0.0,0,22.0,10.0,9.0,4.0,17.0,10.0,7.0,4.0,2.0,5.0,0.0,0.0
1269,0,16,1,1.0,0.0,0,17.0,9.0,6.0,6.0,7.0,4.0,6.0,4.0,1.0,1.0,0.0,0.0
1270,31,42,2,1.0,3.0,2,7.0,14.0,1.0,4.0,13.0,4.0,2.0,9.0,4.0,1.0,1.0,0.0
1271,18,45,2,0.0,0.0,1,15.0,16.0,2.0,4.0,3.0,3.0,7.0,9.0,0.0,2.0,0.0,0.0
1272,38,24,0,0.0,0.0,1,19.0,3.0,5.0,0.0,16.0,14.0,8.0,1.0,2.0,3.0,0.0,0.0
1273,25,29,0,1.0,1.0,1,22.0,18.0,11.0,6.0,5.0,17.0,4.0,3.0,0.0,3.0,0.0,0.0
1274,32,9,1,0.0,0.0,1,15.0,11.0,3.0,3.0,5.0,14.0,8.0,4.0,3.0,5.0,0.0,0.0
1275,8,14,2,0.0,1.0,2,17.0,5.0,7.0,1.0,13.0,8.0,5.0,5.0,1.0,1.0,0.0,0.0
1276,1,47,2,0.0,0.0,1,14.0,9.0,5.0,4.0,8.0,17.0,6.0,7.0,2.0,3.0,0.0,0.0
1277,43,26,2,0.0,2.0,2,6.0,19.0,2.0,8.0,4.0,10.0,1.0,9.0,0.0,0.0,0.0,0.0
1278,28,11,0,1.0,0.0,0,15.0,7.0,6.0,2.0,11.0,5.0,6.0,2.0,1.0,0.0,0.0,0.0
1279,42,1,0,1.0,0.0,0,17.0,14.0,8.0,3.0,11.0,14.0,5.0,8.0,2.0,1.0,0.0,0.0
1280,45,8,2,0.0,1.0,2,18.0,13.0,5.0,6.0,16.0,13.0,11.0,6.0,2.0,3.0,0.0,0.0
1281,26,28,1,0.0,0.0,1,6.0,12.0,4.0,3.0,10.0,12.0,3.0,4.0,3.0,3.0,0.0,0.0
1282,16,25,1,0.0,2.0,2,18.0,9.0,4.0,5.0,15.0,11.0,1.0,3.0,2.0,3.0,0.0,0.0
1283,14,38,0,1.0,0.0,0,20.0,6.0,9.0,2.0,11.0,13.0,7.0,2.0,1.0,3.0,0.0,1.0
1284,9,0,1,0.0,0.0,1,21.0,8.0,2.0,2.0,8.0,5.0,8.0,5.0,2.0,1.0,0.0,0.0
1285,24,43,0,1.0,0.0,0,20.0,5.0,4.0,1.0,10.0,16.0,6.0,3.0,0.0,3.0,0.0,0.0
1286,11,32,1,0.0,0.0,1,14.0,10.0,4.0,2.0,13.0,3.0,9.0,5.0,5.0,2.0,0.0,0.0
1287,29,18,1,1.0,0.0,0,13.0,12.0,6.0,2.0,10.0,9.0,10.0,1.0,1.0,1.0,0.0,0.0
1288,47,31,0,1.0,1.0,1,7.0,8.0,3.0,2.0,15.0,5.0,0.0,4.0,0.0,2.0,0.0,0.0
1289,16,9,1,1.0,0.0,0,8.0,8.0,3.0,4.0,12.0,10.0,6.0,5.0,2.0,3.0,0.0,0.0
1290,0,42,0,3.0,0.0,0,12.0,10.0,7.0,4.0,12.0,13.0,4.0,4.0,2.0,1.0,0.0,0.0
1291,38,47,2,0.0,0.0,1,18.0,5.0,6.0,3.0,12.0,8.0,5.0,5.0,0.0,0.0,0.0,0.0
1292,43,31,1,0.0,1.0,2,15.0,20.0,4.0,6.0,19.0,12.0,5.0,6.0,4.0,3.0,0.0,0.0
1293,25,11,1,1.0,2.0,2,22.0,9.0,5.0,3.0,10.0,8.0,8.0,4.0,2.0,4.0,0.0,0.0
1294,18,32,0,1.0,0.0,0,11.0,10.0,4.0,2.0,12.0,9.0,6.0,4.0,2.0,3.0,0.0,0.0
1295,24,45,2,1.0,0.0,0,15.0,20.0,5.0,7.0,10.0,6.0,5.0,7.0,3.0,2.0,0.0,0.0
1296,8,26,1,1.0,1.0,1,12.0,16.0,4.0,6.0,8.0,7.0,2.0,11.0,1.0,1.0,0.0,0.0
1297,29,1,2,0.0,0.0,1,28.0,7.0,4.0,3.0,9.0,13.0,5.0,5.0,2.0,2.0,0.0,0.0
1298,14,28,2,0.0,0.0,1,5.0,15.0,0.0,4.0,12.0,10.0,4.0,13.0,3.0,2.0,0.0,0.0
1299,45,29,2,1.0,1.0,1,13.0,17.0,4.0,10.0,5.0,8.0,2.0,11.0,0.0,0.0,0.0,0.0
1300,9,25,0,1.0,0.0,0,12.0,14.0,5.0,3.0,8.0,10.0,4.0,9.0,2.0,1.0,0.0,0.0
1301,42,14,2,0.0,0.0,1,8.0,20.0,2.0,10.0,4.0,15.0,5.0,11.0,0.0,1.0,0.0,0.0
1302,32,43,2,1.0,1.0,1,12.0,12.0,5.0,8.0,10.0,14.0,4.0,8.0,1.0,1.0,0.0,0.0
1303,1,18,0,0.0,0.0,1,15.0,11.0,3.0,1.0,7.0,10.0,5.0,4.0,1.0,1.0,0.0,0.0
1304,26,16,0,1.0,0.0,0,25.0,13.0,10.0,2.0,17.0,11.0,10.0,5.0,3.0,1.0,0.0,0.0
1305,28,38,1,0.0,0.0,1,18.0,10.0,1.0,2.0,5.0,12.0,8.0,5.0,0.0,2.0,0.0,0.0
1306,47,8,2,0.0,2.0,2,11.0,9.0,0.0,3.0,10.0,7.0,4.0,2.0,4.0,2.0,0.0,1.0
1307,11,0,2,0.0,1.0,2,18.0,13.0,3.0,3.0,9.0,8.0,8.0,3.0,2.0,1.0,0.0,0.0
1308,31,24,1,1.0,1.0,1,17.0,22.0,7.0,9.0,9.0,11.0,4.0,5.0,2.0,2.0,0.0,0.0
1309,18,11,0,0.0,0.0,1,14.0,11.0,6.0,6.0,3.0,6.0,4.0,6.0,1.0,1.0,0.0,0.0
1310,24,26,2,0.0,1.0,2,9.0,30.0,4.0,9.0,9.0,8.0,2.0,11.0,2.0,1.0,1.0,0.0
1311,16,42,0,0.0,0.0,1,18.0,2.0,4.0,1.0,13.0,15.0,8.0,2.0,2.0,1.0,0.0,1.0
1312,0,32,0,0.0,0.0,1,30.0,10.0,7.0,1.0,9.0,11.0,8.0,4.0,1.0,2.0,0.0,0.0
1313,14,1,0,1.0,0.0,0,12.0,18.0,4.0,6.0,11.0,11.0,4.0,11.0,1.0,4.0,0.0,0.0
1314,29,31,0,1.0,0.0,0,21.0,12.0,7.0,3.0,9.0,2.0,7.0,3.0,1.0,0.0,0.0,0.0
1315,38,45,1,0.0,0.0,1,11.0,13.0,3.0,3.0,10.0,12.0,5.0,4.0,3.0,1.0,0.0,1.0
1316,8,9,2,0.0,0.0,1,7.0,4.0,1.0,2.0,9.0,12.0,1.0,6.0,3.0,2.0,0.0,0.0
1317,43,47,2,0.0,0.0,1,6.0,14.0,2.0,5.0,15.0,13.0,6.0,8.0,3.0,3.0,0.0,0.0
1318,25,28,2,0.0,0.0,1,6.0,25.0,1.0,8.0,4.0,11.0,5.0,8.0,1.0,2.0,0.0,0.0
1319,42,43,0,1.0,0.0,0,15.0,9.0,8.0,2.0,8.0,14.0,10.0,3.0,3.0,3.0,0.0,0.0
1320,47,29,2,0.0,0.0,1,15.0,10.0,6.0,3.0,7.0,9.0,5.0,7.0,3.0,4.0,0.0,0.0
1321,11,24,1,0.0,0.0,1,12.0,12.0,3.0,2.0,13.0,9.0,5.0,5.0,4.0,3.0,0.0,0.0
1322,9,18,2,0.0,1.0,2,14.0,14.0,3.0,5.0,7.0,9.0,4.0,5.0,1.0,2.0,0.0,0.0
1323,31,38,1,0.0,0.0,1,10.0,22.0,5.0,6.0,11.0,6.0,4.0,4.0,3.0,3.0,0.0,0.0
1324,28,0,0,3.0,0.0,0,25.0,1.0,10.0,0.0,5.0,7.0,14.0,0.0,1.0,2.0,0.0,1.0
1325,45,16,1,1.0,0.0,0,14.0,9.0,4.0,2.0,10.0,7.0,5.0,3.0,1.0,0.0,0.0,0.0
1326,1,8,1,1.0,1.0,1,7.0,9.0,5.0,2.0,15.0,14.0,3.0,2.0,3.0,3.0,0.0,0.0
1327,32,25,2,1.0,1.0,1,14.0,9.0,4.0,3.0,8.0,9.0,9.0,9.0,2.0,1.0,0.0,0.0
1328,26,14,1,1.0,1.0,1,24.0,6.0,7.0,3.0,13.0,4.0,12.0,3.0,0.0,2.0,0.0,1.0
1329,45,25,0,1.0,0.0,0,13.0,5.0,7.0,1.0,8.0,8.0,10.0,0.0,0.0,1.0,0.0,1.0
1330,38,29,1,1.0,0.0,0,8.0,15.0,3.0,4.0,12.0,10.0,7.0,7.0,2.0,3.0,0.0,0.0
1331,47,42,2,0.0,1.0,2,25.0,8.0,6.0,6.0,9.0,7.0,5.0,4.0,1.0,4.0,0.0,0.0
1332,0,14,2,0.0,2.0,2,6.0,22.0,3.0,5.0,10.0,4.0,9.0,8.0,3.0,0.0,0.0,0.0
1333,9,43,0,2.0,0.0,0,13.0,10.0,3.0,1.0,11.0,6.0,7.0,2.0,4.0,0.0,0.0,0.0
1334,26,11,0,1.0,0.0,0,27.0,9.0,9.0,3.0,6.0,12.0,8.0,4.0,0.0,0.0,0.0,0.0
1335,16,8,1,0.0,0.0,1,7.0,14.0,2.0,3.0,12.0,9.0,3.0,5.0,3.0,1.0,0.0,0.0
1336,1,31,0,1.0,0.0,0,10.0,9.0,2.0,1.0,8.0,18.0,3.0,4.0,3.0,4.0,0.0,0.0
1337,24,18,1,1.0,1.0,1,17.0,17.0,4.0,8.0,6.0,13.0,8.0,5.0,2.0,4.0,0.0,0.0
1338,28,32,0,2.0,0.0,0,16.0,1.0,4.0,0.0,13.0,7.0,6.0,1.0,1.0,0.0,0.0,0.0
1339,31,45,2,2.0,1.0,0,17.0,8.0,3.0,9.0,4.0,3.0,7.0,6.0,1.0,0.0,0.0,0.0
1340,42,28,0,0.0,0.0,1,13.0,18.0,3.0,4.0,11.0,8.0,3.0,11.0,2.0,1.0,0.0,0.0
1341,25,47,0,1.0,0.0,0,9.0,17.0,5.0,3.0,6.0,10.0,5.0,4.0,1.0,2.0,0.0,0.0
1342,43,1,0,2.0,0.0,0,13.0,11.0,7.0,2.0,18.0,13.0,2.0,4.0,3.0,1.0,0.0,0.0
1343,32,26,2,0.0,1.0,2,14.0,19.0,3.0,8.0,4.0,14.0,3.0,11.0,1.0,1.0,0.0,0.0
1344,18,38,0,0.0,1.0,2,14.0,6.0,6.0,3.0,13.0,15.0,6.0,8.0,2.0,0.0,0.0,0.0
1345,29,24,0,1.0,0.0,0,16.0,10.0,8.0,3.0,11.0,9.0,5.0,4.0,1.0,2.0,0.0,0.0
1346,11,9,2,1.0,0.0,0,14.0,14.0,3.0,8.0,10.0,7.0,7.0,6.0,2.0,1.0,0.0,0.0
1347,14,16,0,2.0,0.0,0,13.0,4.0,6.0,1.0,15.0,11.0,5.0,2.0,0.0,0.0,0.0,0.0
1348,8,0,0,1.0,0.0,0,8.0,22.0,3.0,4.0,12.0,8.0,2.0,5.0,0.0,0.0,0.0,0.0
1349,25,42,2,1.0,1.0,1,10.0,11.0,6.0,4.0,9.0,8.0,8.0,7.0,0.0,2.0,0.0,0.0
1350,45,38,0,2.0,0.0,0,14.0,17.0,7.0,5.0,5.0,9.0,2.0,3.0,0.0,3.0,0.0,0.0
1351,37,11,0,1.0,0.0,0,12.0,10.0,3.0,3.0,11.0,1.0,8.0,9.0,3.0,1.0,0.0,0.0
1352,24,44,0,2.0,0.0,0,17.0,14.0,9.0,5.0,12.0,12.0,8.0,3.0,2.0,1.0,0.0,0.0
1353,0,9,0,0.0,0.0,1,16.0,5.0,5.0,1.0,10.0,8.0,11.0,3.0,0.0,0.0,0.0,0.0
1354,19,31,2,0.0,1.0,2,14.0,10.0,0.0,4.0,12.0,6.0,5.0,4.0,1.0,0.0,0.0,0.0
1355,47,29,2,1.0,2.0,2,14.0,9.0,4.0,4.0,14.0,3.0,6.0,2.0,4.0,1.0,0.0,0.0
1356,1,14,0,1.0,0.0,0,6.0,23.0,3.0,7.0,11.0,12.0,2.0,9.0,3.0,3.0,0.0,1.0
1357,28,18,0,2.0,0.0,0,21.0,8.0,11.0,3.0,8.0,10.0,7.0,5.0,2.0,2.0,0.0,0.0
1358,26,16,0,1.0,0.0,0,19.0,5.0,5.0,4.0,10.0,8.0,14.0,1.0,2.0,2.0,0.0,0.0
1359,44,45,2,1.0,1.0,1,14.0,21.0,4.0,9.0,8.0,11.0,6.0,8.0,2.0,2.0,0.0,0.0
1360,18,47,0,0.0,0.0,1,14.0,9.0,4.0,3.0,11.0,11.0,7.0,12.0,0.0,2.0,0.0,0.0
1361,16,0,2,0.0,1.0,2,12.0,6.0,6.0,3.0,7.0,7.0,6.0,7.0,2.0,1.0,0.0,0.0
1362,11,26,2,0.0,1.0,2,10.0,20.0,4.0,3.0,10.0,7.0,6.0,7.0,0.0,0.0,0.0,0.0
1363,42,1,2,1.0,2.0,2,10.0,20.0,4.0,4.0,14.0,13.0,4.0,5.0,1.0,1.0,0.0,0.0
1364,31,37,0,1.0,0.0,0,16.0,11.0,5.0,1.0,7.0,7.0,5.0,2.0,0.0,2.0,0.0,0.0
1365,9,28,0,0.0,1.0,2,19.0,8.0,6.0,4.0,13.0,11.0,5.0,3.0,3.0,3.0,0.0,1.0
1366,38,24,2,0.0,0.0,1,18.0,15.0,3.0,7.0,10.0,12.0,4.0,5.0,0.0,3.0,0.0,0.0
1367,29,19,1,1.0,0.0,0,13.0,8.0,6.0,5.0,10.0,15.0,6.0,1.0,2.0,3.0,0.0,0.0
1368,14,25,0,0.0,0.0,1,17.0,7.0,6.0,3.0,15.0,16.0,6.0,5.0,2.0,4.0,0.0,0.0
1369,44,26,2,1.0,1.0,1,10.0,26.0,3.0,6.0,7.0,14.0,9.0,13.0,0.0,0.0,0.0,0.0
1370,42,47,0,1.0,0.0,0,24.0,15.0,13.0,3.0,8.0,11.0,10.0,3.0,1.0,0.0,0.0,0.0
1371,18,37,2,0.0,1.0,2,16.0,10.0,6.0,3.0,8.0,12.0,11.0,4.0,1.0,3.0,0.0,0.0
1372,16,1,0,1.0,2.0,2,23.0,19.0,8.0,5.0,23.0,13.0,7.0,7.0,3.0,2.0,0.0,0.0
1373,11,24,2,0.0,1.0,2,16.0,16.0,4.0,6.0,10.0,10.0,6.0,8.0,1.0,1.0,0.0,0.0
1374,38,19,0,1.0,0.0,0,11.0,10.0,7.0,3.0,9.0,15.0,6.0,5.0,0.0,1.0,0.0,0.0
1375,9,45,1,0.0,0.0,1,10.0,15.0,2.0,3.0,7.0,5.0,3.0,3.0,1.0,1.0,0.0,0.0
1376,31,28,2,2.0,2.0,1,11.0,15.0,5.0,6.0,11.0,10.0,4.0,5.0,2.0,2.0,0.0,0.0
1377,1,18,1,0.0,0.0,1,13.0,15.0,2.0,5.0,9.0,12.0,9.0,1.0,2.0,0.0,0.0,0.0
1378,29,26,2,1.0,2.0,2,18.0,17.0,3.0,8.0,10.0,12.0,6.0,4.0,3.0,0.0,0.0,0.0
1379,14,0,2,0.0,1.0,2,19.0,5.0,5.0,2.0,7.0,6.0,9.0,1.0,0.0,1.0,0.0,0.0
1380,29,25,2,1.0,1.0,1,4.0,12.0,1.0,3.0,9.0,12.0,3.0,4.0,0.0,0.0,0.0,0.0
1381,38,16,0,1.0,1.0,1,13.0,11.0,6.0,4.0,20.0,13.0,12.0,8.0,2.0,3.0,0.0,0.0
1382,19,11,2,0.0,2.0,2,21.0,14.0,3.0,5.0,11.0,10.0,8.0,4.0,2.0,0.0,0.0,0.0
1383,0,44,0,2.0,0.0,0,15.0,12.0,7.0,1.0,7.0,9.0,6.0,6.0,1.0,2.0,0.0,0.0
1384,47,9,0,0.0,1.0,2,16.0,5.0,6.0,3.0,12.0,7.0,10.0,5.0,2.0,2.0,0.0,2.0
1385,1,29,2,1.0,0.0,0,11.0,18.0,5.0,7.0,13.0,18.0,5.0,6.0,1.0,1.0,1.0,0.0
1386,45,18,2,0.0,1.0,2,11.0,9.0,0.0,3.0,8.0,10.0,5.0,6.0,2.0,1.0,0.0,0.0
1387,24,42,0,2.0,1.0,0,16.0,11.0,7.0,3.0,12.0,10.0,8.0,6.0,1.0,2.0,0.0,0.0
1388,26,38,0,1.0,0.0,0,14.0,12.0,6.0,6.0,10.0,6.0,8.0,4.0,0.0,1.0,0.0,0.0
1389,37,16,2,0.0,1.0,2,7.0,21.0,0.0,8.0,11.0,8.0,5.0,11.0,1.0,1.0,0.0,0.0
1390,28,14,2,1.0,0.0,0,16.0,12.0,4.0,5.0,12.0,10.0,6.0,2.0,2.0,0.0,0.0,0.0
1391,25,31,2,0.0,2.0,2,25.0,14.0,9.0,6.0,12.0,9.0,9.0,6.0,1.0,1.0,0.0,0.0
1392,11,45,2,1.0,2.0,2,8.0,22.0,3.0,4.0,4.0,8.0,5.0,4.0,2.0,1.0,0.0,0.0
1393,44,47,1,0.0,1.0,2,10.0,20.0,4.0,10.0,17.0,11.0,5.0,6.0,2.0,0.0,0.0,0.0
1394,42,37,0,1.0,0.0,0,20.0,8.0,11.0,1.0,8.0,9.0,6.0,6.0,1.0,1.0,0.0,0.0
1395,31,0,2,0.0,1.0,2,5.0,19.0,1.0,5.0,10.0,9.0,3.0,7.0,2.0,1.0,1.0,0.0
1396,16,28,2,0.0,0.0,1,9.0,20.0,4.0,3.0,9.0,10.0,2.0,6.0,2.0,0.0,0.0,0.0
1397,14,19,0,1.0,0.0,0,9.0,10.0,5.0,3.0,15.0,8.0,1.0,8.0,1.0,1.0,0.0,0.0
1398,9,24,0,1.0,0.0,0,17.0,11.0,5.0,2.0,17.0,6.0,2.0,9.0,1.0,1.0,0.0,0.0
1399,18,1,2,1.0,1.0,1,16.0,13.0,3.0,5.0,10.0,13.0,3.0,6.0,0.0,2.0,0.0,0.0
1400,38,25,1,0.0,0.0,1,5.0,23.0,3.0,9.0,9.0,13.0,0.0,10.0,1.0,0.0,1.0,0.0
1401,25,16,0,0.0,1.0,2,13.0,4.0,5.0,2.0,13.0,12.0,7.0,2.0,0.0,1.0,0.0,0.0
1402,24,29,1,0.0,0.0,1,6.0,16.0,3.0,4.0,21.0,11.0,2.0,6.0,4.0,1.0,0.0,0.0
1403,47,11,2,0.0,3.0,2,12.0,14.0,2.0,7.0,8.0,9.0,8.0,5.0,1.0,2.0,0.0,0.0
1404,1,44,1,1.0,1.0,1,24.0,10.0,11.0,4.0,14.0,9.0,11.0,4.0,0.0,2.0,0.0,0.0
1405,26,31,1,1.0,0.0,0,22.0,7.0,9.0,4.0,9.0,7.0,6.0,3.0,2.0,1.0,0.0,0.0
1406,45,14,2,0.0,1.0,2,9.0,17.0,2.0,6.0,9.0,11.0,4.0,2.0,0.0,4.0,1.0,0.0
1407,37,9,0,1.0,0.0,0,7.0,17.0,3.0,4.0,13.0,7.0,2.0,12.0,3.0,0.0,0.0,0.0
1408,0,18,2,0.0,0.0,1,14.0,8.0,3.0,1.0,13.0,10.0,7.0,3.0,1.0,3.0,0.0,0.0
1409,25,44,0,3.0,0.0,0,17.0,4.0,7.0,1.0,13.0,12.0,7.0,3.0,0.0,2.0,0.0,0.0
1410,42,38,0,0.0,1.0,2,12.0,10.0,3.0,5.0,10.0,14.0,5.0,5.0,2.0,1.0,0.0,0.0
1411,1,28,2,1.0,2.0,2,8.0,13.0,3.0,3.0,12.0,7.0,1.0,11.0,0.0,1.0,1.0,1.0
1412,14,9,1,0.0,0.0,1,7.0,11.0,4.0,2.0,8.0,9.0,0.0,3.0,2.0,0.0,0.0,1.0
1413,24,26,1,0.0,1.0,2,12.0,17.0,5.0,7.0,17.0,15.0,10.0,8.0,2.0,1.0,0.0,0.0
1414,0,19,1,0.0,0.0,1,18.0,3.0,5.0,1.0,9.0,11.0,11.0,1.0,0.0,3.0,0.0,0.0
1415,29,11,0,0.0,0.0,1,17.0,10.0,9.0,3.0,9.0,12.0,8.0,3.0,1.0,2.0,0.0,0.0
1416,31,45,0,2.0,0.0,0,16.0,16.0,8.0,6.0,9.0,7.0,3.0,8.0,2.0,0.0,0.0,1.0
1417,47,37,0,0.0,0.0,1,10.0,8.0,5.0,2.0,8.0,15.0,3.0,3.0,1.0,2.0,0.0,0.0
1418,18,42,1,1.0,1.0,1,18.0,12.0,7.0,3.0,8.0,8.0,6.0,3.0,1.0,1.0,0.0,0.0
1419,9,18,1,0.0,0.0,1,23.0,8.0,3.0,1.0,12.0,7.0,10.0,3.0,1.0,2.0,0.0,0.0
1420,44,38,0,2.0,0.0,0,15.0,14.0,6.0,4.0,12.0,11.0,5.0,10.0,0.0,1.0,0.0,0.0
1421,11,31,2,1.0,0.0,0,24.0,10.0,4.0,5.0,11.0,12.0,13.0,3.0,1.0,0.0,0.0,0.0
1422,37,0,2,0.0,1.0,2,7.0,14.0,2.0,5.0,9.0,6.0,2.0,4.0,1.0,1.0,0.0,0.0
1423,45,25,0,2.0,0.0,0,4.0,15.0,4.0,5.0,7.0,13.0,1.0,9.0,3.0,3.0,0.0,0.0
1424,42,29,2,1.0,0.0,0,12.0,12.0,3.0,7.0,11.0,15.0,7.0,5.0,1.0,5.0,0.0,0.0
1425,28,24,2,0.0,1.0,2,29.0,2.0,7.0,2.0,12.0,15.0,9.0,3.0,3.0,1.0,0.0,1.0
1426,26,1,0,0.0,1.0,2,23.0,9.0,10.0,5.0,16.0,11.0,7.0,0.0,2.0,4.0,0.0,0.0
1427,16,14,2,0.0,3.0,2,1.0,23.0,1.0,10.0,7.0,12.0,0.0,8.0,1.0,0.0,0.0,0.0
1428,19,47,2,0.0,0.0,1,14.0,7.0,3.0,3.0,11.0,8.0,3.0,4.0,0.0,0.0,0.0,0.0
1429,47,45,2,1.0,3.0,2,20.0,9.0,5.0,6.0,9.0,9.0,4.0,2.0,1.0,4.0,0.0,0.0
1430,18,16,1,0.0,0.0,1,15.0,13.0,7.0,6.0,10.0,10.0,3.0,4.0,2.0,0.0,0.0,0.0
1431,38,11,0,2.0,2.0,1,24.0,7.0,9.0,5.0,11.0,10.0,6.0,7.0,0.0,0.0,0.0,0.0
1432,31,42,1,1.0,2.0,2,22.0,11.0,6.0,5.0,13.0,14.0,7.0,3.0,3.0,2.0,0.0,0.0
1433,29,9,0,0.0,1.0,2,15.0,5.0,7.0,3.0,14.0,7.0,5.0,6.0,2.0,2.0,0.0,0.0
1434,1,19,0,0.0,0.0,1,14.0,15.0,4.0,7.0,14.0,20.0,4.0,4.0,1.0,2.0,0.0,0.0
1435,25,28,2,0.0,0.0,1,5.0,11.0,2.0,4.0,13.0,12.0,1.0,1.0,2.0,3.0,0.0,0.0
1436,24,37,0,1.0,1.0,1,23.0,9.0,8.0,1.0,12.0,13.0,5.0,7.0,1.0,2.0,0.0,0.0
1437,0,26,2,0.0,0.0,1,3.0,16.0,2.0,7.0,10.0,10.0,1.0,2.0,1.0,1.0,0.0,0.0
1438,14,44,2,1.0,2.0,2,18.0,14.0,8.0,7.0,11.0,6.0,10.0,3.0,1.0,1.0,1.0,0.0
1439,45,0,1,3.0,1.0,0,15.0,16.0,5.0,7.0,18.0,8.0,3.0,5.0,3.0,1.0,0.0,0.0
1440,1,42,2,0.0,1.0,2,8.0,9.0,1.0,3.0,18.0,13.0,5.0,8.0,3.0,2.0,0.0,0.0
1441,9,31,0,1.0,0.0,0,11.0,3.0,6.0,1.0,12.0,5.0,3.0,1.0,0.0,1.0,0.0,0.0
1442,19,24,2,1.0,1.0,1,13.0,13.0,6.0,4.0,13.0,12.0,13.0,7.0,2.0,2.0,0.0,0.0
1443,47,26,2,0.0,1.0,2,10.0,12.0,5.0,4.0,17.0,10.0,3.0,2.0,2.0,1.0,0.0,0.0
1444,0,42,0,1.0,1.0,1,13.0,6.0,3.0,3.0,12.0,14.0,6.0,3.0,1.0,2.0,0.0,1.0
1445,29,45,0,0.0,0.0,1,15.0,7.0,4.0,0.0,12.0,2.0,6.0,3.0,4.0,0.0,0.0,0.0
1446,25,37,0,1.0,0.0,0,19.0,1.0,10.0,0.0,10.0,9.0,9.0,1.0,0.0,2.0,0.0,0.0
1447,38,9,2,1.0,1.0,1,9.0,8.0,4.0,6.0,11.0,10.0,4.0,5.0,0.0,0.0,0.0,0.0
1448,16,44,0,1.0,0.0,0,6.0,12.0,4.0,1.0,16.0,15.0,3.0,2.0,3.0,1.0,0.0,0.0
1449,19,28,2,0.0,0.0,1,3.0,8.0,0.0,7.0,14.0,13.0,4.0,2.0,0.0,0.0,0.0,0.0
1450,24,14,1,0.0,0.0,1,7.0,15.0,4.0,8.0,16.0,6.0,8.0,5.0,3.0,0.0,0.0,0.0
1451,18,11,2,1.0,2.0,2,14.0,14.0,4.0,5.0,9.0,6.0,7.0,4.0,0.0,4.0,0.0,0.0
1452,31,1,1,0.0,0.0,1,12.0,15.0,3.0,6.0,10.0,10.0,2.0,2.0,2.0,3.0,0.0,0.0
1453,28,38,0,3.0,1.0,0,17.0,11.0,10.0,6.0,6.0,4.0,5.0,5.0,1.0,0.0,0.0,0.0
1454,14,18,0,1.0,0.0,0,19.0,7.0,9.0,1.0,11.0,12.0,7.0,3.0,0.0,3.0,0.0,0.0
1455,45,24,0,2.0,0.0,0,16.0,17.0,5.0,2.0,9.0,9.0,6.0,6.0,1.0,1.0,0.0,0.0
1456,42,16,0,1.0,1.0,1,12.0,5.0,5.0,1.0,8.0,17.0,1.0,5.0,2.0,3.0,0.0,0.0
1457,26,19,2,0.0,1.0,2,16.0,10.0,3.0,3.0,10.0,8.0,9.0,4.0,2.0,3.0,0.0,0.0
1458,28,29,2,0.0,1.0,2,23.0,8.0,6.0,6.0,9.0,12.0,6.0,2.0,0.0,3.0,0.0,0.0
1459,44,31,1,0.0,0.0,1,13.0,9.0,3.0,5.0,11.0,10.0,9.0,7.0,0.0,0.0,0.0,0.0
1460,37,38,2,0.0,1.0,2,8.0,15.0,2.0,5.0,17.0,11.0,7.0,3.0,4.0,3.0,0.0,0.0
1461,11,0,1,1.0,1.0,1,9.0,15.0,5.0,3.0,5.0,12.0,2.0,4.0,1.0,1.0,0.0,0.0
1462,1,47,1,0.0,0.0,1,9.0,10.0,1.0,2.0,13.0,13.0,5.0,3.0,1.0,0.0,0.0,0.0
1463,9,25,2,1.0,0.0,0,7.0,8.0,2.0,4.0,14.0,8.0,6.0,6.0,0.0,1.0,0.0,0.0
1464,19,42,2,0.0,1.0,2,11.0,9.0,3.0,2.0,13.0,9.0,4.0,1.0,2.0,1.0,0.0,0.0
1465,44,18,2,0.0,0.0,1,11.0,11.0,3.0,3.0,9.0,7.0,3.0,3.0,3.0,1.0,0.0,0.0
1466,26,14,2,0.0,1.0,2,7.0,11.0,1.0,5.0,9.0,8.0,5.0,2.0,0.0,0.0,0.0,0.0
1467,37,1,0,1.0,0.0,0,9.0,16.0,2.0,4.0,13.0,6.0,2.0,7.0,1.0,0.0,1.0,0.0
1468,11,25,1,1.0,1.0,1,12.0,15.0,7.0,4.0,6.0,12.0,5.0,8.0,0.0,2.0,0.0,0.0
1469,16,29,1,0.0,0.0,1,8.0,11.0,2.0,1.0,4.0,13.0,4.0,6.0,1.0,0.0,0.0,0.0
1470,28,47,0,1.0,0.0,0,22.0,6.0,10.0,1.0,9.0,5.0,10.0,2.0,0.0,1.0,0.0,0.0
1471,18,38,0,1.0,0.0,0,7.0,9.0,1.0,1.0,13.0,9.0,4.0,10.0,0.0,2.0,0.0,0.0
1472,42,11,0,3.0,0.0,0,16.0,10.0,7.0,3.0,6.0,10.0,3.0,4.0,0.0,0.0,0.0,0.0
1473,14,29,1,0.0,0.0,1,18.0,11.0,6.0,4.0,11.0,12.0,3.0,4.0,1.0,2.0,0.0,0.0
1474,25,0,2,1.0,2.0,2,8.0,12.0,3.0,4.0,15.0,3.0,2.0,7.0,2.0,1.0,0.0,0.0
1475,16,19,1,0.0,0.0,1,3.0,16.0,0.0,4.0,10.0,14.0,1.0,3.0,1.0,1.0,0.0,0.0
1476,37,26,2,0.0,0.0,1,8.0,16.0,2.0,8.0,9.0,9.0,4.0,3.0,0.0,0.0,0.0,0.0
1477,24,1,2,0.0,1.0,2,13.0,9.0,3.0,4.0,14.0,14.0,7.0,5.0,3.0,2.0,0.0,0.0
1478,28,45,0,1.0,1.0,1,10.0,9.0,3.0,3.0,8.0,11.0,4.0,2.0,1.0,1.0,0.0,0.0
1479,44,9,0,1.0,0.0,0,6.0,15.0,2.0,6.0,11.0,12.0,7.0,4.0,0.0,0.0,0.0,0.0
1480,31,47,1,0.0,0.0,1,19.0,14.0,7.0,4.0,11.0,13.0,3.0,5.0,2.0,0.0,0.0,0.0
1481,24,38,0,0.0,0.0,1,11.0,13.0,7.0,5.0,11.0,13.0,2.0,4.0,1.0,2.0,0.0,0.0
1482,9,16,2,0.0,1.0,2,25.0,3.0,5.0,2.0,11.0,6.0,13.0,0.0,2.0,0.0,0.0,0.0
1483,29,31,0,1.0,1.0,1,15.0,10.0,7.0,6.0,9.0,11.0,6.0,4.0,1.0,2.0,0.0,0.0
1484,1,25,2,0.0,2.0,2,11.0,16.0,2.0,7.0,11.0,12.0,7.0,8.0,2.0,1.0,0.0,0.0
1485,45,42,0,1.0,0.0,0,4.0,20.0,4.0,4.0,14.0,7.0,5.0,7.0,4.0,3.0,0.0,0.0
1486,0,28,2,0.0,1.0,2,7.0,15.0,1.0,3.0,11.0,9.0,1.0,3.0,2.0,2.0,0.0,0.0
1487,11,44,1,0.0,0.0,1,6.0,10.0,1.0,3.0,16.0,10.0,5.0,5.0,3.0,0.0,0.0,1.0
1488,19,37,0,0.0,0.0,1,15.0,4.0,7.0,2.0,11.0,14.0,6.0,4.0,1.0,2.0,0.0,0.0
1489,26,18,2,0.0,1.0,2,15.0,9.0,6.0,6.0,10.0,10.0,7.0,2.0,2.0,1.0,0.0,0.0
1490,38,14,1,1.0,0.0,0,4.0,9.0,1.0,3.0,10.0,10.0,3.0,6.0,1.0,1.0,0.0,0.0
1491,47,24,0,0.0,0.0,1,15.0,18.0,5.0,7.0,13.0,8.0,7.0,9.0,1.0,0.0,0.0,0.0
1492,18,28,2,1.0,1.0,1,3.0,16.0,2.0,7.0,8.0,8.0,0.0,10.0,2.0,1.0,0.0,0.0
1493,11,19,1,0.0,0.0,1,8.0,8.0,3.0,3.0,7.0,13.0,5.0,5.0,1.0,1.0,0.0,0.0
1494,14,31,0,2.0,0.0,0,18.0,10.0,5.0,4.0,9.0,13.0,10.0,5.0,0.0,0.0,0.0,0.0
1495,45,37,0,1.0,0.0,0,13.0,8.0,9.0,5.0,11.0,12.0,7.0,7.0,0.0,2.0,0.0,0.0
1496,44,29,1,1.0,1.0,1,7.0,10.0,3.0,7.0,13.0,10.0,4.0,5.0,5.0,0.0,0.0,0.0
1497,38,47,2,1.0,0.0,0,7.0,10.0,3.0,4.0,10.0,9.0,4.0,6.0,2.0,2.0,0.0,0.0
1498,0,24,0,3.0,0.0,0,13.0,9.0,5.0,5.0,8.0,17.0,4.0,5.0,0.0,2.0,0.0,0.0
1499,18,19,2,0.0,0.0,1,7.0,12.0,2.0,3.0,7.0,16.0,5.0,4.0,1.0,1.0,0.0,0.0
1500,28,42,0,1.0,0.0,0,15.0,7.0,6.0,3.0,12.0,13.0,4.0,2.0,1.0,3.0,0.0,0.0
1501,9,1,1,0.0,0.0,1,26.0,4.0,9.0,1.0,16.0,12.0,9.0,2.0,2.0,3.0,0.0,0.0
1502,25,26,0,0.0,0.0,1,11.0,15.0,6.0,4.0,9.0,6.0,2.0,12.0,1.0,2.0,0.0,0.0
1503,16,11,2,0.0,2.0,2,13.0,16.0,3.0,4.0,15.0,14.0,7.0,4.0,0.0,0.0,0.0,0.0
1504,24,16,0,1.0,0.0,0,17.0,8.0,7.0,3.0,7.0,8.0,5.0,3.0,0.0,2.0,0.0,0.0
1505,47,25,1,0.0,0.0,1,13.0,13.0,1.0,3.0,11.0,15.0,8.0,2.0,1.0,3.0,0.0,0.0
1506,42,44,0,0.0,0.0,1,13.0,4.0,6.0,1.0,16.0,12.0,8.0,0.0,1.0,2.0,0.0,0.0
1507,37,14,2,0.0,1.0,2,8.0,9.0,3.0,3.0,8.0,8.0,1.0,8.0,1.0,0.0,0.0,0.0
1508,26,28,2,0.0,0.0,1,8.0,8.0,3.0,5.0,13.0,8.0,6.0,1.0,2.0,1.0,0.0,0.0
1509,11,9,1,0.0,1.0,2,20.0,10.0,7.0,2.0,8.0,10.0,8.0,7.0,2.0,0.0,0.0,0.0
1510,1,0,0,1.0,0.0,0,12.0,14.0,8.0,3.0,12.0,12.0,3.0,7.0,3.0,2.0,0.0,0.0
1511,31,38,0,3.0,1.0,0,6.0,14.0,4.0,5.0,11.0,14.0,0.0,7.0,2.0,1.0,1.0,0.0
1512,29,18,1,2.0,0.0,0,14.0,6.0,5.0,3.0,14.0,10.0,5.0,1.0,2.0,1.0,0.0,0.0
1513,19,45,1,0.0,0.0,1,20.0,8.0,2.0,1.0,11.0,10.0,7.0,3.0,1.0,2.0,0.0,1.0
1514,42,14,2,0.0,1.0,2,7.0,18.0,2.0,2.0,20.0,14.0,2.0,7.0,2.0,3.0,0.0,0.0
1515,1,45,2,0.0,0.0,1,9.0,20.0,2.0,10.0,11.0,15.0,7.0,3.0,1.0,1.0,0.0,0.0
1516,19,25,2,0.0,2.0,2,8.0,9.0,1.0,5.0,17.0,10.0,5.0,2.0,3.0,1.0,0.0,0.0
1517,24,18,2,0.0,2.0,2,16.0,10.0,7.0,6.0,12.0,12.0,7.0,1.0,2.0,3.0,0.0,0.0
1518,11,28,2,0.0,2.0,2,2.0,17.0,0.0,6.0,8.0,5.0,1.0,3.0,2.0,1.0,0.0,0.0
1519,26,9,2,0.0,0.0,1,11.0,13.0,1.0,4.0,12.0,6.0,6.0,3.0,1.0,0.0,0.0,0.0
1520,29,38,0,4.0,0.0,0,24.0,3.0,14.0,1.0,11.0,6.0,5.0,3.0,2.0,3.0,0.0,2.0
1521,47,0,0,1.0,1.0,1,11.0,9.0,7.0,3.0,11.0,8.0,9.0,6.0,3.0,2.0,0.0,2.0
1522,31,16,2,1.0,2.0,2,21.0,6.0,5.0,3.0,14.0,11.0,9.0,1.0,1.0,3.0,0.0,0.0
1523,37,44,0,0.0,1.0,2,14.0,8.0,6.0,4.0,11.0,9.0,9.0,2.0,2.0,1.0,0.0,0.0
1524,25,24,2,1.0,1.0,1,18.0,8.0,8.0,7.0,17.0,16.0,6.0,4.0,0.0,3.0,0.0,0.0
1525,14,11,0,1.0,0.0,0,19.0,1.0,8.0,0.0,7.0,9.0,4.0,2.0,0.0,1.0,0.0,0.0
1526,9,42,0,1.0,0.0,0,16.0,8.0,5.0,4.0,11.0,11.0,9.0,2.0,2.0,1.0,0.0,0.0
1527,45,26,2,0.0,0.0,1,8.0,14.0,2.0,5.0,7.0,8.0,6.0,5.0,2.0,0.0,0.0,0.0
1528,18,31,2,0.0,0.0,1,11.0,13.0,3.0,3.0,13.0,6.0,7.0,12.0,3.0,4.0,0.0,0.0
1529,28,37,0,1.0,0.0,0,10.0,4.0,5.0,1.0,7.0,10.0,10.0,0.0,0.0,3.0,0.0,0.0
1530,16,47,0,0.0,0.0,1,11.0,6.0,2.0,4.0,7.0,10.0,1.0,6.0,1.0,2.0,0.0,0.0
1531,0,29,1,0.0,0.0,1,17.0,14.0,3.0,3.0,9.0,16.0,4.0,7.0,1.0,3.0,0.0,0.0
1532,38,1,2,0.0,1.0,2,20.0,8.0,5.0,4.0,12.0,11.0,7.0,1.0,1.0,0.0,0.0,0.0
1533,44,19,1,0.0,1.0,2,5.0,12.0,3.0,7.0,9.0,10.0,2.0,3.0,1.0,0.0,0.0,0.0
1534,42,26,2,0.0,1.0,2,3.0,14.0,2.0,7.0,9.0,11.0,1.0,2.0,1.0,2.0,0.0,0.0
1535,14,47,1,0.0,0.0,1,14.0,4.0,5.0,0.0,14.0,7.0,13.0,1.0,1.0,1.0,0.0,0.0
1536,29,37,2,0.0,1.0,2,16.0,5.0,4.0,3.0,10.0,12.0,7.0,2.0,1.0,1.0,0.0,0.0
1537,18,25,1,1.0,0.0,0,8.0,19.0,2.0,6.0,12.0,10.0,5.0,11.0,1.0,1.0,0.0,0.0
1538,11,1,0,0.0,1.0,2,10.0,18.0,5.0,10.0,16.0,7.0,2.0,4.0,1.0,0.0,0.0,0.0
1539,9,19,1,0.0,0.0,1,16.0,10.0,5.0,3.0,10.0,14.0,10.0,0.0,2.0,1.0,0.0,0.0
1540,16,45,2,1.0,2.0,2,6.0,17.0,3.0,7.0,9.0,8.0,3.0,4.0,0.0,0.0,0.0,0.0
1541,31,24,2,0.0,1.0,2,22.0,9.0,5.0,2.0,10.0,15.0,9.0,5.0,1.0,3.0,0.0,0.0
1542,38,0,2,1.0,2.0,2,13.0,9.0,5.0,5.0,11.0,6.0,4.0,5.0,1.0,2.0,0.0,0.0
1543,44,28,2,0.0,4.0,2,4.0,18.0,1.0,7.0,8.0,8.0,3.0,8.0,2.0,0.0,0.0,0.0
1544,1,31,0,2.0,0.0,0,14.0,7.0,5.0,1.0,9.0,18.0,5.0,4.0,0.0,3.0,0.0,0.0
1545,26,11,2,0.0,0.0,1,27.0,6.0,6.0,4.0,11.0,8.0,12.0,0.0,2.0,1.0,0.0,0.0
1546,28,1,0,0.0,0.0,1,28.0,11.0,9.0,4.0,10.0,9.0,16.0,2.0,0.0,2.0,0.0,0.0
1547,19,29,2,1.0,1.0,1,12.0,15.0,5.0,5.0,6.0,10.0,2.0,8.0,3.0,1.0,0.0,0.0
1548,45,44,0,1.0,0.0,0,14.0,6.0,6.0,2.0,10.0,10.0,3.0,1.0,0.0,1.0,0.0,0.0
1549,25,14,0,2.0,0.0,0,8.0,9.0,6.0,5.0,7.0,16.0,6.0,3.0,1.0,3.0,0.0,0.0
1550,0,31,0,0.0,0.0,1,20.0,4.0,6.0,1.0,9.0,8.0,7.0,2.0,0.0,0.0,0.0,0.0
1551,26,29,1,0.0,0.0,1,17.0,8.0,3.0,4.0,15.0,6.0,7.0,3.0,2.0,1.0,0.0,0.0
1552,37,42,2,0.0,2.0,2,15.0,14.0,5.0,5.0,13.0,4.0,5.0,7.0,4.0,0.0,0.0,0.0
1553,28,16,0,1.0,0.0,0,13.0,2.0,6.0,0.0,9.0,8.0,11.0,1.0,0.0,0.0,0.0,0.0
1554,19,14,2,0.0,0.0,1,10.0,21.0,3.0,6.0,11.0,10.0,1.0,12.0,2.0,3.0,1.0,0.0
1555,47,44,2,2.0,1.0,0,23.0,12.0,6.0,5.0,10.0,14.0,11.0,0.0,2.0,1.0,0.0,0.0
1556,45,11,0,1.0,0.0,0,15.0,10.0,4.0,2.0,12.0,9.0,7.0,4.0,2.0,1.0,0.0,0.0
1557,24,9,2,0.0,1.0,2,7.0,7.0,2.0,2.0,8.0,9.0,5.0,2.0,1.0,1.0,0.0,0.0
1558,25,38,0,1.0,0.0,0,16.0,8.0,5.0,3.0,10.0,11.0,2.0,5.0,2.0,2.0,0.0,0.0
1559,0,16,1,0.0,0.0,1,11.0,12.0,4.0,2.0,10.0,11.0,7.0,3.0,1.0,1.0,0.0,0.0
1560,42,19,1,1.0,0.0,0,15.0,15.0,6.0,4.0,13.0,15.0,6.0,5.0,1.0,2.0,0.0,0.0
1561,28,9,0,1.0,0.0,0,16.0,5.0,6.0,1.0,4.0,12.0,8.0,4.0,0.0,2.0,0.0,0.0
1562,37,31,0,0.0,0.0,1,17.0,7.0,4.0,3.0,13.0,12.0,5.0,2.0,2.0,3.0,0.0,1.0
1563,47,18,2,1.0,1.0,1,12.0,5.0,3.0,3.0,6.0,11.0,6.0,5.0,2.0,2.0,0.0,0.0
1564,11,29,2,0.0,0.0,1,11.0,13.0,0.0,7.0,15.0,13.0,3.0,4.0,1.0,2.0,0.0,0.0
1565,38,26,0,1.0,0.0,0,7.0,17.0,3.0,1.0,5.0,12.0,1.0,10.0,1.0,3.0,0.0,0.0
1566,31,25,2,0.0,0.0,1,8.0,9.0,2.0,3.0,10.0,11.0,3.0,6.0,0.0,2.0,0.0,0.0
1567,14,28,2,0.0,3.0,2,9.0,18.0,2.0,6.0,11.0,10.0,5.0,3.0,3.0,1.0,0.0,0.0
1568,42,24,0,2.0,0.0,0,20.0,18.0,7.0,5.0,15.0,13.0,3.0,5.0,2.0,1.0,1.0,0.0
1569,9,47,1,1.0,3.0,2,13.0,11.0,4.0,4.0,13.0,8.0,5.0,8.0,2.0,1.0,0.0,0.0
1570,16,37,0,2.0,0.0,0,9.0,7.0,4.0,2.0,8.0,18.0,3.0,6.0,1.0,3.0,0.0,0.0
1571,44,0,2,0.0,2.0,2,7.0,21.0,3.0,12.0,7.0,4.0,3.0,5.0,1.0,2.0,0.0,0.0
1572,29,1,0,1.0,0.0,0,19.0,5.0,9.0,5.0,22.0,10.0,5.0,10.0,4.0,0.0,0.0,0.0
1573,18,45,2,0.0,0.0,1,10.0,11.0,2.0,5.0,9.0,7.0,5.0,4.0,2.0,0.0,0.0,0.0
1574,31,26,1,0.0,0.0,1,8.0,11.0,2.0,4.0,9.0,13.0,5.0,12.0,2.0,3.0,0.0,0.0
1575,38,45,1,0.0,0.0,1,8.0,8.0,3.0,3.0,16.0,15.0,4.0,3.0,3.0,1.0,0.0,0.0
1576,11,37,0,1.0,0.0,0,5.0,7.0,3.0,3.0,13.0,17.0,3.0,5.0,1.0,2.0,0.0,0.0
1577,29,47,0,0.0,0.0,1,11.0,9.0,3.0,5.0,11.0,7.0,2.0,2.0,1.0,1.0,0.0,0.0
1578,44,24,2,0.0,4.0,2,4.0,14.0,1.0,6.0,7.0,10.0,3.0,10.0,0.0,1.0,0.0,0.0
1579,9,0,2,0.0,0.0,1,13.0,11.0,2.0,3.0,11.0,4.0,5.0,4.0,2.0,0.0,0.0,0.0
1580,14,1,1,1.0,0.0,0,16.0,10.0,5.0,2.0,16.0,3.0,11.0,4.0,3.0,1.0,0.0,0.0
1581,16,25,1,0.0,0.0,1,4.0,17.0,1.0,3.0,10.0,7.0,2.0,5.0,0.0,1.0,0.0,0.0
1582,45,9,1,0.0,1.0,2,11.0,13.0,4.0,4.0,6.0,8.0,5.0,4.0,0.0,0.0,0.0,0.0
1583,26,44,1,1.0,0.0,0,17.0,5.0,2.0,3.0,8.0,5.0,8.0,3.0,0.0,1.0,0.0,0.0
1584,24,11,0,1.0,0.0,0,11.0,14.0,4.0,6.0,8.0,14.0,4.0,12.0,0.0,3.0,0.0,0.0
1585,47,42,1,0.0,1.0,2,11.0,6.0,6.0,3.0,20.0,13.0,9.0,2.0,4.0,1.0,0.0,0.0
1586,25,29,1,1.0,1.0,1,10.0,9.0,2.0,4.0,10.0,17.0,5.0,0.0,2.0,1.0,0.0,0.0
1587,28,31,0,1.0,0.0,0,11.0,7.0,6.0,2.0,5.0,12.0,7.0,3.0,2.0,2.0,0.0,0.0
1588,1,16,0,1.0,0.0,0,21.0,13.0,10.0,6.0,18.0,16.0,4.0,4.0,1.0,4.0,1.0,0.0
1589,37,18,2,0.0,0.0,1,10.0,7.0,2.0,3.0,11.0,10.0,6.0,3.0,2.0,4.0,0.0,0.0
1590,19,38,1,0.0,0.0,1,10.0,3.0,1.0,2.0,15.0,12.0,6.0,3.0,2.0,0.0,0.0,0.0
1591,0,14,0,2.0,0.0,0,15.0,19.0,7.0,3.0,13.0,10.0,7.0,9.0,2.0,1.0,0.0,0.0
1592,11,47,0,1.0,0.0,0,10.0,15.0,4.0,3.0,11.0,15.0,1.0,7.0,2.0,1.0,0.0,0.0
1593,14,45,0,1.0,0.0,0,11.0,6.0,7.0,0.0,11.0,6.0,5.0,4.0,0.0,0.0,0.0,0.0
1594,42,25,2,0.0,1.0,2,8.0,17.0,3.0,4.0,15.0,14.0,5.0,3.0,2.0,2.0,0.0,0.0
1595,9,37,1,0.0,0.0,1,21.0,5.0,5.0,3.0,9.0,11.0,14.0,2.0,1.0,5.0,0.0,1.0
1596,29,24,0,4.0,1.0,0,26.0,17.0,14.0,3.0,6.0,6.0,11.0,13.0,1.0,0.0,0.0,0.0
1597,44,1,2,0.0,1.0,2,1.0,19.0,1.0,10.0,14.0,8.0,1.0,7.0,1.0,2.0,1.0,0.0
1598,18,0,0,2.0,1.0,0,9.0,13.0,2.0,2.0,9.0,9.0,4.0,3.0,1.0,3.0,0.0,0.0
1599,31,19,1,0.0,1.0,2,12.0,11.0,5.0,4.0,7.0,17.0,2.0,9.0,1.0,2.0,0.0,1.0
1600,38,28,2,0.0,1.0,2,9.0,11.0,3.0,5.0,9.0,11.0,6.0,6.0,2.0,2.0,0.0,0.0
1601,16,26,2,0.0,3.0,2,5.0,14.0,3.0,8.0,5.0,11.0,5.0,4.0,1.0,0.0,0.0,0.0
1602,1,11,1,0.0,0.0,1,27.0,6.0,7.0,4.0,17.0,19.0,11.0,1.0,1.0,1.0,0.0,0.0
1603,37,29,2,1.0,2.0,2,12.0,14.0,6.0,8.0,17.0,8.0,6.0,3.0,3.0,2.0,0.0,0.0
1604,25,18,2,0.0,1.0,2,14.0,11.0,2.0,6.0,12.0,9.0,4.0,6.0,2.0,3.0,0.0,0.0
1605,45,16,1,0.0,1.0,2,9.0,8.0,2.0,2.0,8.0,12.0,5.0,3.0,0.0,1.0,0.0,1.0
1606,26,42,0,1.0,1.0,1,17.0,8.0,11.0,2.0,8.0,9.0,7.0,4.0,0.0,2.0,0.0,0.0
1607,19,9,1,0.0,0.0,1,9.0,9.0,4.0,4.0,15.0,11.0,1.0,8.0,1.0,0.0,0.0,0.0
1608,0,38,1,0.0,1.0,2,9.0,13.0,4.0,3.0,13.0,13.0,2.0,7.0,1.0,3.0,1.0,0.0
1609,24,31,0,1.0,1.0,1,25.0,10.0,10.0,4.0,10.0,13.0,7.0,4.0,3.0,1.0,0.0,0.0
1610,28,44,1,1.0,1.0,1,26.0,5.0,7.0,1.0,5.0,8.0,13.0,2.0,2.0,3.0,0.0,0.0
1611,47,14,0,0.0,0.0,1,12.0,13.0,4.0,3.0,12.0,12.0,5.0,6.0,2.0,2.0,0.0,0.0
1612,16,42,1,0.0,1.0,2,16.0,14.0,5.0,6.0,15.0,11.0,4.0,7.0,1.0,1.0,0.0,0.0
1613,25,9,0,3.0,0.0,0,15.0,12.0,6.0,4.0,9.0,11.0,9.0,5.0,2.0,1.0,0.0,0.0
1614,38,37,0,1.0,0.0,0,16.0,3.0,6.0,0.0,8.0,14.0,8.0,4.0,0.0,1.0,0.0,0.0
1615,19,26,1,1.0,0.0,0,10.0,12.0,5.0,6.0,9.0,5.0,6.0,8.0,3.0,1.0,0.0,0.0
1616,0,11,2,0.0,0.0,1,18.0,10.0,6.0,2.0,5.0,11.0,13.0,4.0,2.0,1.0,1.0,0.0
1617,18,14,0,1.0,0.0,0,9.0,10.0,4.0,3.0,10.0,11.0,6.0,6.0,2.0,3.0,0.0,0.0
1618,29,28,1,0.0,0.0,1,11.0,9.0,2.0,2.0,13.0,6.0,4.0,3.0,1.0,1.0,0.0,0.0
1619,31,44,0,1.0,0.0,0,12.0,13.0,7.0,3.0,9.0,12.0,4.0,3.0,2.0,3.0,0.0,0.0
1620,47,1,2,0.0,0.0,1,16.0,13.0,7.0,2.0,23.0,15.0,5.0,8.0,2.0,5.0,0.0,0.0
1621,24,45,2,1.0,1.0,1,13.0,19.0,7.0,8.0,12.0,10.0,5.0,6.0,1.0,2.0,0.0,0.0
1622,9,38,2,1.0,1.0,1,12.0,10.0,4.0,3.0,12.0,12.0,4.0,3.0,3.0,3.0,0.0,0.0
1623,26,47,0,1.0,0.0,0,11.0,9.0,6.0,3.0,8.0,14.0,4.0,6.0,1.0,1.0,0.0,0.0
1624,37,25,2,1.0,1.0,1,4.0,13.0,1.0,4.0,13.0,6.0,6.0,5.0,1.0,3.0,0.0,0.0
1625,44,16,2,1.0,1.0,1,9.0,18.0,4.0,6.0,10.0,16.0,4.0,6.0,2.0,2.0,1.0,0.0
1626,42,0,0,2.0,0.0,0,6.0,11.0,3.0,2.0,16.0,12.0,3.0,9.0,1.0,2.0,0.0,0.0
1627,45,29,2,1.0,0.0,0,19.0,15.0,6.0,6.0,9.0,10.0,5.0,4.0,0.0,0.0,0.0,0.0
1628,11,18,1,1.0,1.0,1,8.0,13.0,3.0,6.0,6.0,9.0,8.0,4.0,0.0,0.0,0.0,0.0
1629,28,19,0,2.0,0.0,0,16.0,6.0,6.0,1.0,7.0,6.0,9.0,3.0,0.0,0.0,0.0,0.0
1630,14,24,0,1.0,1.0,1,23.0,8.0,11.0,3.0,12.0,9.0,8.0,4.0,0.0,2.0,0.0,0.0
1631,25,19,2,0.0,2.0,2,16.0,10.0,3.0,5.0,9.0,21.0,6.0,5.0,0.0,2.0,0.0,0.0
1632,45,1,0,1.0,1.0,1,6.0,16.0,2.0,6.0,20.0,7.0,3.0,7.0,1.0,1.0,0.0,0.0
1633,38,29,2,2.0,0.0,0,10.0,15.0,5.0,6.0,12.0,12.0,5.0,9.0,1.0,0.0,0.0,0.0
1634,0,47,2,1.0,2.0,2,13.0,11.0,2.0,5.0,13.0,13.0,8.0,4.0,3.0,4.0,0.0,0.0
1635,14,42,1,0.0,0.0,1,13.0,5.0,3.0,1.0,20.0,9.0,3.0,3.0,4.0,2.0,0.0,0.0
1636,28,11,0,3.0,0.0,0,19.0,9.0,6.0,1.0,12.0,4.0,6.0,4.0,0.0,0.0,0.0,0.0
1637,44,37,0,1.0,0.0,0,17.0,21.0,6.0,5.0,10.0,9.0,14.0,9.0,2.0,3.0,0.0,0.0
1638,9,26,1,0.0,0.0,1,11.0,6.0,3.0,2.0,9.0,13.0,4.0,3.0,2.0,1.0,0.0,0.0
1639,18,24,2,0.0,0.0,1,15.0,23.0,8.0,7.0,8.0,14.0,4.0,2.0,1.0,2.0,0.0,0.0
1640,16,31,2,0.0,0.0,1,12.0,14.0,3.0,7.0,9.0,10.0,7.0,3.0,2.0,2.0,0.0,0.0
1641,11,16,0,1.0,0.0,0,10.0,15.0,4.0,5.0,13.0,9.0,4.0,7.0,2.0,0.0,0.0,0.0
1642,47,38,1,0.0,0.0,1,20.0,7.0,9.0,2.0,14.0,13.0,7.0,4.0,2.0,0.0,0.0,0.0
1643,24,0,1,0.0,0.0,1,25.0,9.0,4.0,2.0,9.0,8.0,5.0,3.0,3.0,0.0,0.0,1.0
1644,37,45,2,0.0,0.0,1,9.0,15.0,5.0,3.0,7.0,6.0,2.0,6.0,0.0,0.0,0.0,0.0
1645,26,25,0,2.0,0.0,0,24.0,11.0,13.0,4.0,15.0,6.0,10.0,3.0,0.0,2.0,0.0,0.0
1646,19,18,2,1.0,3.0,2,14.0,9.0,6.0,7.0,14.0,10.0,2.0,5.0,2.0,0.0,0.0,0.0
1647,1,9,2,0.0,1.0,2,15.0,7.0,4.0,3.0,5.0,18.0,12.0,3.0,2.0,1.0,0.0,1.0
1648,42,28,0,1.0,0.0,0,4.0,22.0,2.0,5.0,13.0,19.0,0.0,10.0,2.0,2.0,0.0,0.0
1649,31,14,2,0.0,1.0,2,8.0,14.0,1.0,3.0,11.0,12.0,7.0,4.0,2.0,0.0,0.0,0.0
1650,29,44,0,0.0,0.0,1,17.0,7.0,7.0,2.0,12.0,17.0,8.0,2.0,1.0,1.0,0.0,0.0
1651,0,1,2,0.0,1.0,2,13.0,15.0,2.0,6.0,11.0,13.0,3.0,8.0,0.0,0.0,0.0,0.0
1652,28,26,1,1.0,1.0,1,7.0,10.0,2.0,3.0,19.0,11.0,1.0,2.0,3.0,1.0,0.0,0.0
1653,44,42,2,0.0,0.0,1,12.0,19.0,2.0,5.0,17.0,12.0,9.0,6.0,1.0,0.0,0.0,0.0
1654,25,47,0,1.0,0.0,0,10.0,7.0,3.0,2.0,12.0,8.0,6.0,3.0,2.0,3.0,0.0,0.0
1655,16,24,0,3.0,1.0,0,10.0,9.0,6.0,3.0,9.0,1.0,3.0,6.0,0.0,2.0,0.0,0.0
1656,45,19,0,0.0,0.0,1,16.0,13.0,7.0,3.0,10.0,9.0,9.0,5.0,2.0,2.0,0.0,0.0
1657,14,37,0,2.0,1.0,0,20.0,6.0,9.0,3.0,5.0,14.0,6.0,7.0,0.0,2.0,0.0,0.0
1658,18,29,2,1.0,2.0,2,7.0,13.0,1.0,5.0,12.0,19.0,5.0,2.0,4.0,2.0,0.0,0.0
1659,9,11,1,0.0,0.0,1,19.0,4.0,3.0,1.0,11.0,5.0,5.0,3.0,1.0,0.0,0.0,0.0
1660,38,31,0,1.0,0.0,0,15.0,4.0,8.0,2.0,12.0,11.0,8.0,3.0,1.0,2.0,0.0,0.0
1661,24,25,2,0.0,2.0,2,11.0,10.0,4.0,8.0,9.0,5.0,10.0,3.0,1.0,1.0,0.0,0.0
1662,19,44,0,2.0,0.0,0,13.0,10.0,6.0,1.0,13.0,11.0,5.0,2.0,3.0,2.0,0.0,0.0
1663,29,0,2,0.0,0.0,1,8.0,7.0,2.0,2.0,12.0,12.0,6.0,3.0,3.0,3.0,0.0,0.0
1664,42,9,0,1.0,0.0,0,9.0,6.0,3.0,2.0,14.0,13.0,4.0,5.0,2.0,1.0,0.0,0.0
1665,1,38,2,0.0,3.0,2,19.0,9.0,10.0,4.0,12.0,17.0,11.0,1.0,1.0,2.0,0.0,0.0
1666,31,18,0,0.0,0.0,1,11.0,15.0,4.0,4.0,9.0,10.0,5.0,4.0,2.0,4.0,0.0,0.0
1667,11,14,2,0.0,1.0,2,5.0,14.0,0.0,9.0,10.0,15.0,3.0,4.0,1.0,0.0,0.0,0.0
1668,26,45,0,1.0,1.0,1,9.0,4.0,5.0,3.0,13.0,14.0,1.0,2.0,0.0,1.0,0.0,0.0
1669,37,28,2,0.0,1.0,2,5.0,16.0,1.0,8.0,14.0,6.0,2.0,5.0,0.0,0.0,0.0,0.0
1670,47,16,0,2.0,0.0,0,15.0,11.0,5.0,2.0,13.0,4.0,7.0,6.0,0.0,2.0,0.0,1.0
1671,9,44,1,1.0,0.0,0,5.0,9.0,3.0,3.0,14.0,7.0,6.0,2.0,2.0,0.0,0.0,0.0
1672,11,42,2,0.0,0.0,1,13.0,9.0,4.0,3.0,9.0,7.0,4.0,5.0,2.0,0.0,0.0,0.0
1673,47,31,1,0.0,0.0,1,16.0,5.0,3.0,2.0,10.0,10.0,2.0,3.0,0.0,1.0,0.0,0.0
1674,0,25,2,0.0,0.0,1,12.0,6.0,4.0,2.0,13.0,9.0,9.0,3.0,3.0,5.0,0.0,0.0
1675,38,18,0,2.0,0.0,0,12.0,6.0,6.0,2.0,11.0,11.0,4.0,5.0,1.0,2.0,0.0,1.0
1676,26,37,0,1.0,1.0,1,17.0,13.0,5.0,2.0,7.0,15.0,7.0,3.0,0.0,3.0,0.0,0.0
1677,45,28,1,1.0,0.0,0,6.0,14.0,2.0,7.0,14.0,6.0,2.0,10.0,2.0,0.0,0.0,0.0
1678,19,16,2,0.0,1.0,2,16.0,14.0,3.0,10.0,11.0,11.0,4.0,4.0,0.0,1.0,1.0,0.0
1679,29,14,1,0.0,0.0,1,14.0,6.0,4.0,1.0,8.0,6.0,9.0,6.0,3.0,1.0,0.0,0.0
1680,1,24,2,0.0,0.0,1,12.0,27.0,4.0,9.0,14.0,17.0,6.0,5.0,2.0,2.0,0.0,0.0
1681,44,11,1,0.0,0.0,1,13.0,9.0,6.0,4.0,15.0,17.0,8.0,2.0,2.0,2.0,0.0,0.0
1682,24,47,2,0.0,0.0,1,13.0,7.0,2.0,3.0,13.0,12.0,8.0,3.0,2.0,1.0,0.0,0.0
1683,16,9,1,1.0,0.0,0,1.0,20.0,1.0,3.0,13.0,12.0,2.0,5.0,3.0,2.0,0.0,1.0
1684,25,1,2,0.0,0.0,1,11.0,10.0,5.0,4.0,18.0,18.0,2.0,7.0,4.0,3.0,0.0,0.0
1685,37,19,1,0.0,0.0,1,10.0,15.0,6.0,6.0,5.0,9.0,2.0,5.0,0.0,2.0,0.0,0.0
1686,42,45,1,3.0,0.0,0,11.0,13.0,6.0,4.0,13.0,12.0,3.0,7.0,0.0,5.0,0.0,0.0
1687,28,0,0,1.0,0.0,0,13.0,11.0,5.0,3.0,15.0,10.0,6.0,6.0,4.0,1.0,0.0,0.0
1688,18,26,1,1.0,1.0,1,11.0,22.0,5.0,8.0,15.0,9.0,2.0,5.0,3.0,2.0,1.0,0.0
1689,14,38,1,2.0,1.0,0,11.0,13.0,5.0,6.0,11.0,9.0,6.0,2.0,1.0,1.0,0.0,0.0
1690,31,29,2,1.0,1.0,1,7.0,28.0,4.0,14.0,9.0,12.0,0.0,7.0,1.0,1.0,0.0,0.0
1691,25,45,2,0.0,2.0,2,4.0,14.0,0.0,6.0,11.0,8.0,6.0,4.0,2.0,2.0,0.0,0.0
1692,29,42,2,1.0,4.0,2,5.0,22.0,2.0,8.0,14.0,10.0,2.0,4.0,2.0,1.0,1.0,0.0
1693,38,44,0,1.0,0.0,0,13.0,5.0,7.0,2.0,19.0,10.0,5.0,1.0,2.0,1.0,0.0,0.0
1694,0,37,0,0.0,0.0,1,6.0,6.0,5.0,2.0,3.0,9.0,2.0,4.0,0.0,1.0,0.0,0.0
1695,1,26,0,4.0,1.0,0,18.0,14.0,11.0,8.0,7.0,10.0,2.0,7.0,2.0,1.0,0.0,0.0
1696,47,19,0,0.0,0.0,1,14.0,10.0,5.0,2.0,15.0,8.0,6.0,2.0,1.0,1.0,0.0,0.0
1697,18,9,0,2.0,1.0,0,11.0,11.0,6.0,3.0,13.0,14.0,3.0,10.0,0.0,1.0,0.0,0.0
1698,14,16,0,0.0,0.0,1,17.0,4.0,6.0,0.0,17.0,13.0,8.0,5.0,2.0,0.0,0.0,0.0
1699,24,28,1,0.0,1.0,2,12.0,23.0,7.0,2.0,11.0,12.0,7.0,10.0,2.0,1.0,0.0,0.0
1700,31,11,0,1.0,0.0,0,10.0,7.0,5.0,3.0,13.0,17.0,3.0,4.0,2.0,3.0,0.0,0.0
1701,19,1,2,0.0,2.0,2,16.0,12.0,3.0,5.0,18.0,14.0,5.0,3.0,6.0,3.0,0.0,0.0
1702,26,0,0,2.0,1.0,0,21.0,4.0,8.0,3.0,11.0,7.0,7.0,3.0,2.0,2.0,0.0,0.0
1703,37,24,2,0.0,0.0,1,14.0,17.0,4.0,9.0,18.0,4.0,5.0,7.0,2.0,1.0,0.0,0.0
1704,28,25,2,1.0,1.0,1,16.0,7.0,5.0,7.0,13.0,8.0,3.0,4.0,1.0,3.0,0.0,0.0
1705,45,47,0,1.0,0.0,0,15.0,11.0,7.0,2.0,7.0,11.0,1.0,3.0,0.0,1.0,0.0,0.0
1706,42,31,1,1.0,0.0,0,23.0,6.0,12.0,1.0,15.0,9.0,10.0,4.0,1.0,4.0,0.0,0.0
1707,44,14,1,3.0,0.0,0,9.0,22.0,3.0,10.0,8.0,16.0,3.0,9.0,1.0,3.0,0.0,0.0
1708,11,38,2,0.0,1.0,2,10.0,5.0,2.0,1.0,8.0,10.0,8.0,2.0,1.0,0.0,0.0,0.0
1709,9,29,2,1.0,1.0,1,18.0,7.0,5.0,3.0,18.0,16.0,7.0,1.0,4.0,2.0,0.0,0.0
1710,16,18,2,1.0,2.0,2,8.0,10.0,1.0,5.0,16.0,15.0,7.0,6.0,3.0,1.0,0.0,0.0
1711,1,37,0,0.0,0.0,1,18.0,4.0,2.0,1.0,12.0,13.0,10.0,4.0,3.0,1.0,0.0,1.0
1712,47,28,2,0.0,2.0,2,10.0,14.0,1.0,9.0,6.0,8.0,4.0,6.0,0.0,3.0,0.0,0.0
1713,38,42,2,1.0,1.0,1,14.0,9.0,7.0,6.0,16.0,18.0,3.0,2.0,4.0,3.0,0.0,0.0
1714,25,11,0,1.0,1.0,1,14.0,16.0,6.0,5.0,11.0,13.0,15.0,4.0,1.0,2.0,0.0,0.0
1715,14,26,2,0.0,0.0,1,5.0,18.0,3.0,6.0,10.0,6.0,1.0,11.0,0.0,0.0,1.0,0.0
1716,31,9,2,0.0,2.0,2,6.0,13.0,0.0,6.0,16.0,15.0,7.0,1.0,3.0,0.0,0.0,1.0
1717,24,19,0,2.0,1.0,0,10.0,14.0,7.0,6.0,13.0,18.0,5.0,3.0,1.0,2.0,0.0,0.0
1718,18,44,0,2.0,1.0,0,17.0,6.0,7.0,4.0,9.0,11.0,11.0,1.0,1.0,0.0,0.0,1.0
1719,0,45,0,1.0,1.0,1,7.0,14.0,3.0,3.0,11.0,13.0,7.0,5.0,0.0,1.0,0.0,0.0
1720,29,16,2,0.0,1.0,2,13.0,14.0,4.0,5.0,13.0,10.0,9.0,3.0,2.0,1.0,0.0,0.0
1721,37,47,2,0.0,2.0,2,9.0,11.0,2.0,4.0,13.0,7.0,12.0,5.0,2.0,1.0,0.0,0.0
1722,9,14,2,0.0,1.0,2,13.0,10.0,3.0,5.0,8.0,13.0,4.0,3.0,1.0,0.0,0.0,0.0
1723,44,25,2,0.0,0.0,1,7.0,13.0,1.0,7.0,12.0,9.0,2.0,5.0,1.0,1.0,0.0,0.0
1724,42,18,2,0.0,0.0,1,9.0,15.0,5.0,4.0,15.0,7.0,5.0,3.0,1.0,0.0,0.0,0.0
1725,16,38,0,1.0,0.0,0,5.0,9.0,3.0,5.0,14.0,11.0,7.0,3.0,2.0,1.0,0.0,0.0
1726,45,31,2,0.0,0.0,1,15.0,15.0,3.0,2.0,13.0,7.0,8.0,7.0,2.0,2.0,0.0,0.0
1727,19,0,2,0.0,1.0,2,5.0,13.0,2.0,6.0,12.0,12.0,2.0,3.0,2.0,2.0,0.0,0.0
1728,26,24,0,3.0,2.0,0,22.0,6.0,6.0,3.0,9.0,6.0,9.0,0.0,1.0,0.0,0.0,0.0
1729,31,26,2,1.0,1.0,1,3.0,14.0,2.0,6.0,11.0,5.0,2.0,4.0,1.0,0.0,0.0,0.0
1730,38,37,0,0.0,1.0,2,13.0,5.0,4.0,3.0,9.0,16.0,9.0,1.0,0.0,1.0,0.0,0.0
1731,25,29,2,0.0,0.0,1,14.0,7.0,3.0,3.0,12.0,11.0,3.0,3.0,1.0,4.0,1.0,0.0
1732,45,1,1,0.0,0.0,1,10.0,13.0,1.0,4.0,16.0,13.0,0.0,7.0,2.0,1.0,0.0,0.0
1733,16,42,1,0.0,1.0,2,13.0,7.0,2.0,2.0,11.0,13.0,7.0,2.0,3.0,2.0,0.0,0.0
1734,18,6,2,1.0,2.0,2,13.0,13.0,5.0,7.0,11.0,9.0,2.0,5.0,1.0,0.0,0.0,0.0
1735,28,32,0,2.0,0.0,0,31.0,5.0,10.0,4.0,7.0,4.0,9.0,0.0,1.0,1.0,0.0,0.0
1736,0,43,0,3.0,1.0,0,13.0,19.0,5.0,6.0,9.0,12.0,4.0,8.0,3.0,3.0,0.0,0.0
1737,14,47,0,2.0,0.0,0,11.0,5.0,3.0,1.0,10.0,16.0,3.0,3.0,2.0,3.0,0.0,0.0
1738,11,9,2,1.0,1.0,1,13.0,14.0,2.0,4.0,11.0,11.0,6.0,7.0,3.0,0.0,0.0,0.0
1739,29,45,1,0.0,1.0,2,11.0,12.0,4.0,3.0,10.0,9.0,2.0,3.0,3.0,1.0,0.0,0.0
1740,26,14,0,3.0,1.0,0,10.0,10.0,7.0,5.0,8.0,11.0,6.0,0.0,1.0,0.0,0.0,0.0
1741,1,0,0,1.0,0.0,0,8.0,7.0,3.0,0.0,13.0,19.0,8.0,9.0,2.0,4.0,0.0,0.0
1742,43,28,2,0.0,2.0,2,2.0,26.0,0.0,10.0,14.0,11.0,0.0,8.0,2.0,0.0,0.0,0.0
1743,9,31,1,0.0,0.0,1,11.0,12.0,3.0,1.0,13.0,12.0,9.0,7.0,4.0,2.0,0.0,0.0
1744,47,16,0,1.0,0.0,0,11.0,7.0,5.0,3.0,11.0,15.0,5.0,2.0,2.0,1.0,0.0,0.0
1745,37,18,2,0.0,0.0,1,8.0,5.0,0.0,2.0,11.0,19.0,7.0,1.0,1.0,3.0,0.0,0.0
1746,42,25,0,3.0,0.0,0,7.0,24.0,3.0,6.0,15.0,10.0,4.0,13.0,2.0,1.0,0.0,0.0
1747,6,38,2,0.0,1.0,2,11.0,16.0,3.0,8.0,12.0,11.0,12.0,6.0,2.0,2.0,0.0,0.0
1748,32,11,2,0.0,1.0,2,6.0,23.0,2.0,8.0,9.0,16.0,6.0,8.0,0.0,0.0,2.0,0.0
1749,45,43,0,3.0,0.0,0,10.0,14.0,4.0,3.0,11.0,11.0,9.0,3.0,0.0,2.0,0.0,0.0
1750,25,37,0,1.0,0.0,0,15.0,5.0,7.0,1.0,12.0,10.0,9.0,5.0,1.0,2.0,0.0,0.0
1751,18,1,1,0.0,0.0,1,9.0,15.0,1.0,1.0,15.0,13.0,5.0,5.0,2.0,1.0,0.0,0.0
1752,16,29,2,0.0,1.0,2,13.0,17.0,5.0,5.0,10.0,15.0,2.0,7.0,1.0,2.0,0.0,0.0
1753,38,9,1,0.0,1.0,2,21.0,10.0,6.0,2.0,6.0,10.0,8.0,2.0,1.0,0.0,0.0,0.0
1754,31,42,2,0.0,1.0,2,22.0,8.0,6.0,5.0,6.0,13.0,5.0,4.0,2.0,3.0,0.0,0.0
1755,28,6,0,2.0,0.0,0,8.0,15.0,4.0,3.0,10.0,10.0,3.0,5.0,1.0,1.0,0.0,0.0
1756,11,47,1,0.0,0.0,1,9.0,14.0,1.0,5.0,10.0,8.0,3.0,8.0,0.0,0.0,0.0,0.0
1757,0,26,0,2.0,1.0,0,3.0,24.0,2.0,8.0,14.0,10.0,2.0,13.0,3.0,1.0,0.0,0.0
1758,14,32,0,1.0,0.0,0,22.0,2.0,6.0,0.0,10.0,9.0,8.0,1.0,2.0,2.0,0.0,0.0
1759,29,38,1,2.0,1.0,0,8.0,9.0,4.0,5.0,14.0,15.0,4.0,6.0,1.0,3.0,0.0,0.0
1760,47,18,0,1.0,0.0,0,14.0,6.0,7.0,2.0,9.0,9.0,5.0,2.0,0.0,2.0,0.0,0.0
1761,6,25,0,0.0,1.0,2,10.0,13.0,4.0,5.0,11.0,12.0,2.0,6.0,2.0,1.0,0.0,1.0
1762,1,16,0,1.0,0.0,0,12.0,9.0,9.0,5.0,21.0,21.0,5.0,1.0,2.0,4.0,0.0,1.0
1763,42,0,0,1.0,1.0,1,15.0,13.0,9.0,4.0,16.0,11.0,6.0,5.0,5.0,3.0,0.0,0.0
1764,32,45,2,0.0,2.0,2,11.0,19.0,2.0,7.0,9.0,8.0,1.0,6.0,1.0,0.0,0.0,0.0
1765,37,14,0,2.0,0.0,0,9.0,15.0,4.0,4.0,8.0,6.0,4.0,6.0,1.0,0.0,0.0,0.0
1766,26,11,1,1.0,0.0,0,23.0,6.0,9.0,2.0,7.0,4.0,12.0,6.0,1.0,2.0,0.0,0.0
1767,43,31,0,0.0,1.0,2,17.0,8.0,5.0,4.0,23.0,15.0,2.0,4.0,1.0,4.0,0.0,0.0
1768,9,28,2,0.0,2.0,2,3.0,26.0,0.0,8.0,7.0,3.0,2.0,7.0,1.0,0.0,0.0,0.0
1769,18,38,1,1.0,1.0,1,11.0,17.0,4.0,4.0,13.0,14.0,3.0,5.0,3.0,3.0,0.0,0.0
1770,1,29,2,0.0,2.0,2,9.0,14.0,1.0,6.0,7.0,13.0,3.0,5.0,2.0,3.0,0.0,0.0
1771,6,42,1,0.0,0.0,1,9.0,9.0,2.0,0.0,11.0,14.0,8.0,12.0,3.0,2.0,0.0,0.0
1772,37,47,0,0.0,0.0,1,7.0,6.0,3.0,1.0,5.0,6.0,6.0,1.0,2.0,0.0,0.0,0.0
1773,9,26,2,1.0,2.0,2,12.0,19.0,2.0,8.0,7.0,15.0,6.0,10.0,1.0,4.0,0.0,0.0
1774,28,31,0,2.0,0.0,0,23.0,6.0,9.0,1.0,12.0,7.0,8.0,1.0,0.0,0.0,0.0,0.0
1775,45,11,2,0.0,1.0,2,21.0,8.0,5.0,4.0,7.0,7.0,10.0,3.0,1.0,1.0,0.0,0.0
1776,43,32,0,1.0,1.0,1,9.0,12.0,4.0,3.0,11.0,15.0,4.0,3.0,2.0,4.0,0.0,0.0
1777,16,14,2,1.0,2.0,2,13.0,14.0,4.0,6.0,11.0,10.0,7.0,9.0,1.0,0.0,0.0,0.0
1778,0,25,1,1.0,0.0,0,11.0,13.0,7.0,5.0,10.0,14.0,10.0,1.0,1.0,0.0,1.0,0.0
1779,42,18,0,1.0,0.0,0,12.0,11.0,2.0,3.0,14.0,18.0,5.0,6.0,3.0,2.0,0.0,0.0
1780,38,28,0,1.0,0.0,0,8.0,26.0,4.0,6.0,6.0,7.0,2.0,13.0,1.0,2.0,0.0,0.0
1781,11,37,1,1.0,0.0,0,9.0,10.0,4.0,3.0,8.0,14.0,3.0,9.0,0.0,0.0,0.0,0.0
1782,31,45,1,1.0,1.0,1,11.0,17.0,4.0,7.0,9.0,11.0,6.0,4.0,0.0,0.0,0.0,0.0
1783,26,1,0,0.0,0.0,1,6.0,9.0,4.0,3.0,18.0,8.0,7.0,5.0,1.0,1.0,0.0,0.0
1784,47,0,2,0.0,1.0,2,10.0,8.0,1.0,5.0,6.0,11.0,3.0,5.0,2.0,4.0,0.0,0.0
1785,25,16,0,0.0,0.0,1,15.0,7.0,4.0,1.0,18.0,8.0,3.0,7.0,2.0,1.0,0.0,0.0
1786,14,43,0,2.0,0.0,0,21.0,7.0,9.0,3.0,9.0,12.0,5.0,3.0,0.0,2.0,0.0,0.0
1787,29,6,0,3.0,1.0,0,19.0,7.0,10.0,3.0,13.0,12.0,8.0,3.0,0.0,1.0,0.0,0.0
1788,32,9,2,0.0,1.0,2,12.0,8.0,1.0,2.0,11.0,13.0,0.0,2.0,2.0,2.0,0.0,0.0
1789,28,26,0,3.0,0.0,0,14.0,11.0,6.0,3.0,8.0,7.0,3.0,3.0,2.0,2.0,0.0,0.0
1790,37,42,0,1.0,0.0,0,7.0,9.0,5.0,2.0,13.0,13.0,1.0,6.0,2.0,0.0,0.0,0.0
1791,18,25,0,2.0,0.0,0,7.0,15.0,2.0,3.0,13.0,10.0,3.0,5.0,1.0,1.0,0.0,0.0
1792,6,31,2,0.0,2.0,2,12.0,12.0,1.0,7.0,11.0,10.0,6.0,3.0,2.0,0.0,0.0,0.0
1793,45,14,0,1.0,1.0,1,10.0,17.0,4.0,6.0,10.0,9.0,2.0,3.0,2.0,1.0,0.0,0.0
1794,0,32,0,2.0,0.0,0,13.0,8.0,8.0,2.0,10.0,10.0,6.0,2.0,1.0,4.0,0.0,0.0
1795,9,29,2,0.0,2.0,2,8.0,12.0,2.0,6.0,10.0,9.0,4.0,5.0,0.0,1.0,0.0,0.0
1796,16,11,2,0.0,0.0,1,17.0,8.0,4.0,4.0,12.0,13.0,9.0,1.0,1.0,1.0,0.0,0.0
1797,43,38,2,0.0,1.0,2,8.0,11.0,0.0,7.0,18.0,9.0,5.0,3.0,3.0,0.0,0.0,0.0
1798,1,47,2,0.0,0.0,1,11.0,9.0,1.0,2.0,16.0,16.0,2.0,2.0,1.0,1.0,0.0,0.0
1799,38,0,2,0.0,1.0,2,12.0,10.0,3.0,5.0,10.0,14.0,4.0,6.0,0.0,2.0,1.0,0.0
1800,11,43,0,0.0,0.0,1,9.0,10.0,5.0,4.0,13.0,15.0,1.0,7.0,1.0,0.0,0.0,0.0
1801,14,28,0,1.0,0.0,0,15.0,11.0,10.0,2.0,13.0,3.0,5.0,7.0,1.0,1.0,0.0,1.0
1802,32,18,2,0.0,0.0,1,9.0,12.0,1.0,5.0,8.0,13.0,6.0,5.0,0.0,1.0,0.0,0.0
1803,26,16,0,2.0,0.0,0,21.0,3.0,7.0,0.0,7.0,5.0,6.0,0.0,0.0,0.0,0.0,0.0
1804,47,6,0,0.0,0.0,1,10.0,4.0,2.0,0.0,11.0,11.0,6.0,4.0,3.0,3.0,0.0,0.0
1805,29,37,0,2.0,0.0,0,15.0,4.0,6.0,1.0,10.0,6.0,10.0,5.0,1.0,0.0,0.0,0.0
1806,31,1,1,0.0,0.0,1,13.0,14.0,3.0,2.0,15.0,13.0,6.0,9.0,2.0,2.0,0.0,0.0
1807,42,45,0,0.0,0.0,1,15.0,10.0,4.0,2.0,12.0,7.0,9.0,4.0,2.0,2.0,0.0,0.0
1808,25,9,1,0.0,0.0,1,11.0,10.0,2.0,2.0,10.0,13.0,6.0,7.0,2.0,2.0,0.0,0.0
1809,28,11,0,3.0,0.0,0,19.0,1.0,7.0,0.0,8.0,7.0,3.0,1.0,1.0,1.0,0.0,0.0
1810,1,14,2,1.0,0.0,0,8.0,19.0,4.0,5.0,9.0,17.0,2.0,10.0,2.0,1.0,0.0,0.0
1811,31,37,0,0.0,0.0,1,12.0,7.0,8.0,1.0,9.0,10.0,2.0,4.0,2.0,0.0,0.0,1.0
1812,18,26,1,0.0,0.0,1,9.0,10.0,3.0,3.0,15.0,12.0,1.0,6.0,2.0,2.0,0.0,0.0
1813,45,47,2,0.0,0.0,1,7.0,10.0,2.0,6.0,8.0,7.0,5.0,7.0,1.0,1.0,0.0,0.0
1814,9,0,0,0.0,0.0,1,9.0,13.0,5.0,6.0,13.0,8.0,10.0,7.0,2.0,1.0,0.0,0.0
1815,6,16,2,0.0,2.0,2,12.0,7.0,1.0,2.0,13.0,15.0,11.0,4.0,3.0,2.0,0.0,0.0
1816,43,25,1,0.0,0.0,1,8.0,15.0,4.0,2.0,15.0,12.0,2.0,7.0,0.0,1.0,0.0,0.0
1817,42,29,1,1.0,0.0,0,10.0,12.0,3.0,6.0,17.0,18.0,7.0,6.0,0.0,1.0,0.0,0.0
1818,32,38,2,0.0,0.0,1,9.0,22.0,1.0,9.0,9.0,15.0,9.0,7.0,1.0,1.0,0.0,0.0
1819,1,37,1,0.0,0.0,1,14.0,5.0,6.0,1.0,11.0,14.0,12.0,4.0,1.0,1.0,0.0,0.0
1820,28,0,0,1.0,0.0,0,20.0,3.0,12.0,0.0,9.0,7.0,5.0,2.0,1.0,1.0,0.0,1.0
1821,25,1,0,1.0,0.0,0,15.0,4.0,7.0,1.0,15.0,12.0,9.0,0.0,2.0,1.0,0.0,0.0
1822,14,18,0,2.0,0.0,0,17.0,3.0,11.0,1.0,8.0,10.0,6.0,1.0,1.0,2.0,0.0,0.0
1823,29,28,0,1.0,0.0,0,12.0,7.0,6.0,2.0,11.0,9.0,2.0,11.0,2.0,4.0,0.0,0.0
1824,38,31,2,0.0,0.0,1,6.0,14.0,3.0,7.0,14.0,15.0,5.0,8.0,0.0,3.0,1.0,0.0
1825,26,6,0,2.0,1.0,0,14.0,6.0,6.0,4.0,10.0,12.0,9.0,4.0,0.0,1.0,0.0,0.0
1826,47,9,1,0.0,0.0,1,11.0,7.0,1.0,1.0,4.0,7.0,2.0,0.0,1.0,3.0,0.0,0.0
1827,0,45,0,0.0,0.0,1,9.0,14.0,2.0,6.0,11.0,9.0,6.0,7.0,1.0,2.0,0.0,0.0
1828,11,42,1,1.0,0.0,0,21.0,13.0,8.0,2.0,16.0,11.0,3.0,5.0,5.0,4.0,0.0,0.0
1829,37,32,0,1.0,0.0,0,10.0,12.0,4.0,5.0,12.0,8.0,10.0,5.0,0.0,0.0,0.0,0.0
1830,16,43,0,1.0,0.0,0,10.0,10.0,3.0,4.0,12.0,19.0,8.0,8.0,4.0,4.0,0.0,0.0
1831,18,29,1,1.0,1.0,1,16.0,14.0,5.0,5.0,11.0,11.0,13.0,8.0,3.0,4.0,0.0,0.0
1832,42,47,2,2.0,1.0,0,13.0,14.0,5.0,4.0,12.0,14.0,4.0,5.0,3.0,2.0,0.0,0.0
1833,9,16,2,0.0,0.0,1,24.0,12.0,8.0,3.0,8.0,9.0,8.0,7.0,1.0,1.0,0.0,0.0
1834,43,26,0,0.0,0.0,1,14.0,7.0,5.0,1.0,4.0,8.0,3.0,5.0,0.0,0.0,0.0,0.0
1835,6,14,1,0.0,1.0,2,9.0,23.0,5.0,6.0,8.0,5.0,4.0,14.0,2.0,2.0,0.0,0.0
1836,31,11,1,0.0,0.0,1,21.0,8.0,4.0,1.0,11.0,9.0,11.0,7.0,4.0,3.0,0.0,0.0
1837,45,38,0,2.0,1.0,0,14.0,10.0,7.0,2.0,8.0,11.0,4.0,9.0,1.0,1.0,0.0,0.0
1838,32,25,0,0.0,0.0,1,11.0,19.0,6.0,4.0,13.0,16.0,6.0,7.0,1.0,2.0,0.0,0.0
1839,26,45,0,1.0,1.0,1,25.0,7.0,7.0,4.0,4.0,10.0,16.0,8.0,0.0,3.0,0.0,0.0
1840,29,43,0,1.0,0.0,0,21.0,7.0,9.0,2.0,6.0,15.0,3.0,5.0,0.0,1.0,0.0,0.0
1841,47,32,0,2.0,0.0,0,19.0,6.0,6.0,4.0,11.0,6.0,4.0,1.0,2.0,3.0,0.0,0.0
1842,0,18,0,2.0,2.0,1,9.0,17.0,4.0,5.0,12.0,12.0,6.0,3.0,0.0,4.0,0.0,0.0
1843,11,6,0,0.0,0.0,1,16.0,12.0,10.0,4.0,9.0,9.0,7.0,3.0,4.0,3.0,0.0,0.0
1844,37,9,1,1.0,1.0,1,14.0,8.0,3.0,2.0,3.0,6.0,12.0,2.0,0.0,2.0,0.0,0.0
1845,38,1,0,1.0,0.0,0,28.0,4.0,9.0,1.0,13.0,17.0,9.0,6.0,1.0,4.0,0.0,0.0
1846,25,28,2,0.0,0.0,1,10.0,18.0,3.0,7.0,14.0,10.0,3.0,7.0,0.0,0.0,0.0,0.0
1847,14,42,0,1.0,0.0,0,17.0,5.0,7.0,3.0,14.0,14.0,3.0,5.0,1.0,2.0,0.0,0.0
1848,16,31,0,1.0,0.0,0,18.0,8.0,9.0,2.0,15.0,11.0,7.0,5.0,2.0,6.0,0.0,1.0
1849,28,45,0,1.0,0.0,0,20.0,3.0,7.0,0.0,5.0,7.0,6.0,1.0,0.0,1.0,0.0,0.0
1850,14,29,2,0.0,1.0,2,17.0,9.0,1.0,3.0,11.0,11.0,9.0,8.0,4.0,3.0,0.0,0.0
1851,0,31,0,0.0,0.0,1,15.0,10.0,7.0,2.0,15.0,9.0,5.0,6.0,2.0,0.0,0.0,0.0
1852,1,42,2,1.0,2.0,2,18.0,23.0,4.0,10.0,12.0,10.0,12.0,7.0,2.0,0.0,0.0,0.0
1853,32,26,2,0.0,0.0,1,5.0,17.0,1.0,6.0,5.0,11.0,2.0,7.0,1.0,2.0,0.0,0.0
1854,38,11,2,1.0,1.0,1,10.0,9.0,2.0,6.0,8.0,11.0,4.0,3.0,2.0,2.0,0.0,0.0
1855,47,25,1,0.0,0.0,1,15.0,9.0,3.0,3.0,13.0,10.0,7.0,0.0,2.0,2.0,0.0,1.0
1856,37,6,0,1.0,1.0,1,16.0,10.0,6.0,2.0,10.0,8.0,8.0,4.0,2.0,2.0,0.0,0.0
1857,18,16,0,1.0,0.0,0,14.0,10.0,8.0,2.0,11.0,12.0,4.0,6.0,0.0,1.0,0.0,0.0
1858,9,43,1,0.0,1.0,2,10.0,5.0,2.0,2.0,9.0,12.0,3.0,2.0,2.0,2.0,0.0,0.0
1859,11,0,1,0.0,0.0,1,15.0,13.0,2.0,2.0,8.0,11.0,5.0,7.0,1.0,3.0,0.0,0.0
1860,42,28,0,0.0,0.0,1,3.0,18.0,3.0,5.0,8.0,14.0,2.0,6.0,2.0,3.0,0.0,1.0
1861,29,47,1,0.0,0.0,1,15.0,14.0,5.0,3.0,14.0,15.0,4.0,6.0,3.0,2.0,0.0,0.0
1862,26,38,0,0.0,0.0,1,16.0,17.0,9.0,4.0,9.0,15.0,6.0,11.0,0.0,2.0,0.0,0.0
1863,43,18,2,2.0,2.0,1,11.0,12.0,2.0,5.0,17.0,14.0,4.0,4.0,2.0,2.0,0.0,1.0
1864,16,37,2,0.0,0.0,1,13.0,10.0,3.0,3.0,9.0,15.0,9.0,5.0,3.0,2.0,0.0,0.0
1865,6,1,0,2.0,0.0,0,16.0,18.0,6.0,5.0,10.0,15.0,1.0,8.0,1.0,3.0,1.0,0.0
1866,45,9,1,2.0,0.0,0,12.0,19.0,6.0,6.0,8.0,9.0,4.0,6.0,1.0,1.0,0.0,0.0
1867,25,14,1,0.0,0.0,1,14.0,7.0,4.0,3.0,16.0,14.0,4.0,6.0,2.0,2.0,0.0,0.0
1868,31,32,1,0.0,0.0,1,15.0,19.0,5.0,4.0,10.0,15.0,8.0,12.0,2.0,1.0,0.0,0.0
1869,45,26,2,0.0,1.0,2,7.0,13.0,4.0,5.0,6.0,6.0,3.0,7.0,2.0,0.0,0.0,0.0
1870,47,26,2,0.0,1.0,2,10.0,13.0,3.0,6.0,6.0,11.0,2.0,4.0,0.0,1.0,0.0,0.0
1871,29,11,2,0.0,1.0,2,24.0,5.0,7.0,2.0,11.0,7.0,5.0,2.0,0.0,2.0,0.0,0.0
1872,42,32,0,1.0,0.0,0,14.0,12.0,3.0,2.0,12.0,7.0,7.0,3.0,0.0,1.0,0.0,0.0
1873,25,45,0,2.0,0.0,0,19.0,6.0,8.0,2.0,10.0,19.0,7.0,8.0,1.0,1.0,0.0,0.0
1874,1,43,0,0.0,1.0,2,16.0,8.0,5.0,2.0,11.0,18.0,6.0,3.0,2.0,2.0,0.0,0.0
1875,6,9,0,2.0,0.0,0,11.0,21.0,3.0,8.0,9.0,12.0,5.0,8.0,1.0,1.0,0.0,0.0
1876,16,38,2,0.0,1.0,2,6.0,15.0,0.0,6.0,12.0,13.0,0.0,8.0,1.0,2.0,0.0,0.0
1877,14,0,1,1.0,0.0,0,19.0,2.0,8.0,2.0,11.0,6.0,17.0,5.0,2.0,1.0,0.0,1.0
1878,37,28,2,0.0,0.0,1,4.0,18.0,1.0,5.0,13.0,13.0,5.0,13.0,4.0,3.0,0.0,0.0
1879,18,31,1,1.0,0.0,0,17.0,8.0,8.0,2.0,13.0,10.0,6.0,4.0,1.0,1.0,0.0,0.0
1880,26,29,0,1.0,0.0,0,16.0,9.0,5.0,4.0,7.0,10.0,11.0,5.0,1.0,3.0,0.0,0.0
1881,11,25,0,0.0,1.0,2,8.0,18.0,5.0,8.0,14.0,8.0,4.0,5.0,1.0,0.0,0.0,0.0
1882,43,42,1,0.0,0.0,1,15.0,17.0,2.0,5.0,13.0,13.0,3.0,3.0,2.0,3.0,0.0,0.0
1883,28,16,1,0.0,1.0,2,25.0,5.0,6.0,3.0,9.0,7.0,14.0,2.0,1.0,2.0,0.0,0.0
1884,45,18,1,1.0,1.0,1,12.0,11.0,6.0,3.0,11.0,13.0,7.0,6.0,1.0,0.0,0.0,0.0
1885,32,6,0,1.0,0.0,0,16.0,6.0,5.0,3.0,10.0,10.0,4.0,5.0,2.0,2.0,1.0,1.0
1886,9,1,1,1.0,0.0,0,10.0,8.0,2.0,3.0,11.0,13.0,3.0,4.0,3.0,3.0,0.0,0.0
1887,38,47,2,2.0,0.0,0,11.0,8.0,5.0,4.0,13.0,12.0,1.0,3.0,2.0,1.0,0.0,0.0
1888,31,14,0,0.0,0.0,1,7.0,19.0,2.0,4.0,9.0,14.0,1.0,10.0,1.0,1.0,0.0,0.0
1889,0,37,1,1.0,0.0,0,11.0,12.0,4.0,4.0,9.0,13.0,4.0,5.0,1.0,2.0,0.0,0.0
1890,1,28,2,0.0,4.0,2,7.0,22.0,1.0,12.0,5.0,12.0,2.0,4.0,2.0,1.0,0.0,0.0
1891,6,43,2,0.0,1.0,2,10.0,18.0,1.0,6.0,3.0,13.0,5.0,5.0,1.0,1.0,0.0,0.0
1892,42,26,2,0.0,1.0,2,14.0,13.0,4.0,7.0,4.0,8.0,4.0,3.0,0.0,2.0,0.0,0.0
1893,16,0,1,0.0,1.0,2,6.0,7.0,3.0,4.0,14.0,22.0,1.0,4.0,2.0,3.0,0.0,1.0
1894,47,31,1,1.0,1.0,1,9.0,5.0,4.0,1.0,13.0,12.0,5.0,2.0,0.0,3.0,0.0,0.0
1895,14,11,0,2.0,0.0,0,18.0,7.0,8.0,2.0,7.0,4.0,10.0,3.0,0.0,3.0,0.0,0.0
1896,29,32,0,1.0,0.0,0,13.0,8.0,6.0,3.0,18.0,7.0,4.0,2.0,0.0,0.0,0.0,0.0
1897,25,38,2,1.0,1.0,1,5.0,16.0,5.0,10.0,9.0,17.0,2.0,4.0,0.0,3.0,0.0,0.0
1898,18,9,0,1.0,0.0,0,14.0,9.0,6.0,2.0,7.0,7.0,4.0,3.0,2.0,1.0,0.0,0.0
1899,37,45,0,0.0,0.0,1,13.0,7.0,3.0,2.0,11.0,6.0,7.0,3.0,1.0,0.0,0.0,0.0
1900,26,37,0,1.0,0.0,0,19.0,3.0,7.0,2.0,5.0,8.0,8.0,4.0,0.0,0.0,0.0,0.0
1901,9,14,1,0.0,1.0,2,16.0,16.0,5.0,5.0,8.0,15.0,5.0,3.0,2.0,3.0,0.0,0.0
1902,45,6,0,3.0,0.0,0,14.0,3.0,7.0,2.0,3.0,12.0,9.0,2.0,1.0,2.0,0.0,0.0
1903,11,1,2,0.0,2.0,2,20.0,11.0,1.0,6.0,12.0,10.0,8.0,4.0,1.0,1.0,0.0,0.0
1904,28,18,0,0.0,0.0,1,16.0,7.0,7.0,2.0,11.0,11.0,3.0,6.0,0.0,4.0,0.0,0.0
1905,38,42,0,1.0,0.0,0,12.0,11.0,3.0,5.0,21.0,8.0,6.0,9.0,3.0,4.0,0.0,0.0
1906,43,47,0,1.0,0.0,0,9.0,16.0,3.0,4.0,12.0,6.0,4.0,7.0,3.0,1.0,1.0,0.0
1907,31,25,2,0.0,2.0,2,5.0,17.0,2.0,10.0,8.0,12.0,4.0,5.0,1.0,1.0,0.0,0.0
1908,32,16,1,1.0,0.0,0,15.0,12.0,4.0,3.0,12.0,9.0,2.0,5.0,5.0,0.0,0.0,0.0
1909,0,29,0,2.0,0.0,0,10.0,10.0,4.0,4.0,11.0,15.0,1.0,4.0,2.0,0.0,0.0,0.0
1910,28,37,0,0.0,0.0,1,16.0,8.0,4.0,0.0,5.0,6.0,8.0,5.0,1.0,1.0,0.0,0.0
1911,0,14,2,1.0,0.0,0,7.0,13.0,2.0,4.0,13.0,19.0,2.0,3.0,5.0,4.0,0.0,0.0
1912,26,47,0,1.0,0.0,0,10.0,10.0,3.0,2.0,7.0,3.0,5.0,6.0,1.0,0.0,0.0,0.0
1913,9,6,0,1.0,0.0,0,16.0,10.0,6.0,2.0,8.0,11.0,9.0,2.0,0.0,2.0,0.0,0.0
1914,11,29,2,0.0,1.0,2,8.0,14.0,1.0,5.0,17.0,10.0,5.0,4.0,4.0,3.0,0.0,0.0
1915,45,25,2,1.0,1.0,1,14.0,13.0,4.0,8.0,16.0,4.0,5.0,5.0,4.0,1.0,0.0,0.0
1916,32,42,1,1.0,0.0,0,5.0,15.0,2.0,7.0,12.0,10.0,4.0,6.0,3.0,3.0,0.0,0.0
1917,31,18,2,0.0,1.0,2,20.0,22.0,5.0,9.0,13.0,13.0,5.0,8.0,2.0,2.0,0.0,0.0
1918,38,16,1,0.0,0.0,1,14.0,5.0,5.0,2.0,13.0,7.0,12.0,4.0,1.0,2.0,0.0,0.0
1919,43,1,0,1.0,0.0,0,20.0,11.0,6.0,2.0,16.0,9.0,6.0,3.0,3.0,1.0,1.0,0.0
1920,47,28,0,0.0,1.0,2,20.0,7.0,8.0,3.0,7.0,13.0,3.0,1.0,0.0,1.0,0.0,1.0
1921,37,43,1,1.0,1.0,1,16.0,5.0,4.0,2.0,11.0,8.0,9.0,1.0,1.0,3.0,0.0,0.0
1922,14,38,2,0.0,1.0,2,10.0,5.0,3.0,3.0,10.0,9.0,8.0,1.0,3.0,2.0,0.0,0.0
1923,16,45,0,0.0,0.0,1,13.0,10.0,4.0,2.0,5.0,10.0,7.0,6.0,0.0,2.0,0.0,0.0
1924,1,32,0,0.0,0.0,1,11.0,16.0,2.0,6.0,15.0,12.0,5.0,8.0,2.0,3.0,0.0,0.0
1925,29,31,0,3.0,1.0,0,22.0,7.0,10.0,2.0,10.0,7.0,5.0,0.0,2.0,2.0,0.0,0.0
1926,42,9,0,0.0,1.0,2,11.0,11.0,5.0,5.0,10.0,9.0,9.0,2.0,4.0,2.0,0.0,0.0
1927,25,26,2,0.0,1.0,2,3.0,15.0,0.0,6.0,5.0,7.0,2.0,8.0,1.0,1.0,0.0,0.0
1928,6,0,1,1.0,0.0,0,12.0,17.0,4.0,2.0,5.0,13.0,8.0,3.0,4.0,4.0,0.0,0.0
1929,18,11,0,0.0,0.0,1,21.0,6.0,5.0,0.0,15.0,14.0,10.0,2.0,0.0,0.0,0.0,0.0
1930,42,14,2,0.0,2.0,2,5.0,13.0,1.0,3.0,9.0,11.0,3.0,5.0,4.0,3.0,1.0,0.0
1931,43,29,0,0.0,0.0,1,11.0,17.0,3.0,8.0,16.0,11.0,3.0,5.0,3.0,1.0,0.0,0.0
1932,28,25,0,2.0,1.0,0,23.0,5.0,12.0,2.0,14.0,9.0,6.0,1.0,2.0,2.0,0.0,0.0
1933,1,38,2,0.0,2.0,2,19.0,17.0,6.0,8.0,16.0,15.0,7.0,5.0,2.0,1.0,0.0,0.0
1934,6,11,2,0.0,0.0,1,3.0,2.0,0.0,1.0,13.0,21.0,4.0,5.0,2.0,4.0,0.0,0.0
1935,31,16,0,0.0,0.0,1,8.0,16.0,3.0,4.0,12.0,11.0,4.0,5.0,2.0,0.0,0.0,0.0
1936,32,47,2,1.0,0.0,0,13.0,14.0,7.0,4.0,7.0,14.0,3.0,11.0,2.0,4.0,0.0,0.0
1937,9,37,2,0.0,1.0,2,9.0,7.0,2.0,2.0,6.0,11.0,4.0,3.0,1.0,3.0,0.0,0.0
1938,18,0,1,0.0,0.0,1,9.0,6.0,0.0,2.0,10.0,11.0,5.0,4.0,2.0,3.0,0.0,0.0
1939,16,9,1,0.0,0.0,1,11.0,15.0,4.0,10.0,7.0,12.0,3.0,7.0,1.0,1.0,0.0,0.0
1940,47,42,2,0.0,1.0,2,18.0,9.0,5.0,5.0,14.0,10.0,11.0,2.0,4.0,4.0,0.0,0.0
1941,0,28,2,0.0,3.0,2,6.0,14.0,1.0,7.0,9.0,24.0,3.0,3.0,1.0,4.0,0.0,0.0
1942,29,18,1,0.0,1.0,2,24.0,8.0,8.0,3.0,10.0,12.0,6.0,5.0,1.0,2.0,0.0,0.0
1943,25,32,1,1.0,1.0,1,18.0,10.0,5.0,3.0,11.0,15.0,12.0,4.0,0.0,4.0,0.0,0.0
1944,14,6,2,0.0,0.0,1,18.0,11.0,5.0,2.0,9.0,14.0,9.0,4.0,1.0,2.0,0.0,0.0
1945,26,43,0,1.0,0.0,0,16.0,8.0,6.0,2.0,8.0,6.0,6.0,3.0,2.0,1.0,0.0,0.0
1946,38,45,2,0.0,1.0,2,11.0,11.0,2.0,4.0,9.0,14.0,5.0,8.0,1.0,3.0,0.0,0.0
1947,11,31,0,0.0,0.0,1,7.0,9.0,4.0,0.0,15.0,12.0,4.0,3.0,0.0,2.0,0.0,0.0
1948,37,1,0,0.0,0.0,1,7.0,8.0,3.0,0.0,10.0,9.0,3.0,2.0,2.0,2.0,0.0,0.0
1949,45,0,2,1.0,0.0,0,11.0,10.0,4.0,3.0,12.0,6.0,4.0,3.0,2.0,0.0,0.0,0.0
1950,31,38,0,0.0,0.0,1,12.0,19.0,6.0,4.0,11.0,17.0,3.0,12.0,1.0,3.0,0.0,0.0
1951,32,37,2,1.0,0.0,0,14.0,9.0,4.0,3.0,6.0,12.0,9.0,1.0,0.0,4.0,0.0,0.0
1952,1,25,2,1.0,2.0,2,15.0,23.0,2.0,8.0,21.0,15.0,8.0,5.0,6.0,2.0,0.0,0.0
1953,9,47,1,2.0,2.0,1,13.0,13.0,4.0,5.0,10.0,7.0,3.0,4.0,3.0,0.0,0.0,0.0
1954,43,16,1,0.0,0.0,1,13.0,3.0,3.0,0.0,15.0,16.0,6.0,2.0,4.0,2.0,0.0,0.0
1955,18,14,0,1.0,0.0,0,13.0,15.0,7.0,4.0,14.0,9.0,1.0,5.0,3.0,0.0,0.0,0.0
1956,6,26,2,0.0,2.0,2,3.0,21.0,0.0,9.0,5.0,6.0,1.0,3.0,0.0,1.0,0.0,0.0
1957,42,11,0,3.0,0.0,0,13.0,7.0,7.0,1.0,12.0,8.0,1.0,1.0,1.0,1.0,0.0,0.0
1958,28,29,2,0.0,2.0,2,22.0,11.0,5.0,7.0,10.0,10.0,16.0,3.0,3.0,2.0,0.0,0.0
1959,0,9,2,0.0,1.0,2,12.0,20.0,5.0,9.0,10.0,11.0,9.0,9.0,3.0,1.0,0.0,0.0
1960,37,31,2,0.0,1.0,2,13.0,6.0,6.0,4.0,10.0,6.0,8.0,1.0,2.0,0.0,0.0,0.0
1961,26,18,0,4.0,2.0,0,11.0,12.0,5.0,4.0,13.0,17.0,5.0,6.0,1.0,2.0,0.0,0.0
1962,25,43,0,0.0,0.0,1,12.0,4.0,6.0,1.0,13.0,16.0,7.0,2.0,3.0,2.0,0.0,0.0
1963,38,32,0,2.0,0.0,0,14.0,10.0,5.0,3.0,12.0,7.0,6.0,1.0,1.0,1.0,0.0,0.0
1964,14,1,0,1.0,1.0,1,25.0,9.0,9.0,3.0,18.0,10.0,9.0,5.0,2.0,1.0,0.0,0.0
1965,29,42,0,1.0,1.0,1,12.0,8.0,7.0,5.0,9.0,9.0,4.0,3.0,0.0,1.0,0.0,0.0
1966,47,45,0,1.0,0.0,0,13.0,6.0,7.0,3.0,8.0,9.0,5.0,4.0,1.0,2.0,0.0,0.0
1967,11,28,2,0.0,1.0,2,4.0,17.0,2.0,8.0,9.0,6.0,3.0,6.0,1.0,1.0,0.0,0.0
1968,16,6,0,0.0,0.0,1,7.0,6.0,2.0,3.0,6.0,15.0,6.0,9.0,3.0,3.0,1.0,0.0
1969,47,37,1,0.0,1.0,2,13.0,9.0,3.0,4.0,12.0,18.0,7.0,2.0,1.0,4.0,0.0,0.0
1970,29,1,1,1.0,1.0,1,16.0,9.0,6.0,3.0,16.0,8.0,9.0,9.0,4.0,1.0,0.0,0.0
1971,25,18,0,0.0,1.0,2,16.0,11.0,6.0,3.0,7.0,9.0,4.0,4.0,0.0,1.0,0.0,0.0
1972,32,0,1,2.0,1.0,0,15.0,16.0,8.0,7.0,8.0,10.0,7.0,12.0,2.0,1.0,0.0,0.0
1973,14,45,2,0.0,0.0,1,19.0,5.0,6.0,4.0,0.0,16.0,9.0,3.0,0.0,3.0,0.0,0.0
1974,38,43,0,0.0,1.0,2,11.0,6.0,6.0,3.0,6.0,10.0,6.0,7.0,1.0,0.0,0.0,0.0
1975,31,28,1,1.0,1.0,1,6.0,24.0,3.0,9.0,4.0,6.0,1.0,10.0,1.0,2.0,0.0,0.0
1976,11,16,2,0.0,1.0,2,15.0,7.0,4.0,2.0,13.0,10.0,5.0,6.0,2.0,0.0,0.0,0.0
1977,42,6,0,1.0,0.0,0,15.0,20.0,5.0,6.0,10.0,12.0,4.0,8.0,0.0,2.0,0.0,0.0
1978,26,9,0,2.0,0.0,0,15.0,12.0,7.0,5.0,3.0,10.0,4.0,5.0,0.0,0.0,1.0,0.0
1979,1,31,0,2.0,0.0,0,17.0,11.0,8.0,5.0,10.0,9.0,11.0,6.0,1.0,1.0,0.0,0.0
1980,37,29,1,1.0,0.0,0,12.0,11.0,8.0,5.0,13.0,10.0,6.0,3.0,1.0,2.0,0.0,0.0
1981,28,14,0,2.0,1.0,0,15.0,11.0,4.0,2.0,5.0,9.0,8.0,2.0,1.0,1.0,0.0,0.0
1982,6,47,2,0.0,2.0,2,9.0,17.0,2.0,7.0,10.0,12.0,5.0,9.0,2.0,1.0,1.0,0.0
1983,16,26,2,0.0,0.0,1,16.0,12.0,6.0,4.0,8.0,7.0,9.0,8.0,0.0,1.0,0.0,0.0
1984,0,38,1,1.0,1.0,1,12.0,21.0,5.0,6.0,13.0,19.0,6.0,8.0,6.0,2.0,0.0,0.0
1985,18,32,2,0.0,0.0,1,18.0,13.0,7.0,5.0,12.0,11.0,7.0,7.0,3.0,5.0,0.0,0.0
1986,9,25,2,0.0,0.0,1,7.0,19.0,0.0,9.0,9.0,1.0,6.0,7.0,2.0,0.0,0.0,0.0
1987,43,11,2,0.0,0.0,1,15.0,11.0,4.0,5.0,14.0,13.0,7.0,5.0,0.0,3.0,0.0,0.0
1988,45,42,2,0.0,2.0,2,11.0,15.0,4.0,6.0,12.0,14.0,3.0,7.0,3.0,2.0,0.0,0.0
1989,29,9,0,2.0,0.0,0,21.0,6.0,11.0,2.0,10.0,14.0,5.0,2.0,2.0,5.0,0.0,0.0
1990,47,1,0,1.0,0.0,0,17.0,13.0,5.0,4.0,17.0,8.0,6.0,3.0,4.0,3.0,0.0,0.0
1991,26,28,0,2.0,0.0,0,12.0,18.0,5.0,3.0,10.0,5.0,4.0,13.0,0.0,2.0,0.0,0.0
1992,42,37,1,0.0,0.0,1,17.0,14.0,5.0,4.0,6.0,9.0,4.0,4.0,2.0,2.0,0.0,0.0
1993,31,6,0,1.0,1.0,1,20.0,16.0,9.0,3.0,10.0,5.0,5.0,4.0,2.0,0.0,0.0,0.0
1994,11,45,0,2.0,0.0,0,14.0,7.0,12.0,4.0,17.0,10.0,11.0,4.0,2.0,1.0,0.0,0.0
1995,25,0,0,0.0,0.0,1,19.0,8.0,7.0,1.0,10.0,10.0,5.0,4.0,1.0,1.0,0.0,0.0
1996,38,18,2,0.0,1.0,2,4.0,24.0,3.0,5.0,12.0,12.0,5.0,9.0,1.0,1.0,0.0,0.0
1997,14,16,0,0.0,0.0,1,23.0,3.0,5.0,1.0,9.0,17.0,7.0,0.0,3.0,2.0,0.0,0.0
1998,32,43,2,0.0,1.0,2,17.0,12.0,5.0,2.0,7.0,13.0,10.0,4.0,1.0,2.0,0.0,1.0
1999,18,42,1,0.0,0.0,1,7.0,4.0,3.0,2.0,9.0,8.0,5.0,2.0,1.0,2.0,0.0,1.0
2000,16,25,2,0.0,0.0,1,12.0,14.0,3.0,5.0,15.0,16.0,5.0,6.0,2.0,2.0,0.0,0.0
2001,43,14,2,0.0,1.0,2,12.0,16.0,3.0,10.0,8.0,5.0,1.0,6.0,4.0,2.0,0.0,0.0
2002,0,47,1,1.0,0.0,0,10.0,25.0,4.0,8.0,6.0,15.0,8.0,9.0,0.0,2.0,0.0,0.0
2003,28,38,0,0.0,1.0,2,26.0,3.0,4.0,3.0,11.0,10.0,17.0,0.0,3.0,1.0,0.0,0.0
2004,1,26,2,1.0,0.0,0,5.0,25.0,2.0,6.0,12.0,9.0,2.0,10.0,1.0,2.0,0.0,0.0
2005,6,29,0,1.0,0.0,0,12.0,15.0,6.0,4.0,14.0,12.0,4.0,10.0,4.0,3.0,0.0,0.0
2006,45,31,2,0.0,2.0,2,16.0,12.0,6.0,9.0,10.0,7.0,7.0,3.0,2.0,1.0,0.0,0.0
2007,37,11,0,3.0,0.0,0,13.0,6.0,6.0,0.0,8.0,12.0,7.0,6.0,1.0,2.0,0.0,0.0
2008,9,32,0,0.0,0.0,1,21.0,7.0,5.0,0.0,11.0,8.0,8.0,3.0,0.0,1.0,0.0,0.0
2009,26,42,0,0.0,1.0,2,21.0,11.0,13.0,4.0,9.0,11.0,8.0,3.0,3.0,3.0,0.0,0.0
2010,31,47,1,1.0,0.0,0,13.0,13.0,2.0,5.0,8.0,15.0,3.0,6.0,2.0,2.0,1.0,0.0
2011,32,29,2,0.0,2.0,2,10.0,21.0,3.0,11.0,13.0,10.0,1.0,10.0,2.0,2.0,0.0,0.0
2012,0,16,1,2.0,1.0,0,15.0,10.0,6.0,4.0,18.0,9.0,12.0,5.0,2.0,0.0,0.0,0.0
2013,28,1,0,0.0,0.0,1,25.0,11.0,9.0,5.0,10.0,5.0,13.0,7.0,1.0,1.0,1.0,0.0
2014,43,6,1,0.0,0.0,1,7.0,15.0,3.0,5.0,14.0,8.0,5.0,10.0,5.0,3.0,0.0,0.0
2015,9,18,0,1.0,1.0,1,8.0,10.0,4.0,6.0,12.0,12.0,0.0,5.0,2.0,1.0,0.0,0.0
2016,45,37,1,1.0,0.0,0,12.0,10.0,4.0,4.0,7.0,10.0,10.0,4.0,2.0,2.0,0.0,0.0
2017,11,14,2,0.0,2.0,2,13.0,16.0,5.0,7.0,7.0,8.0,5.0,6.0,3.0,2.0,0.0,0.0
2018,38,25,2,0.0,5.0,2,6.0,25.0,3.0,15.0,3.0,12.0,2.0,7.0,0.0,0.0,1.0,0.0
2019,37,0,0,1.0,0.0,0,8.0,9.0,2.0,3.0,10.0,12.0,7.0,12.0,4.0,4.0,0.0,0.0
2020,29,26,1,1.0,0.0,0,7.0,10.0,2.0,4.0,6.0,14.0,3.0,1.0,0.0,1.0,0.0,0.0
2021,16,28,2,0.0,2.0,2,7.0,21.0,2.0,10.0,8.0,10.0,1.0,8.0,1.0,1.0,0.0,0.0
2022,18,45,0,1.0,0.0,0,19.0,8.0,10.0,4.0,15.0,15.0,11.0,2.0,2.0,2.0,0.0,0.0
2023,1,9,0,1.0,1.0,1,24.0,20.0,8.0,5.0,9.0,17.0,7.0,5.0,1.0,2.0,0.0,1.0
2024,6,32,1,0.0,0.0,1,11.0,10.0,2.0,1.0,8.0,11.0,6.0,7.0,1.0,3.0,0.0,0.0
2025,25,11,0,1.0,1.0,1,19.0,13.0,3.0,4.0,4.0,10.0,9.0,4.0,0.0,3.0,0.0,0.0
2026,42,43,1,0.0,1.0,2,12.0,7.0,2.0,2.0,5.0,9.0,11.0,2.0,4.0,3.0,0.0,0.0
2027,14,31,0,0.0,0.0,1,16.0,5.0,8.0,0.0,9.0,12.0,11.0,0.0,2.0,1.0,0.0,0.0
2028,47,38,1,0.0,0.0,1,4.0,14.0,1.0,5.0,10.0,17.0,1.0,3.0,3.0,2.0,0.0,0.0
2029,0,6,0,1.0,0.0,0,12.0,10.0,2.0,2.0,12.0,6.0,14.0,5.0,1.0,2.0,0.0,0.0
2030,38,14,2,1.0,3.0,2,10.0,13.0,3.0,7.0,8.0,15.0,3.0,4.0,0.0,1.0,0.0,0.0
2031,28,47,2,0.0,0.0,1,18.0,7.0,2.0,2.0,11.0,14.0,9.0,1.0,5.0,2.0,0.0,0.0
2032,31,29,0,0.0,0.0,1,12.0,12.0,2.0,3.0,12.0,10.0,4.0,6.0,3.0,3.0,0.0,0.0
2033,26,25,0,1.0,0.0,0,18.0,2.0,8.0,1.0,9.0,17.0,4.0,6.0,1.0,4.0,0.0,0.0
2034,11,18,0,0.0,0.0,1,9.0,11.0,3.0,2.0,5.0,12.0,7.0,9.0,2.0,1.0,0.0,1.0
2035,32,1,2,0.0,2.0,2,21.0,22.0,5.0,12.0,14.0,17.0,10.0,6.0,1.0,3.0,0.0,0.0
2036,43,37,1,0.0,0.0,1,8.0,9.0,2.0,3.0,7.0,6.0,7.0,7.0,0.0,2.0,0.0,0.0
2037,45,16,2,0.0,0.0,1,9.0,7.0,4.0,4.0,11.0,7.0,2.0,2.0,3.0,2.0,0.0,0.0
2038,9,42,0,2.0,0.0,0,17.0,8.0,6.0,3.0,11.0,7.0,4.0,4.0,2.0,1.0,0.0,0.0
2039,29,0,1,1.0,0.0,0,16.0,10.0,4.0,5.0,18.0,13.0,8.0,7.0,4.0,2.0,0.0,0.0
2040,25,31,0,1.0,0.0,0,13.0,3.0,5.0,0.0,12.0,9.0,9.0,0.0,1.0,1.0,0.0,1.0
2041,6,45,1,1.0,1.0,1,13.0,17.0,5.0,6.0,7.0,8.0,6.0,6.0,3.0,1.0,0.0,0.0
2042,1,11,1,1.0,0.0,0,16.0,10.0,3.0,3.0,10.0,16.0,7.0,3.0,1.0,4.0,0.0,0.0
2043,16,32,0,1.0,0.0,0,15.0,10.0,3.0,3.0,14.0,10.0,5.0,5.0,3.0,1.0,0.0,0.0
2044,37,26,2,0.0,0.0,1,12.0,16.0,2.0,4.0,8.0,4.0,6.0,5.0,1.0,1.0,0.0,0.0
2045,42,38,0,2.0,1.0,0,9.0,14.0,4.0,6.0,5.0,16.0,6.0,6.0,0.0,2.0,1.0,0.0
2046,47,43,0,1.0,0.0,0,6.0,14.0,2.0,5.0,5.0,6.0,1.0,6.0,0.0,1.0,0.0,0.0
2047,14,9,0,0.0,0.0,1,24.0,8.0,10.0,1.0,5.0,13.0,5.0,2.0,2.0,3.0,0.0,0.0
2048,18,28,2,1.0,1.0,1,12.0,20.0,8.0,9.0,4.0,8.0,5.0,2.0,2.0,2.0,0.0,0.0
2049,45,29,0,1.0,0.0,0,8.0,9.0,6.0,3.0,8.0,9.0,3.0,7.0,2.0,2.0,0.0,0.0
2050,14,26,2,0.0,2.0,2,13.0,6.0,2.0,3.0,8.0,13.0,6.0,4.0,3.0,3.0,0.0,0.0
2051,16,47,1,0.0,0.0,1,13.0,14.0,4.0,4.0,7.0,10.0,6.0,7.0,2.0,1.0,0.0,1.0
2052,0,1,0,0.0,1.0,2,21.0,14.0,6.0,9.0,13.0,15.0,9.0,4.0,5.0,1.0,1.0,0.0
2053,31,9,1,0.0,0.0,1,11.0,16.0,4.0,3.0,12.0,8.0,5.0,3.0,2.0,1.0,0.0,0.0
2054,18,37,2,0.0,1.0,2,16.0,2.0,3.0,1.0,9.0,9.0,12.0,3.0,1.0,3.0,0.0,0.0
2055,25,42,0,0.0,1.0,2,16.0,11.0,7.0,4.0,16.0,13.0,8.0,2.0,1.0,2.0,0.0,0.0
2056,11,32,0,2.0,0.0,0,13.0,11.0,6.0,2.0,11.0,10.0,7.0,3.0,0.0,1.0,0.0,0.0
2057,28,43,0,5.0,0.0,0,28.0,5.0,11.0,4.0,5.0,9.0,5.0,4.0,2.0,2.0,0.0,0.0
2058,38,6,2,0.0,2.0,2,25.0,6.0,6.0,3.0,8.0,9.0,4.0,5.0,1.0,3.0,0.0,0.0
2059,1,45,1,0.0,0.0,1,10.0,13.0,5.0,1.0,13.0,12.0,2.0,4.0,2.0,1.0,0.0,1.0
2060,6,18,0,1.0,1.0,1,13.0,14.0,6.0,5.0,5.0,14.0,7.0,7.0,0.0,4.0,0.0,0.0
2061,43,0,1,0.0,2.0,2,31.0,10.0,7.0,4.0,14.0,4.0,7.0,1.0,3.0,3.0,0.0,0.0
2062,29,25,0,1.0,0.0,0,10.0,9.0,5.0,3.0,14.0,14.0,3.0,9.0,1.0,2.0,0.0,0.0
2063,32,28,0,2.0,1.0,0,7.0,25.0,3.0,8.0,8.0,7.0,3.0,16.0,3.0,1.0,0.0,0.0
2064,47,14,2,0.0,3.0,2,11.0,15.0,4.0,6.0,8.0,11.0,7.0,5.0,1.0,2.0,0.0,0.0
2065,37,38,2,0.0,0.0,1,17.0,11.0,4.0,7.0,10.0,7.0,12.0,6.0,1.0,1.0,1.0,0.0
2066,42,16,0,4.0,0.0,0,13.0,11.0,5.0,6.0,19.0,11.0,4.0,3.0,4.0,2.0,0.0,0.0
2067,9,11,1,0.0,0.0,1,14.0,7.0,5.0,1.0,13.0,7.0,3.0,6.0,0.0,2.0,0.0,0.0
2068,26,31,0,2.0,1.0,0,21.0,8.0,9.0,1.0,5.0,4.0,10.0,1.0,0.0,0.0,0.0,0.0
2069,18,47,0,2.0,1.0,0,15.0,8.0,6.0,5.0,12.0,12.0,7.0,7.0,1.0,4.0,0.0,1.0
2070,0,42,1,1.0,2.0,2,26.0,13.0,8.0,9.0,13.0,19.0,11.0,6.0,3.0,5.0,0.0,0.0
2071,25,6,0,2.0,1.0,0,13.0,8.0,5.0,2.0,9.0,11.0,4.0,5.0,1.0,3.0,0.0,0.0
2072,31,43,1,1.0,1.0,1,13.0,13.0,5.0,3.0,5.0,11.0,6.0,5.0,2.0,3.0,0.0,0.0
2073,14,37,1,2.0,0.0,0,13.0,8.0,5.0,2.0,6.0,11.0,3.0,4.0,0.0,1.0,0.0,0.0
2074,28,9,0,2.0,0.0,0,15.0,6.0,6.0,2.0,10.0,6.0,8.0,1.0,1.0,1.0,0.0,0.0
2075,38,29,1,0.0,1.0,2,10.0,21.0,2.0,8.0,17.0,7.0,2.0,3.0,1.0,2.0,1.0,0.0
2076,11,26,2,0.0,2.0,2,7.0,15.0,2.0,7.0,10.0,16.0,6.0,4.0,0.0,0.0,0.0,0.0
2077,45,32,0,1.0,0.0,0,18.0,8.0,8.0,3.0,16.0,10.0,8.0,2.0,2.0,1.0,0.0,0.0
2078,16,1,0,0.0,0.0,1,22.0,10.0,5.0,2.0,15.0,16.0,13.0,2.0,2.0,4.0,0.0,1.0
2079,6,28,2,1.0,2.0,2,10.0,19.0,7.0,5.0,7.0,13.0,4.0,5.0,1.0,3.0,0.0,0.0
2080,47,11,1,0.0,1.0,2,17.0,13.0,2.0,4.0,9.0,11.0,4.0,3.0,0.0,2.0,0.0,0.0
2081,42,31,2,0.0,1.0,2,17.0,8.0,2.0,3.0,10.0,5.0,6.0,6.0,2.0,2.0,0.0,0.0
2082,37,25,2,0.0,1.0,2,8.0,10.0,3.0,2.0,11.0,6.0,7.0,4.0,1.0,0.0,0.0,0.0
2083,29,16,2,0.0,1.0,2,22.0,5.0,3.0,3.0,8.0,18.0,8.0,1.0,2.0,4.0,0.0,0.0
2084,9,38,2,0.0,0.0,1,12.0,12.0,3.0,4.0,9.0,10.0,8.0,5.0,1.0,3.0,1.0,0.0
2085,26,0,0,1.0,0.0,0,25.0,9.0,5.0,3.0,8.0,5.0,6.0,4.0,1.0,1.0,0.0,0.0
2086,32,14,2,2.0,2.0,1,6.0,23.0,5.0,8.0,9.0,9.0,1.0,8.0,1.0,1.0,0.0,0.0
2087,43,45,2,1.0,1.0,1,23.0,16.0,3.0,10.0,12.0,11.0,8.0,7.0,1.0,1.0,0.0,0.0
2088,1,18,0,1.0,0.0,0,7.0,12.0,3.0,1.0,10.0,18.0,0.0,6.0,2.0,3.0,0.0,0.0
2089,47,29,1,0.0,1.0,2,6.0,9.0,2.0,2.0,17.0,8.0,4.0,6.0,2.0,2.0,0.0,0.0
2090,37,16,0,0.0,0.0,1,15.0,6.0,3.0,4.0,16.0,11.0,8.0,4.0,3.0,1.0,0.0,0.0
2091,14,25,1,1.0,0.0,0,14.0,12.0,5.0,3.0,9.0,14.0,4.0,5.0,1.0,0.0,0.0,0.0
2092,38,26,2,0.0,1.0,2,14.0,15.0,3.0,6.0,10.0,6.0,5.0,9.0,2.0,1.0,0.0,0.0
2093,9,45,1,0.0,0.0,1,16.0,8.0,4.0,3.0,11.0,10.0,8.0,6.0,0.0,2.0,0.0,0.0
2094,1,6,2,0.0,2.0,2,22.0,12.0,7.0,4.0,10.0,13.0,10.0,5.0,0.0,2.0,0.0,0.0
2095,28,42,1,2.0,1.0,0,30.0,3.0,10.0,2.0,14.0,4.0,13.0,2.0,1.0,0.0,0.0,0.0
2096,18,43,0,1.0,0.0,0,12.0,8.0,2.0,2.0,11.0,11.0,4.0,7.0,2.0,3.0,0.0,0.0
2097,0,11,0,1.0,1.0,1,16.0,18.0,9.0,5.0,13.0,11.0,10.0,7.0,2.0,1.0,0.0,0.0
2098,32,31,0,1.0,0.0,0,15.0,10.0,8.0,3.0,9.0,11.0,7.0,5.0,1.0,3.0,0.0,0.0
2099,25,47,1,0.0,0.0,1,15.0,8.0,1.0,2.0,3.0,13.0,12.0,3.0,0.0,2.0,0.0,0.0
2100,31,0,2,0.0,0.0,1,9.0,8.0,2.0,2.0,12.0,7.0,5.0,3.0,1.0,3.0,0.0,0.0
2101,29,14,0,1.0,0.0,0,11.0,18.0,5.0,7.0,15.0,13.0,3.0,5.0,3.0,4.0,0.0,0.0
2102,16,18,1,0.0,0.0,1,6.0,10.0,2.0,3.0,16.0,14.0,6.0,2.0,2.0,1.0,0.0,1.0
2103,6,37,1,0.0,0.0,1,13.0,8.0,3.0,3.0,10.0,19.0,3.0,4.0,2.0,1.0,0.0,0.0
2104,43,9,2,0.0,1.0,2,11.0,5.0,3.0,3.0,15.0,11.0,5.0,2.0,0.0,1.0,0.0,0.0
2105,42,1,0,0.0,1.0,2,31.0,7.0,7.0,4.0,13.0,9.0,14.0,0.0,1.0,0.0,0.0,0.0
2106,11,38,0,0.0,0.0,1,10.0,11.0,4.0,3.0,6.0,12.0,2.0,7.0,0.0,0.0,0.0,0.0
2107,45,28,2,0.0,1.0,2,5.0,14.0,3.0,9.0,6.0,13.0,1.0,1.0,2.0,2.0,0.0,0.0
2108,26,32,0,4.0,0.0,0,15.0,12.0,7.0,5.0,9.0,9.0,11.0,2.0,0.0,2.0,0.0,0.0
2109,42,18,1,1.0,0.0,0,11.0,17.0,3.0,9.0,10.0,13.0,7.0,4.0,0.0,2.0,0.0,0.0
2110,25,14,1,0.0,0.0,1,9.0,14.0,3.0,4.0,9.0,8.0,4.0,5.0,0.0,1.0,0.0,0.0
2111,29,12,2,0.0,1.0,2,26.0,13.0,10.0,4.0,9.0,6.0,11.0,2.0,3.0,3.0,0.0,0.0
2112,16,6,0,3.0,1.0,0,17.0,16.0,8.0,8.0,11.0,8.0,4.0,4.0,3.0,0.0,0.0,0.0
2113,38,20,1,1.0,0.0,0,10.0,10.0,3.0,3.0,8.0,6.0,4.0,3.0,0.0,1.0,0.0,0.0
2114,9,28,2,1.0,2.0,2,6.0,20.0,2.0,9.0,12.0,8.0,2.0,6.0,0.0,0.0,0.0,0.0
2115,11,0,2,0.0,0.0,1,14.0,17.0,5.0,6.0,11.0,3.0,4.0,5.0,5.0,1.0,0.0,0.0
2116,43,45,2,0.0,2.0,2,17.0,16.0,8.0,9.0,10.0,10.0,7.0,2.0,1.0,0.0,1.0,0.0
2117,19,31,2,0.0,2.0,2,16.0,13.0,2.0,6.0,6.0,8.0,5.0,5.0,1.0,0.0,0.0,0.0
2118,26,47,0,1.0,0.0,0,13.0,7.0,5.0,2.0,3.0,11.0,4.0,1.0,0.0,2.0,0.0,0.0
2119,28,25,0,0.0,0.0,1,19.0,7.0,5.0,2.0,12.0,5.0,11.0,0.0,3.0,2.0,0.0,0.0
2120,20,29,1,0.0,1.0,2,7.0,23.0,3.0,7.0,10.0,10.0,3.0,7.0,1.0,1.0,0.0,0.0
2121,14,43,0,0.0,0.0,1,19.0,15.0,9.0,3.0,6.0,12.0,6.0,6.0,0.0,1.0,0.0,0.0
2122,0,9,1,1.0,0.0,0,20.0,11.0,8.0,5.0,9.0,14.0,16.0,3.0,5.0,2.0,0.0,0.0
2123,12,16,2,1.0,2.0,2,18.0,21.0,8.0,7.0,14.0,11.0,10.0,5.0,0.0,0.0,0.0,0.0
2124,6,42,0,0.0,0.0,1,20.0,11.0,6.0,5.0,11.0,12.0,10.0,6.0,1.0,5.0,0.0,2.0
2125,47,19,0,0.0,0.0,1,19.0,6.0,6.0,2.0,10.0,15.0,7.0,1.0,1.0,3.0,0.0,0.0
2126,31,26,2,1.0,2.0,2,14.0,11.0,7.0,4.0,10.0,4.0,2.0,3.0,1.0,1.0,0.0,0.0
2127,45,38,0,1.0,0.0,0,17.0,11.0,6.0,1.0,2.0,11.0,2.0,7.0,1.0,1.0,0.0,0.0
2128,18,11,0,2.0,0.0,0,20.0,5.0,6.0,1.0,8.0,9.0,8.0,1.0,0.0,2.0,0.0,0.0
2129,29,14,1,1.0,1.0,1,7.0,16.0,5.0,3.0,9.0,14.0,6.0,6.0,3.0,2.0,0.0,0.0
2130,11,28,2,0.0,0.0,1,2.0,25.0,0.0,7.0,5.0,7.0,0.0,6.0,1.0,1.0,0.0,0.0
2131,25,0,0,0.0,0.0,1,24.0,6.0,12.0,1.0,13.0,13.0,8.0,6.0,3.0,1.0,0.0,1.0
2132,16,18,1,0.0,0.0,1,8.0,22.0,0.0,3.0,9.0,15.0,5.0,10.0,2.0,0.0,0.0,0.0
2133,43,47,2,0.0,1.0,2,10.0,11.0,1.0,4.0,10.0,11.0,4.0,5.0,3.0,2.0,0.0,0.0
2134,19,12,0,0.0,0.0,1,8.0,13.0,2.0,8.0,10.0,8.0,10.0,3.0,0.0,0.0,0.0,0.0
2135,9,31,1,0.0,1.0,2,9.0,9.0,2.0,1.0,7.0,10.0,7.0,4.0,2.0,3.0,0.0,0.0
2136,38,6,1,1.0,2.0,2,22.0,9.0,7.0,5.0,8.0,9.0,9.0,3.0,2.0,1.0,0.0,0.0
2137,42,45,2,0.0,0.0,1,14.0,16.0,4.0,7.0,3.0,8.0,2.0,7.0,0.0,2.0,0.0,0.0
2138,26,20,0,3.0,0.0,0,21.0,5.0,7.0,1.0,5.0,14.0,4.0,4.0,0.0,0.0,0.0,0.0
2139,47,0,0,3.0,0.0,0,11.0,11.0,3.0,1.0,12.0,9.0,5.0,5.0,2.0,3.0,0.0,0.0
2140,29,28,2,0.0,0.0,1,12.0,8.0,1.0,5.0,10.0,10.0,1.0,1.0,2.0,2.0,0.0,0.0
2141,43,38,1,0.0,1.0,2,15.0,8.0,4.0,4.0,10.0,14.0,3.0,4.0,5.0,2.0,0.0,0.0
2142,42,9,0,0.0,0.0,1,29.0,6.0,5.0,1.0,7.0,13.0,6.0,3.0,1.0,2.0,0.0,0.0
2143,14,11,1,2.0,2.0,1,22.0,6.0,9.0,3.0,9.0,4.0,10.0,1.0,2.0,1.0,0.0,0.0
2144,0,16,2,0.0,1.0,2,12.0,16.0,5.0,7.0,15.0,12.0,8.0,3.0,4.0,1.0,0.0,0.0
2145,18,29,0,2.0,0.0,0,15.0,7.0,8.0,1.0,11.0,7.0,10.0,2.0,1.0,1.0,0.0,0.0
2146,12,26,2,0.0,0.0,1,7.0,17.0,2.0,6.0,6.0,5.0,5.0,10.0,1.0,1.0,0.0,0.0
2147,31,38,0,2.0,0.0,0,15.0,15.0,6.0,3.0,5.0,11.0,4.0,11.0,0.0,2.0,0.0,0.0
2148,28,42,0,1.0,0.0,0,15.0,10.0,4.0,4.0,11.0,11.0,4.0,4.0,1.0,2.0,0.0,0.0
2149,45,25,1,1.0,0.0,0,11.0,11.0,3.0,5.0,8.0,9.0,6.0,8.0,2.0,0.0,0.0,0.0
2150,6,19,2,0.0,0.0,1,15.0,17.0,5.0,5.0,11.0,18.0,3.0,7.0,1.0,3.0,0.0,0.0
2151,47,9,1,0.0,0.0,1,22.0,5.0,5.0,0.0,0.0,8.0,14.0,1.0,0.0,1.0,0.0,0.0
2152,20,43,2,0.0,1.0,2,13.0,11.0,3.0,6.0,15.0,9.0,2.0,2.0,2.0,2.0,0.0,0.0
2153,9,12,2,0.0,1.0,2,14.0,10.0,2.0,3.0,11.0,13.0,5.0,4.0,0.0,1.0,0.0,0.0
2154,43,0,2,0.0,1.0,2,11.0,19.0,3.0,6.0,12.0,8.0,6.0,4.0,2.0,0.0,1.0,0.0
2155,26,14,0,0.0,0.0,1,15.0,6.0,7.0,3.0,5.0,9.0,9.0,2.0,0.0,1.0,0.0,0.0
2156,16,28,2,0.0,1.0,2,7.0,20.0,3.0,6.0,5.0,11.0,2.0,9.0,0.0,0.0,0.0,0.0
2157,42,20,0,2.0,0.0,0,22.0,7.0,5.0,1.0,10.0,12.0,4.0,2.0,2.0,2.0,0.0,0.0
2158,38,47,0,2.0,1.0,0,13.0,17.0,6.0,2.0,13.0,8.0,4.0,9.0,1.0,3.0,0.0,0.0
2159,19,18,0,0.0,0.0,1,12.0,8.0,5.0,1.0,8.0,10.0,7.0,3.0,2.0,1.0,0.0,0.0
2160,11,12,0,1.0,0.0,0,14.0,14.0,7.0,2.0,7.0,10.0,8.0,4.0,2.0,3.0,0.0,0.0
2161,9,6,2,0.0,1.0,2,8.0,14.0,1.0,7.0,10.0,6.0,4.0,1.0,2.0,4.0,1.0,0.0
2162,29,45,0,1.0,0.0,0,14.0,18.0,4.0,4.0,14.0,5.0,3.0,11.0,1.0,1.0,0.0,0.0
2163,25,31,2,0.0,1.0,2,12.0,11.0,5.0,5.0,6.0,10.0,2.0,3.0,2.0,3.0,0.0,0.0
2164,14,45,0,1.0,0.0,0,16.0,9.0,7.0,2.0,8.0,7.0,7.0,4.0,2.0,1.0,0.0,0.0
2165,18,0,0,1.0,0.0,0,23.0,7.0,6.0,2.0,8.0,9.0,9.0,6.0,1.0,4.0,0.0,0.0
2166,6,11,2,1.0,2.0,2,10.0,11.0,2.0,3.0,12.0,16.0,3.0,6.0,2.0,3.0,0.0,0.0
2167,31,16,2,0.0,0.0,1,18.0,3.0,5.0,1.0,12.0,13.0,9.0,4.0,1.0,2.0,0.0,0.0
2168,20,25,2,0.0,1.0,2,10.0,18.0,4.0,9.0,13.0,11.0,8.0,5.0,3.0,0.0,0.0,0.0
2169,38,26,2,1.0,1.0,1,11.0,17.0,1.0,5.0,8.0,7.0,7.0,5.0,2.0,4.0,0.0,0.0
2170,28,12,0,2.0,0.0,0,27.0,4.0,11.0,1.0,3.0,17.0,7.0,4.0,0.0,3.0,0.0,0.0
2171,42,16,0,0.0,0.0,1,26.0,5.0,10.0,1.0,8.0,5.0,8.0,2.0,1.0,0.0,0.0,0.0
2172,14,9,0,1.0,0.0,0,17.0,3.0,4.0,1.0,5.0,9.0,7.0,1.0,0.0,0.0,0.0,0.0
2173,43,19,0,1.0,1.0,1,15.0,17.0,7.0,7.0,12.0,5.0,6.0,4.0,3.0,2.0,0.0,0.0
2174,47,29,0,1.0,1.0,1,9.0,18.0,2.0,4.0,5.0,11.0,3.0,5.0,1.0,2.0,0.0,1.0
2175,0,31,0,1.0,0.0,0,7.0,3.0,4.0,1.0,11.0,10.0,6.0,2.0,2.0,0.0,0.0,0.0
2176,12,14,2,0.0,0.0,1,8.0,21.0,3.0,3.0,8.0,14.0,2.0,7.0,2.0,3.0,0.0,0.0
2177,26,42,0,1.0,0.0,0,14.0,11.0,3.0,2.0,5.0,8.0,10.0,3.0,0.0,1.0,0.0,0.0
2178,25,6,0,1.0,0.0,0,18.0,8.0,4.0,2.0,6.0,12.0,6.0,1.0,0.0,2.0,0.0,0.0
2179,29,43,0,1.0,0.0,0,8.0,20.0,5.0,8.0,14.0,9.0,3.0,5.0,1.0,2.0,0.0,0.0
2180,16,20,0,0.0,0.0,1,19.0,15.0,5.0,5.0,10.0,7.0,5.0,5.0,0.0,0.0,0.0,0.0
2181,45,18,2,0.0,2.0,2,3.0,17.0,1.0,9.0,7.0,14.0,4.0,9.0,1.0,1.0,0.0,0.0
2182,11,47,0,1.0,0.0,0,5.0,8.0,1.0,1.0,12.0,10.0,1.0,5.0,1.0,1.0,0.0,0.0
2183,9,38,2,0.0,0.0,1,14.0,8.0,1.0,2.0,8.0,10.0,6.0,5.0,1.0,2.0,0.0,0.0
2184,19,28,2,0.0,2.0,2,5.0,24.0,0.0,7.0,4.0,12.0,0.0,11.0,2.0,0.0,0.0,0.0
2185,19,26,2,0.0,1.0,2,7.0,16.0,2.0,6.0,11.0,7.0,1.0,10.0,2.0,1.0,0.0,0.0
2186,18,14,0,0.0,0.0,1,15.0,16.0,8.0,5.0,17.0,9.0,3.0,4.0,1.0,2.0,0.0,0.0
2187,11,25,2,1.0,1.0,1,13.0,9.0,2.0,4.0,9.0,10.0,9.0,3.0,1.0,1.0,0.0,1.0
2188,6,31,1,0.0,1.0,2,10.0,12.0,3.0,4.0,9.0,12.0,6.0,6.0,3.0,2.0,0.0,0.0
2189,45,20,0,1.0,2.0,2,16.0,15.0,5.0,5.0,7.0,15.0,5.0,8.0,0.0,2.0,0.0,0.0
2190,26,11,0,2.0,1.0,0,23.0,3.0,5.0,2.0,4.0,7.0,7.0,3.0,2.0,0.0,0.0,0.0
2191,0,29,0,1.0,0.0,0,14.0,14.0,3.0,4.0,12.0,18.0,5.0,2.0,2.0,2.0,0.0,0.0
2192,14,47,1,0.0,0.0,1,22.0,2.0,6.0,1.0,8.0,14.0,13.0,0.0,1.0,4.0,0.0,0.0
2193,16,9,2,0.0,1.0,2,15.0,4.0,3.0,3.0,8.0,18.0,8.0,0.0,1.0,5.0,0.0,0.0
2194,20,6,2,0.0,1.0,2,8.0,8.0,1.0,5.0,14.0,9.0,6.0,5.0,3.0,1.0,0.0,0.0
2195,38,42,0,0.0,1.0,2,12.0,16.0,4.0,5.0,16.0,9.0,1.0,10.0,4.0,2.0,0.0,0.0
2196,25,19,0,1.0,0.0,0,18.0,6.0,8.0,3.0,9.0,13.0,6.0,5.0,0.0,2.0,0.0,0.0
2197,28,43,0,0.0,0.0,1,19.0,2.0,9.0,1.0,11.0,7.0,9.0,1.0,1.0,1.0,0.0,0.0
2198,12,45,0,1.0,0.0,0,16.0,9.0,7.0,2.0,7.0,12.0,7.0,5.0,2.0,1.0,0.0,0.0
2199,31,18,0,0.0,2.0,2,19.0,7.0,7.0,3.0,13.0,10.0,8.0,2.0,3.0,1.0,0.0,0.0
2200,43,25,0,1.0,0.0,0,6.0,14.0,5.0,2.0,15.0,12.0,1.0,5.0,5.0,1.0,0.0,0.0
2201,18,26,1,0.0,0.0,1,7.0,10.0,3.0,3.0,12.0,10.0,3.0,7.0,1.0,2.0,0.0,0.0
2202,19,14,2,1.0,2.0,2,12.0,20.0,5.0,7.0,11.0,10.0,5.0,4.0,2.0,1.0,0.0,0.0
2203,45,31,0,2.0,0.0,0,10.0,17.0,4.0,2.0,8.0,14.0,1.0,6.0,3.0,4.0,0.0,0.0
2204,42,0,1,0.0,1.0,2,10.0,9.0,3.0,4.0,15.0,14.0,3.0,4.0,3.0,2.0,0.0,1.0
2205,6,28,2,0.0,0.0,1,0.0,23.0,0.0,7.0,7.0,7.0,0.0,14.0,1.0,2.0,0.0,0.0
2206,11,16,2,0.0,1.0,2,18.0,10.0,4.0,4.0,9.0,9.0,8.0,5.0,1.0,2.0,0.0,0.0
2207,29,38,0,0.0,1.0,2,16.0,6.0,6.0,3.0,7.0,10.0,9.0,7.0,2.0,1.0,0.0,0.0
2208,9,20,0,0.0,0.0,1,13.0,6.0,4.0,4.0,11.0,6.0,6.0,3.0,2.0,2.0,0.0,0.0
2209,47,12,0,2.0,0.0,0,13.0,12.0,6.0,4.0,11.0,6.0,7.0,8.0,1.0,2.0,0.0,0.0
2210,14,42,0,0.0,0.0,1,11.0,9.0,1.0,0.0,7.0,14.0,2.0,2.0,1.0,1.0,0.0,0.0
2211,16,29,2,0.0,1.0,2,17.0,13.0,2.0,4.0,8.0,9.0,5.0,6.0,2.0,3.0,0.0,0.0
2212,0,6,0,2.0,1.0,0,16.0,13.0,6.0,5.0,11.0,9.0,9.0,4.0,2.0,2.0,0.0,0.0
2213,26,43,0,2.0,0.0,0,19.0,5.0,10.0,3.0,5.0,7.0,6.0,4.0,0.0,2.0,0.0,0.0
2214,28,45,0,0.0,0.0,1,20.0,2.0,7.0,1.0,2.0,6.0,12.0,2.0,0.0,2.0,0.0,0.0
2215,38,19,0,2.0,0.0,0,14.0,14.0,4.0,4.0,15.0,13.0,7.0,4.0,0.0,1.0,0.0,0.0
2216,20,47,0,0.0,0.0,1,15.0,7.0,3.0,0.0,10.0,10.0,3.0,5.0,2.0,2.0,0.0,0.0
2217,25,9,0,1.0,0.0,0,19.0,15.0,3.0,3.0,6.0,4.0,4.0,8.0,1.0,1.0,0.0,0.0
2218,31,11,0,2.0,0.0,0,12.0,12.0,3.0,2.0,8.0,8.0,4.0,7.0,1.0,3.0,0.0,0.0
2219,12,18,2,0.0,1.0,2,6.0,12.0,0.0,4.0,12.0,12.0,3.0,4.0,3.0,1.0,0.0,0.0
2220,29,26,1,0.0,0.0,1,6.0,7.0,3.0,1.0,15.0,17.0,3.0,7.0,1.0,3.0,0.0,0.0
2221,0,38,0,2.0,0.0,0,12.0,10.0,4.0,4.0,7.0,14.0,6.0,4.0,0.0,0.0,0.0,0.0
2222,11,42,0,0.0,0.0,1,10.0,17.0,4.0,6.0,9.0,12.0,7.0,6.0,1.0,3.0,0.0,0.0
2223,25,16,2,0.0,1.0,2,27.0,7.0,5.0,5.0,7.0,14.0,8.0,3.0,2.0,1.0,0.0,0.0
2224,6,47,1,1.0,0.0,0,10.0,10.0,3.0,2.0,10.0,15.0,9.0,8.0,4.0,5.0,0.0,0.0
2225,31,20,0,0.0,0.0,1,29.0,3.0,12.0,1.0,11.0,7.0,12.0,0.0,2.0,0.0,0.0,1.0
2226,45,19,0,2.0,1.0,0,21.0,8.0,7.0,5.0,11.0,11.0,12.0,0.0,1.0,1.0,0.0,0.0
2227,12,43,2,0.0,1.0,2,15.0,12.0,6.0,7.0,10.0,11.0,3.0,3.0,1.0,2.0,0.0,0.0
2228,47,31,1,0.0,0.0,1,22.0,9.0,6.0,3.0,7.0,9.0,13.0,1.0,1.0,3.0,0.0,0.0
2229,28,14,0,4.0,0.0,0,15.0,12.0,9.0,4.0,9.0,13.0,2.0,2.0,1.0,2.0,0.0,0.0
2230,42,25,0,1.0,0.0,0,12.0,20.0,5.0,9.0,11.0,4.0,2.0,9.0,3.0,1.0,0.0,0.0
2231,20,0,2,0.0,2.0,2,15.0,9.0,6.0,4.0,17.0,12.0,5.0,0.0,3.0,2.0,0.0,0.0
2232,19,29,2,0.0,2.0,2,15.0,15.0,3.0,7.0,14.0,9.0,5.0,4.0,3.0,2.0,0.0,0.0
2233,38,12,2,0.0,0.0,1,14.0,6.0,7.0,3.0,15.0,12.0,8.0,2.0,3.0,3.0,0.0,0.0
2234,26,6,0,2.0,0.0,0,20.0,12.0,9.0,2.0,14.0,6.0,8.0,5.0,2.0,2.0,0.0,0.0
2235,16,45,1,0.0,1.0,2,25.0,6.0,5.0,4.0,12.0,9.0,10.0,4.0,3.0,0.0,0.0,0.0
2236,9,11,2,0.0,1.0,2,16.0,9.0,6.0,5.0,8.0,7.0,9.0,3.0,1.0,1.0,0.0,0.0
2237,43,18,0,0.0,0.0,1,7.0,9.0,2.0,4.0,21.0,10.0,8.0,2.0,2.0,0.0,0.0,1.0
2238,18,28,2,0.0,1.0,2,4.0,15.0,1.0,4.0,12.0,6.0,5.0,6.0,1.0,1.0,0.0,0.0
2239,45,26,1,1.0,1.0,1,13.0,11.0,2.0,6.0,9.0,11.0,2.0,5.0,1.0,1.0,0.0,0.0
2240,25,29,2,0.0,1.0,2,17.0,10.0,6.0,6.0,14.0,9.0,7.0,2.0,4.0,4.0,0.0,0.0
2241,28,0,0,2.0,1.0,0,19.0,4.0,12.0,2.0,11.0,8.0,4.0,2.0,1.0,1.0,0.0,0.0
2242,18,47,2,1.0,2.0,2,13.0,8.0,4.0,4.0,12.0,14.0,3.0,1.0,3.0,1.0,0.0,0.0
2243,16,19,0,1.0,0.0,0,17.0,8.0,6.0,0.0,9.0,12.0,11.0,1.0,2.0,3.0,0.0,0.0
2244,11,38,1,0.0,0.0,1,15.0,10.0,6.0,4.0,10.0,9.0,4.0,2.0,3.0,1.0,0.0,0.0
2245,9,43,1,0.0,0.0,1,21.0,5.0,4.0,0.0,15.0,10.0,7.0,0.0,1.0,0.0,0.0,0.0
2246,14,20,0,2.0,0.0,0,23.0,5.0,7.0,2.0,8.0,5.0,11.0,2.0,0.0,0.0,0.0,0.0
2247,42,31,0,0.0,0.0,1,21.0,8.0,4.0,2.0,6.0,6.0,6.0,3.0,0.0,1.0,0.0,0.0
2248,12,6,0,1.0,0.0,0,12.0,9.0,5.0,2.0,17.0,14.0,6.0,7.0,1.0,2.0,0.0,0.0
2249,6,14,0,0.0,0.0,1,12.0,11.0,7.0,7.0,8.0,6.0,3.0,7.0,1.0,0.0,0.0,0.0
2250,38,16,1,0.0,1.0,2,13.0,15.0,4.0,3.0,11.0,8.0,3.0,8.0,2.0,2.0,0.0,1.0
2251,26,25,1,1.0,1.0,1,10.0,5.0,3.0,2.0,13.0,6.0,7.0,1.0,1.0,3.0,0.0,0.0
2252,42,43,0,0.0,1.0,2,17.0,9.0,3.0,1.0,6.0,9.0,9.0,5.0,0.0,4.0,0.0,0.0
2253,47,45,0,0.0,0.0,1,20.0,4.0,9.0,0.0,8.0,10.0,5.0,1.0,4.0,1.0,0.0,0.0
2254,31,28,0,0.0,1.0,2,6.0,12.0,2.0,4.0,9.0,7.0,1.0,8.0,2.0,3.0,0.0,0.0
2255,20,18,2,0.0,1.0,2,10.0,10.0,2.0,5.0,13.0,10.0,3.0,4.0,1.0,4.0,0.0,1.0
2256,19,9,0,0.0,2.0,2,24.0,15.0,7.0,6.0,10.0,5.0,10.0,1.0,2.0,3.0,0.0,0.0
2257,29,11,1,0.0,0.0,1,28.0,6.0,9.0,4.0,10.0,9.0,11.0,3.0,1.0,3.0,0.0,0.0
2258,0,12,0,0.0,0.0,1,15.0,19.0,4.0,2.0,14.0,12.0,4.0,7.0,3.0,3.0,0.0,0.0
2259,19,42,2,1.0,0.0,0,12.0,14.0,4.0,5.0,10.0,8.0,7.0,10.0,2.0,3.0,0.0,0.0
2260,20,28,2,0.0,1.0,2,5.0,12.0,2.0,4.0,10.0,9.0,1.0,4.0,2.0,2.0,0.0,0.0
2261,6,45,0,0.0,0.0,1,10.0,9.0,4.0,1.0,6.0,10.0,2.0,3.0,0.0,1.0,0.0,0.0
2262,31,12,0,1.0,0.0,0,16.0,9.0,6.0,1.0,11.0,6.0,7.0,10.0,0.0,1.0,0.0,0.0
2263,0,14,0,2.0,0.0,0,13.0,13.0,5.0,1.0,13.0,15.0,5.0,6.0,0.0,2.0,0.0,0.0
2264,29,9,0,2.0,0.0,0,20.0,7.0,5.0,3.0,11.0,11.0,6.0,5.0,1.0,0.0,0.0,0.0
2265,38,18,0,0.0,0.0,1,11.0,7.0,4.0,2.0,12.0,11.0,7.0,6.0,2.0,1.0,0.0,0.0
2266,43,11,1,0.0,0.0,1,9.0,11.0,4.0,3.0,14.0,9.0,1.0,7.0,1.0,2.0,0.0,0.0
2267,47,25,0,2.0,0.0,0,12.0,16.0,7.0,6.0,11.0,10.0,5.0,9.0,3.0,3.0,0.0,0.0
2268,26,16,0,0.0,1.0,2,19.0,9.0,9.0,3.0,6.0,8.0,8.0,3.0,0.0,1.0,1.0,0.0
2269,28,47,0,2.0,0.0,0,24.0,3.0,9.0,0.0,6.0,3.0,12.0,1.0,1.0,0.0,0.0,1.0
2270,42,29,2,0.0,1.0,2,21.0,13.0,11.0,8.0,8.0,8.0,7.0,4.0,1.0,2.0,0.0,0.0
2271,18,6,0,0.0,0.0,1,15.0,16.0,3.0,7.0,17.0,8.0,5.0,9.0,5.0,0.0,0.0,0.0
2272,25,38,2,0.0,2.0,2,23.0,8.0,6.0,3.0,7.0,9.0,10.0,3.0,2.0,1.0,0.0,1.0
2273,11,19,0,2.0,1.0,0,11.0,12.0,0.0,4.0,5.0,9.0,2.0,6.0,1.0,2.0,0.0,0.0
2274,14,31,0,1.0,1.0,1,10.0,9.0,6.0,2.0,6.0,13.0,8.0,5.0,1.0,1.0,0.0,0.0
2275,12,20,1,0.0,0.0,1,3.0,14.0,0.0,2.0,12.0,14.0,3.0,10.0,3.0,1.0,0.0,0.0
2276,16,43,2,1.0,0.0,0,15.0,16.0,6.0,2.0,11.0,11.0,7.0,7.0,1.0,4.0,0.0,0.0
2277,9,26,2,0.0,0.0,1,7.0,10.0,0.0,3.0,15.0,5.0,2.0,7.0,0.0,0.0,0.0,0.0
2278,45,0,0,0.0,0.0,1,11.0,11.0,3.0,2.0,7.0,10.0,7.0,3.0,0.0,2.0,0.0,0.0
2279,28,26,0,1.0,0.0,0,9.0,7.0,4.0,5.0,12.0,7.0,2.0,1.0,4.0,2.0,0.0,0.0
2280,20,11,2,1.0,1.0,1,9.0,16.0,2.0,8.0,11.0,9.0,5.0,2.0,0.0,4.0,1.0,1.0
2281,14,38,1,0.0,0.0,1,17.0,6.0,6.0,2.0,8.0,11.0,7.0,2.0,1.0,2.0,0.0,0.0
2282,45,9,1,0.0,0.0,1,13.0,13.0,6.0,6.0,9.0,11.0,1.0,5.0,0.0,1.0,0.0,0.0
2283,47,16,2,0.0,0.0,1,9.0,17.0,1.0,4.0,9.0,7.0,3.0,10.0,4.0,1.0,0.0,0.0
2284,31,29,2,0.0,0.0,1,14.0,16.0,3.0,7.0,10.0,9.0,1.0,2.0,1.0,2.0,0.0,0.0
2285,6,43,1,3.0,3.0,1,25.0,11.0,12.0,3.0,9.0,15.0,4.0,2.0,1.0,4.0,0.0,0.0
2286,0,19,0,1.0,0.0,0,16.0,9.0,9.0,4.0,7.0,12.0,8.0,3.0,0.0,1.0,0.0,0.0
2287,12,42,2,0.0,3.0,2,6.0,13.0,3.0,4.0,6.0,6.0,5.0,3.0,1.0,0.0,0.0,0.0
2288,18,25,2,0.0,0.0,1,17.0,8.0,2.0,4.0,5.0,8.0,6.0,5.0,3.0,1.0,0.0,0.0
2289,38,28,2,1.0,3.0,2,5.0,14.0,4.0,6.0,11.0,10.0,3.0,8.0,2.0,3.0,1.0,0.0
2290,16,14,2,0.0,0.0,1,4.0,12.0,0.0,4.0,11.0,8.0,3.0,4.0,0.0,1.0,0.0,0.0
2291,11,45,0,2.0,0.0,0,17.0,11.0,5.0,4.0,15.0,11.0,5.0,5.0,1.0,4.0,0.0,0.0
2292,29,6,0,3.0,1.0,0,11.0,7.0,8.0,3.0,10.0,7.0,4.0,5.0,2.0,0.0,1.0,0.0
2293,25,12,2,0.0,0.0,1,16.0,12.0,7.0,3.0,14.0,16.0,10.0,4.0,0.0,2.0,0.0,0.0
2294,42,47,2,1.0,0.0,0,10.0,11.0,3.0,4.0,7.0,7.0,6.0,7.0,3.0,2.0,0.0,0.0
2295,19,20,0,0.0,0.0,1,14.0,9.0,5.0,5.0,12.0,10.0,4.0,3.0,3.0,1.0,0.0,0.0
2296,9,18,0,0.0,0.0,1,11.0,13.0,3.0,4.0,10.0,11.0,6.0,6.0,0.0,2.0,0.0,0.0
2297,43,31,1,0.0,1.0,2,12.0,8.0,5.0,2.0,17.0,16.0,3.0,6.0,1.0,2.0,0.0,0.0
2298,26,0,0,4.0,1.0,0,15.0,8.0,10.0,2.0,8.0,13.0,5.0,3.0,1.0,2.0,0.0,0.0
2299,38,45,2,0.0,0.0,1,11.0,16.0,5.0,5.0,10.0,3.0,4.0,5.0,2.0,0.0,0.0,0.0
2300,16,12,1,0.0,0.0,1,31.0,9.0,5.0,4.0,9.0,11.0,12.0,1.0,0.0,3.0,0.0,0.0
2301,11,18,2,1.0,3.0,2,11.0,13.0,4.0,6.0,11.0,19.0,5.0,7.0,2.0,4.0,0.0,0.0
2302,42,6,0,3.0,0.0,0,10.0,14.0,7.0,4.0,4.0,8.0,3.0,4.0,2.0,1.0,0.0,0.0
2303,26,31,0,1.0,0.0,0,16.0,6.0,8.0,2.0,7.0,9.0,10.0,2.0,0.0,0.0,0.0,0.0
2304,19,47,1,0.0,0.0,1,11.0,14.0,9.0,5.0,9.0,6.0,2.0,0.0,2.0,1.0,0.0,0.0
2305,29,20,0,1.0,0.0,0,16.0,10.0,10.0,2.0,9.0,13.0,5.0,3.0,1.0,1.0,0.0,0.0
2306,25,28,0,1.0,1.0,1,10.0,11.0,5.0,4.0,5.0,8.0,3.0,7.0,2.0,2.0,0.0,1.0
2307,43,14,2,1.0,1.0,1,10.0,10.0,2.0,4.0,15.0,5.0,3.0,4.0,1.0,0.0,0.0,0.0
2308,9,0,1,1.0,1.0,1,12.0,7.0,3.0,4.0,10.0,4.0,4.0,9.0,2.0,1.0,0.0,0.0
2309,18,42,2,1.0,3.0,2,10.0,17.0,3.0,8.0,13.0,9.0,2.0,1.0,0.0,2.0,0.0,0.0
2310,45,43,2,0.0,1.0,2,18.0,11.0,7.0,5.0,9.0,11.0,10.0,4.0,3.0,2.0,0.0,0.0
2311,12,29,2,1.0,3.0,2,9.0,17.0,3.0,9.0,13.0,13.0,4.0,7.0,2.0,1.0,0.0,0.0
2312,28,16,2,1.0,2.0,2,19.0,5.0,5.0,3.0,7.0,6.0,13.0,0.0,0.0,4.0,0.0,0.0
2313,0,11,0,1.0,0.0,0,10.0,7.0,6.0,2.0,10.0,14.0,1.0,3.0,2.0,5.0,0.0,0.0
2314,6,9,0,1.0,0.0,0,14.0,10.0,3.0,5.0,8.0,18.0,6.0,5.0,2.0,0.0,0.0,1.0
2315,14,25,2,0.0,0.0,1,17.0,8.0,5.0,3.0,10.0,9.0,9.0,5.0,0.0,2.0,0.0,0.0
2316,20,38,2,0.0,2.0,2,16.0,13.0,5.0,6.0,12.0,9.0,8.0,2.0,2.0,3.0,0.0,0.0
2317,31,19,1,0.0,0.0,1,9.0,4.0,0.0,2.0,9.0,12.0,6.0,0.0,1.0,2.0,0.0,0.0
2318,47,26,2,0.0,1.0,2,11.0,15.0,5.0,6.0,7.0,3.0,1.0,10.0,0.0,0.0,0.0,0.0
2319,9,14,2,0.0,2.0,2,6.0,10.0,2.0,3.0,14.0,6.0,4.0,1.0,2.0,2.0,0.0,0.0
2320,38,0,0,2.0,1.0,0,12.0,13.0,7.0,4.0,12.0,10.0,4.0,5.0,3.0,1.0,0.0,0.0
2321,26,29,0,1.0,1.0,1,36.0,6.0,11.0,2.0,6.0,14.0,13.0,2.0,0.0,2.0,0.0,0.0
2322,16,25,0,1.0,0.0,0,8.0,12.0,1.0,2.0,10.0,8.0,4.0,4.0,2.0,1.0,0.0,0.0
2323,43,12,0,1.0,0.0,0,17.0,10.0,8.0,3.0,7.0,5.0,5.0,0.0,0.0,0.0,0.0,0.0
2324,19,45,2,0.0,2.0,2,16.0,6.0,4.0,3.0,14.0,10.0,6.0,4.0,2.0,1.0,0.0,0.0
2325,20,31,2,0.0,0.0,1,15.0,8.0,5.0,5.0,5.0,13.0,10.0,1.0,1.0,1.0,0.0,0.0
2326,47,6,0,1.0,0.0,0,9.0,13.0,3.0,3.0,15.0,7.0,5.0,3.0,1.0,2.0,0.0,0.0
2327,28,18,0,1.0,0.0,0,13.0,9.0,5.0,2.0,7.0,9.0,6.0,2.0,1.0,2.0,0.0,0.0
2328,42,11,0,0.0,0.0,1,15.0,4.0,3.0,0.0,7.0,8.0,8.0,3.0,0.0,2.0,0.0,0.0
2329,18,43,1,1.0,0.0,0,12.0,15.0,5.0,3.0,13.0,13.0,6.0,6.0,1.0,1.0,0.0,0.0
2330,31,47,2,1.0,1.0,1,12.0,13.0,4.0,6.0,10.0,17.0,4.0,6.0,2.0,5.0,1.0,0.0
2331,45,16,0,0.0,1.0,2,13.0,8.0,6.0,4.0,10.0,8.0,5.0,3.0,1.0,2.0,0.0,0.0
2332,29,19,0,3.0,0.0,0,20.0,10.0,11.0,4.0,11.0,15.0,10.0,3.0,1.0,1.0,0.0,1.0
2333,0,20,0,0.0,0.0,1,14.0,6.0,2.0,0.0,13.0,20.0,7.0,1.0,5.0,4.0,0.0,0.0
2334,14,28,0,1.0,0.0,0,8.0,14.0,5.0,4.0,12.0,11.0,1.0,13.0,2.0,0.0,0.0,0.0
2335,6,26,2,0.0,1.0,2,8.0,10.0,2.0,4.0,9.0,11.0,6.0,6.0,2.0,1.0,0.0,0.0
2336,11,9,0,1.0,0.0,0,14.0,14.0,4.0,1.0,11.0,11.0,2.0,7.0,2.0,0.0,0.0,0.0
2337,12,38,0,0.0,0.0,1,13.0,12.0,4.0,1.0,9.0,10.0,7.0,7.0,2.0,2.0,0.0,0.0
2338,25,42,2,0.0,1.0,2,11.0,7.0,3.0,2.0,12.0,7.0,6.0,5.0,3.0,1.0,0.0,0.0
2339,11,26,2,0.0,0.0,1,10.0,18.0,6.0,12.0,10.0,3.0,5.0,9.0,1.0,0.0,0.0,0.0
2340,42,38,0,1.0,0.0,0,13.0,18.0,8.0,5.0,7.0,5.0,8.0,6.0,0.0,0.0,0.0,0.0
2341,29,0,1,1.0,1.0,1,10.0,9.0,7.0,4.0,13.0,10.0,4.0,4.0,3.0,3.0,0.0,0.0
2342,19,25,1,1.0,0.0,0,25.0,13.0,7.0,5.0,12.0,7.0,10.0,8.0,0.0,0.0,0.0,0.0
2343,47,14,0,0.0,1.0,2,6.0,17.0,2.0,3.0,18.0,10.0,1.0,5.0,4.0,4.0,0.0,0.0
2344,18,31,1,1.0,1.0,1,19.0,8.0,3.0,5.0,7.0,18.0,14.0,2.0,0.0,5.0,0.0,0.0
2345,43,28,2,0.0,1.0,2,11.0,15.0,7.0,7.0,4.0,8.0,3.0,11.0,0.0,1.0,0.0,0.0
2346,45,12,0,0.0,0.0,1,17.0,9.0,11.0,5.0,10.0,10.0,10.0,4.0,1.0,2.0,0.0,0.0
2347,6,20,0,2.0,1.0,0,6.0,23.0,2.0,6.0,14.0,11.0,4.0,8.0,4.0,2.0,0.0,0.0
2348,9,16,0,3.0,0.0,0,9.0,18.0,3.0,5.0,14.0,12.0,4.0,5.0,2.0,3.0,1.0,0.0
2349,0,42,0,1.0,2.0,2,22.0,11.0,7.0,6.0,15.0,17.0,8.0,5.0,3.0,3.0,0.0,1.0
2350,14,19,0,1.0,0.0,0,16.0,9.0,9.0,4.0,8.0,17.0,4.0,6.0,2.0,1.0,0.0,0.0
2351,26,18,0,0.0,0.0,1,16.0,9.0,3.0,3.0,12.0,7.0,8.0,1.0,3.0,2.0,0.0,0.0
2352,38,29,1,2.0,2.0,1,16.0,11.0,6.0,5.0,12.0,13.0,3.0,5.0,4.0,4.0,0.0,0.0
2353,20,9,2,1.0,1.0,1,7.0,14.0,2.0,6.0,10.0,12.0,2.0,6.0,0.0,2.0,1.0,0.0
2354,31,45,2,0.0,1.0,2,16.0,7.0,4.0,4.0,10.0,10.0,7.0,3.0,3.0,3.0,0.0,0.0
2355,25,43,0,2.0,0.0,0,7.0,8.0,3.0,0.0,7.0,6.0,4.0,8.0,2.0,1.0,0.0,1.0
2356,28,6,0,1.0,1.0,1,16.0,4.0,6.0,1.0,9.0,3.0,8.0,4.0,0.0,0.0,0.0,0.0
2357,16,11,0,1.0,0.0,0,29.0,4.0,9.0,0.0,9.0,10.0,10.0,2.0,1.0,1.0,0.0,0.0
2358,12,47,0,0.0,1.0,2,17.0,15.0,3.0,4.0,3.0,12.0,7.0,6.0,1.0,2.0,0.0,0.0
2359,11,31,2,1.0,2.0,2,14.0,17.0,4.0,3.0,6.0,11.0,5.0,5.0,0.0,1.0,0.0,0.0
2360,6,0,2,1.0,1.0,1,11.0,20.0,5.0,4.0,6.0,9.0,5.0,8.0,2.0,1.0,0.0,0.0
2361,47,20,2,0.0,1.0,2,12.0,14.0,3.0,6.0,9.0,8.0,3.0,5.0,1.0,2.0,0.0,0.0
2362,19,38,0,2.0,1.0,0,10.0,19.0,5.0,8.0,10.0,6.0,2.0,5.0,2.0,3.0,0.0,0.0
2363,45,28,2,0.0,3.0,2,9.0,9.0,1.0,6.0,6.0,3.0,8.0,1.0,0.0,0.0,0.0,0.0
2364,43,26,2,0.0,0.0,1,5.0,10.0,1.0,7.0,12.0,13.0,5.0,5.0,0.0,0.0,0.0,1.0
2365,9,25,1,1.0,0.0,0,14.0,8.0,3.0,3.0,10.0,7.0,6.0,1.0,3.0,1.0,0.0,1.0
2366,29,16,1,0.0,0.0,1,12.0,13.0,5.0,2.0,13.0,12.0,10.0,3.0,1.0,2.0,0.0,0.0
2367,18,12,0,0.0,0.0,1,16.0,7.0,8.0,1.0,12.0,13.0,7.0,3.0,0.0,3.0,0.0,0.0
2368,42,14,0,2.0,0.0,0,18.0,13.0,9.0,2.0,19.0,12.0,4.0,4.0,0.0,3.0,0.0,0.0
2369,26,19,0,1.0,0.0,0,20.0,8.0,7.0,3.0,11.0,9.0,6.0,3.0,1.0,1.0,0.0,0.0
2370,14,18,1,0.0,0.0,1,15.0,6.0,4.0,1.0,7.0,11.0,5.0,5.0,4.0,3.0,0.0,0.0
2371,28,29,0,1.0,0.0,0,17.0,6.0,5.0,1.0,12.0,12.0,5.0,1.0,1.0,1.0,0.0,0.0
2372,0,47,1,0.0,1.0,2,10.0,12.0,3.0,5.0,9.0,16.0,11.0,2.0,2.0,2.0,0.0,0.0
2373,38,43,1,1.0,0.0,0,14.0,12.0,4.0,6.0,13.0,13.0,7.0,6.0,3.0,2.0,0.0,0.0
2374,31,6,0,2.0,1.0,0,18.0,14.0,6.0,4.0,9.0,11.0,7.0,10.0,2.0,1.0,0.0,0.0
2375,20,45,1,1.0,0.0,0,15.0,12.0,7.0,5.0,9.0,8.0,5.0,6.0,1.0,1.0,0.0,0.0
2376,25,11,1,0.0,0.0,1,22.0,6.0,5.0,1.0,13.0,10.0,12.0,1.0,2.0,0.0,0.0,0.0
2377,16,42,2,0.0,0.0,1,11.0,11.0,4.0,2.0,12.0,9.0,10.0,6.0,1.0,1.0,0.0,0.0
2378,12,9,0,1.0,1.0,1,20.0,7.0,6.0,3.0,7.0,21.0,4.0,1.0,2.0,1.0,0.0,1.0
2379,20,19,0,1.0,0.0,0,10.0,7.0,2.0,1.0,11.0,8.0,5.0,4.0,1.0,2.0,0.0,0.0
2380,28,38,0,4.0,1.0,0,18.0,12.0,8.0,6.0,14.0,9.0,4.0,4.0,1.0,1.0,0.0,0.0
2381,14,16,0,1.0,0.0,0,15.0,7.0,6.0,2.0,6.0,13.0,4.0,2.0,0.0,1.0,0.0,0.0
2382,0,26,1,0.0,0.0,1,12.0,13.0,4.0,4.0,7.0,7.0,5.0,8.0,1.0,1.0,0.0,0.0
2383,18,9,0,1.0,1.0,1,14.0,5.0,3.0,3.0,9.0,17.0,6.0,4.0,0.0,1.0,0.0,0.0
2384,45,11,0,1.0,1.0,1,22.0,6.0,10.0,3.0,7.0,9.0,10.0,4.0,1.0,4.0,0.0,0.0
2385,31,43,0,0.0,0.0,1,10.0,16.0,2.0,1.0,12.0,11.0,8.0,9.0,1.0,5.0,0.0,0.0
2386,12,25,2,0.0,0.0,1,11.0,13.0,2.0,5.0,13.0,12.0,6.0,12.0,2.0,2.0,0.0,0.0
2387,47,42,2,0.0,2.0,2,16.0,10.0,7.0,8.0,11.0,8.0,5.0,1.0,1.0,2.0,0.0,0.0
2388,6,29,2,1.0,1.0,1,18.0,18.0,7.0,8.0,12.0,12.0,9.0,5.0,4.0,3.0,0.0,0.0
2389,42,28,2,0.0,1.0,2,4.0,13.0,1.0,6.0,13.0,13.0,3.0,6.0,2.0,2.0,0.0,0.0
2390,16,0,1,1.0,0.0,0,16.0,7.0,3.0,2.0,10.0,16.0,6.0,4.0,1.0,2.0,0.0,0.0
2391,11,14,2,0.0,1.0,2,7.0,24.0,1.0,8.0,14.0,10.0,4.0,4.0,4.0,2.0,0.0,0.0
2392,29,18,0,1.0,0.0,0,14.0,14.0,10.0,6.0,15.0,12.0,8.0,4.0,2.0,1.0,0.0,0.0
2393,43,20,0,2.0,0.0,0,12.0,13.0,6.0,7.0,9.0,13.0,3.0,3.0,1.0,2.0,0.0,0.0
2394,19,6,2,0.0,1.0,2,11.0,12.0,1.0,5.0,16.0,3.0,5.0,5.0,2.0,1.0,1.0,0.0
2395,9,47,0,0.0,0.0,1,2.0,25.0,1.0,7.0,11.0,8.0,1.0,10.0,3.0,0.0,0.0,0.0
2396,26,12,0,1.0,0.0,0,19.0,2.0,7.0,1.0,6.0,4.0,8.0,0.0,0.0,0.0,0.0,0.0
2397,38,31,1,0.0,0.0,1,22.0,6.0,4.0,0.0,9.0,12.0,7.0,2.0,0.0,1.0,0.0,0.0
2398,25,45,1,0.0,1.0,2,21.0,11.0,7.0,3.0,17.0,5.0,8.0,0.0,1.0,1.0,0.0,1.0
2399,0,25,0,1.0,1.0,1,19.0,8.0,6.0,2.0,10.0,10.0,6.0,4.0,2.0,2.0,0.0,0.0
2400,18,16,0,0.0,0.0,1,20.0,7.0,4.0,3.0,13.0,17.0,10.0,5.0,2.0,1.0,0.0,0.0
2401,14,29,1,1.0,0.0,0,21.0,7.0,6.0,4.0,9.0,17.0,5.0,3.0,2.0,5.0,0.0,0.0
2402,45,42,2,0.0,1.0,2,13.0,10.0,4.0,2.0,8.0,10.0,10.0,6.0,3.0,0.0,0.0,0.0
2403,47,43,2,0.0,2.0,2,10.0,9.0,1.0,3.0,23.0,13.0,8.0,2.0,3.0,1.0,0.0,0.0
2404,6,38,1,0.0,0.0,1,10.0,8.0,2.0,4.0,10.0,14.0,6.0,4.0,1.0,2.0,0.0,0.0
2405,31,9,2,0.0,1.0,2,27.0,8.0,6.0,2.0,13.0,17.0,10.0,2.0,0.0,2.0,0.0,0.0
2406,20,26,2,0.0,1.0,2,13.0,11.0,1.0,2.0,9.0,6.0,2.0,4.0,0.0,2.0,0.0,0.0
2407,28,11,0,1.0,0.0,0,24.0,5.0,10.0,0.0,11.0,5.0,10.0,1.0,2.0,2.0,0.0,0.0
2408,12,19,0,2.0,2.0,1,22.0,9.0,5.0,4.0,15.0,16.0,4.0,4.0,3.0,3.0,0.0,0.0
2409,19,0,2,1.0,1.0,1,21.0,9.0,4.0,7.0,11.0,12.0,4.0,2.0,2.0,0.0,0.0,0.0
2410,38,14,2,0.0,1.0,2,15.0,21.0,6.0,6.0,13.0,11.0,4.0,12.0,6.0,0.0,0.0,0.0
2411,26,28,1,0.0,0.0,1,7.0,6.0,2.0,2.0,10.0,10.0,2.0,6.0,1.0,3.0,0.0,0.0
2412,16,47,2,0.0,0.0,1,11.0,7.0,4.0,2.0,11.0,13.0,6.0,3.0,3.0,4.0,0.0,0.0
2413,25,18,2,1.0,1.0,1,8.0,17.0,2.0,8.0,10.0,11.0,2.0,10.0,2.0,1.0,1.0,0.0
2414,29,31,0,0.0,2.0,2,18.0,13.0,10.0,8.0,16.0,8.0,10.0,6.0,2.0,2.0,0.0,0.0
2415,11,20,1,1.0,0.0,0,6.0,19.0,3.0,2.0,8.0,11.0,1.0,10.0,2.0,2.0,0.0,0.0
2416,42,12,0,1.0,0.0,0,19.0,8.0,7.0,6.0,7.0,11.0,6.0,2.0,2.0,1.0,0.0,1.0
2417,43,6,2,0.0,3.0,2,14.0,10.0,2.0,7.0,11.0,9.0,10.0,7.0,3.0,1.0,1.0,0.0
2418,9,45,0,1.0,0.0,0,9.0,17.0,4.0,4.0,12.0,8.0,2.0,9.0,3.0,2.0,0.0,0.0
2419,6,16,0,1.0,0.0,0,11.0,10.0,5.0,2.0,9.0,12.0,3.0,3.0,3.0,4.0,0.0,0.0
2420,12,11,2,0.0,0.0,1,19.0,3.0,5.0,2.0,11.0,15.0,10.0,2.0,1.0,3.0,0.0,0.0
2421,28,9,0,1.0,0.0,0,28.0,4.0,8.0,1.0,4.0,10.0,10.0,3.0,0.0,3.0,0.0,0.0
2422,31,25,2,0.0,1.0,2,6.0,12.0,1.0,5.0,11.0,5.0,5.0,9.0,0.0,0.0,0.0,0.0
2423,47,38,0,0.0,0.0,1,14.0,17.0,6.0,6.0,11.0,7.0,8.0,6.0,3.0,1.0,0.0,0.0
2424,18,19,0,0.0,0.0,1,19.0,6.0,6.0,0.0,13.0,13.0,12.0,1.0,0.0,3.0,0.0,0.0
2425,20,42,2,0.0,2.0,2,9.0,10.0,5.0,6.0,17.0,16.0,3.0,0.0,2.0,2.0,0.0,0.0
2426,0,43,0,0.0,0.0,1,9.0,13.0,2.0,4.0,11.0,17.0,6.0,6.0,2.0,2.0,0.0,0.0
2427,14,26,1,1.0,0.0,0,10.0,13.0,4.0,6.0,7.0,9.0,4.0,4.0,0.0,2.0,0.0,0.0
2428,45,29,0,2.0,0.0,0,8.0,9.0,3.0,4.0,12.0,12.0,4.0,9.0,0.0,1.0,0.0,0.0
2429,45,14,1,0.0,0.0,1,6.0,17.0,1.0,6.0,11.0,9.0,1.0,8.0,2.0,1.0,0.0,0.0
2430,0,18,0,0.0,0.0,1,9.0,9.0,5.0,6.0,17.0,12.0,5.0,9.0,2.0,1.0,0.0,0.0
2431,26,38,0,3.0,0.0,0,12.0,7.0,4.0,1.0,7.0,10.0,5.0,4.0,0.0,2.0,0.0,0.0
2432,16,31,1,0.0,0.0,1,16.0,6.0,4.0,3.0,8.0,11.0,9.0,5.0,1.0,1.0,0.0,0.0
2433,12,28,2,0.0,3.0,2,2.0,21.0,2.0,10.0,6.0,4.0,1.0,9.0,1.0,1.0,0.0,0.0
2434,25,20,0,1.0,1.0,1,18.0,9.0,8.0,2.0,10.0,16.0,3.0,1.0,2.0,1.0,0.0,0.0
2435,9,42,2,0.0,1.0,2,8.0,16.0,4.0,7.0,15.0,9.0,5.0,7.0,2.0,1.0,0.0,0.0
2436,29,47,1,1.0,0.0,0,15.0,11.0,6.0,8.0,5.0,17.0,5.0,4.0,1.0,1.0,0.0,0.0
2437,11,6,0,2.0,0.0,0,12.0,19.0,5.0,5.0,17.0,6.0,3.0,8.0,2.0,0.0,0.0,0.0
2438,19,43,1,0.0,1.0,2,15.0,11.0,3.0,6.0,11.0,9.0,8.0,8.0,2.0,1.0,0.0,0.0
2439,38,9,1,1.0,0.0,0,14.0,12.0,5.0,4.0,10.0,13.0,1.0,4.0,2.0,3.0,0.0,0.0
2440,47,11,0,0.0,0.0,1,30.0,7.0,7.0,2.0,10.0,9.0,8.0,2.0,2.0,4.0,0.0,0.0
2441,18,45,2,1.0,2.0,2,16.0,9.0,4.0,4.0,15.0,12.0,4.0,2.0,2.0,5.0,0.0,0.0
2442,6,25,0,3.0,0.0,0,10.0,14.0,5.0,8.0,13.0,15.0,4.0,6.0,3.0,2.0,0.0,1.0
2443,42,26,2,0.0,1.0,2,11.0,17.0,3.0,10.0,17.0,16.0,5.0,4.0,0.0,0.0,0.0,0.0
2444,28,19,0,2.0,0.0,0,28.0,9.0,9.0,3.0,7.0,7.0,10.0,4.0,0.0,0.0,0.0,0.0
2445,20,16,2,0.0,1.0,2,15.0,7.0,2.0,2.0,11.0,17.0,5.0,3.0,1.0,2.0,0.0,0.0
2446,31,0,2,0.0,0.0,1,4.0,12.0,2.0,2.0,13.0,11.0,10.0,4.0,0.0,0.0,0.0,0.0
2447,43,29,2,0.0,2.0,2,14.0,9.0,5.0,6.0,9.0,11.0,6.0,8.0,2.0,1.0,0.0,1.0
2448,14,12,0,2.0,1.0,0,18.0,6.0,7.0,2.0,8.0,10.0,5.0,4.0,0.0,0.0,0.0,0.0
2449,12,0,2,1.0,1.0,1,14.0,17.0,3.0,11.0,12.0,14.0,3.0,9.0,3.0,4.0,0.0,0.0
2450,11,29,2,0.0,2.0,2,9.0,21.0,2.0,9.0,7.0,13.0,2.0,5.0,2.0,3.0,0.0,1.0
2451,43,42,0,0.0,0.0,1,7.0,11.0,3.0,2.0,9.0,8.0,3.0,10.0,2.0,1.0,0.0,0.0
2452,9,19,1,0.0,1.0,2,15.0,10.0,5.0,5.0,12.0,14.0,7.0,1.0,3.0,3.0,0.0,0.0
2453,14,6,0,0.0,0.0,1,24.0,8.0,6.0,1.0,10.0,7.0,7.0,6.0,2.0,2.0,0.0,0.0
2454,25,26,2,0.0,2.0,2,12.0,10.0,5.0,4.0,9.0,12.0,4.0,4.0,3.0,2.0,0.0,0.0
2455,28,31,0,1.0,1.0,1,24.0,3.0,8.0,2.0,5.0,13.0,4.0,0.0,0.0,0.0,0.0,0.0
2456,45,47,2,0.0,0.0,1,13.0,15.0,3.0,6.0,10.0,11.0,4.0,4.0,2.0,1.0,0.0,0.0
2457,16,38,2,0.0,0.0,1,20.0,19.0,6.0,6.0,11.0,12.0,7.0,4.0,1.0,1.0,0.0,0.0
2458,18,20,1,1.0,1.0,1,11.0,9.0,1.0,6.0,13.0,14.0,4.0,3.0,3.0,3.0,0.0,0.0
2459,29,42,2,0.0,0.0,1,23.0,9.0,5.0,5.0,11.0,16.0,5.0,2.0,2.0,4.0,0.0,0.0
2460,43,16,0,0.0,0.0,1,13.0,9.0,5.0,3.0,14.0,11.0,6.0,3.0,4.0,2.0,0.0,0.0
2461,31,14,2,0.0,0.0,1,6.0,15.0,2.0,3.0,16.0,8.0,4.0,5.0,3.0,1.0,0.0,0.0
2462,19,11,0,3.0,2.0,0,25.0,12.0,12.0,2.0,11.0,8.0,6.0,4.0,2.0,1.0,0.0,0.0
2463,0,45,0,1.0,1.0,1,17.0,13.0,10.0,5.0,16.0,13.0,10.0,2.0,1.0,3.0,0.0,0.0
2464,20,12,1,0.0,0.0,1,5.0,14.0,1.0,4.0,8.0,10.0,7.0,7.0,0.0,1.0,1.0,0.0
2465,26,9,0,1.0,0.0,0,22.0,6.0,8.0,2.0,8.0,14.0,8.0,5.0,1.0,1.0,0.0,0.0
2466,6,18,1,0.0,0.0,1,17.0,11.0,5.0,3.0,12.0,10.0,6.0,2.0,0.0,3.0,1.0,1.0
2467,47,28,1,0.0,0.0,1,11.0,18.0,2.0,6.0,13.0,8.0,5.0,9.0,1.0,2.0,0.0,0.0
2468,38,25,2,0.0,0.0,1,11.0,8.0,5.0,5.0,13.0,11.0,10.0,3.0,1.0,1.0,1.0,0.0
2469,16,26,2,0.0,1.0,2,8.0,16.0,2.0,6.0,6.0,13.0,6.0,7.0,1.0,1.0,1.0,0.0
2470,9,29,0,3.0,1.0,0,6.0,9.0,3.0,3.0,16.0,13.0,3.0,5.0,1.0,1.0,0.0,0.0
2471,11,43,2,1.0,1.0,1,8.0,9.0,3.0,6.0,8.0,19.0,5.0,2.0,1.0,2.0,0.0,0.0
2472,28,20,0,3.0,1.0,0,32.0,5.0,14.0,1.0,9.0,4.0,10.0,3.0,0.0,2.0,0.0,0.0
2473,14,0,0,2.0,2.0,1,24.0,15.0,11.0,6.0,12.0,9.0,5.0,1.0,0.0,2.0,0.0,0.0
2474,12,31,1,0.0,0.0,1,12.0,12.0,1.0,6.0,14.0,16.0,5.0,5.0,2.0,2.0,0.0,1.0
2475,25,47,0,2.0,0.0,0,6.0,11.0,2.0,3.0,10.0,8.0,1.0,9.0,2.0,1.0,1.0,0.0
2476,45,6,2,1.0,0.0,0,11.0,12.0,5.0,5.0,14.0,10.0,6.0,4.0,6.0,2.0,0.0,0.0
2477,18,38,0,2.0,0.0,0,13.0,15.0,7.0,4.0,8.0,20.0,2.0,5.0,0.0,5.0,0.0,0.0
2478,42,19,0,1.0,0.0,0,25.0,10.0,11.0,3.0,9.0,5.0,5.0,2.0,0.0,0.0,0.0,0.0
2479,38,11,1,0.0,0.0,1,18.0,16.0,3.0,6.0,10.0,9.0,8.0,5.0,0.0,1.0,0.0,0.0
2480,0,28,2,0.0,1.0,2,9.0,17.0,3.0,8.0,11.0,14.0,2.0,9.0,2.0,2.0,0.0,0.0
2481,26,45,0,2.0,0.0,0,18.0,5.0,8.0,2.0,14.0,9.0,5.0,4.0,1.0,2.0,0.0,0.0
2482,6,12,0,1.0,0.0,0,12.0,10.0,4.0,1.0,11.0,9.0,7.0,4.0,1.0,1.0,0.0,0.0
2483,31,42,2,1.0,2.0,2,15.0,15.0,2.0,5.0,11.0,12.0,3.0,5.0,2.0,2.0,0.0,0.0
2484,43,9,0,1.0,0.0,0,19.0,6.0,5.0,0.0,10.0,16.0,8.0,2.0,2.0,2.0,0.0,0.0
2485,47,18,1,1.0,1.0,1,11.0,6.0,4.0,5.0,8.0,7.0,3.0,6.0,0.0,1.0,0.0,1.0
2486,19,16,2,0.0,1.0,2,15.0,10.0,6.0,9.0,9.0,11.0,5.0,5.0,1.0,2.0,0.0,0.0
2487,20,14,2,0.0,2.0,2,6.0,13.0,1.0,4.0,9.0,8.0,2.0,5.0,2.0,1.0,0.0,0.0
2488,29,25,0,1.0,0.0,0,8.0,13.0,6.0,4.0,11.0,8.0,2.0,5.0,2.0,1.0,0.0,0.0
2489,42,25,0,1.0,2.0,2,14.0,16.0,6.0,9.0,9.0,13.0,4.0,4.0,1.0,2.0,0.0,0.0
2490,41,39,2,1.0,2.0,2,26.0,8.0,11.0,5.0,12.0,9.0,6.0,0.0,1.0,2.0,0.0,0.0
2491,38,28,2,0.0,0.0,1,8.0,13.0,3.0,2.0,8.0,10.0,1.0,12.0,3.0,1.0,0.0,0.0
2492,29,43,0,1.0,0.0,0,7.0,7.0,1.0,3.0,6.0,11.0,6.0,5.0,4.0,0.0,0.0,0.0
2493,31,14,0,1.0,0.0,0,16.0,6.0,6.0,2.0,11.0,10.0,4.0,2.0,0.0,1.0,0.0,0.0
2494,16,44,0,0.0,0.0,1,11.0,7.0,5.0,1.0,10.0,11.0,4.0,2.0,2.0,3.0,0.0,0.0
2495,11,6,2,1.0,0.0,0,12.0,16.0,4.0,5.0,14.0,9.0,7.0,8.0,0.0,0.0,0.0,0.0
2496,45,18,0,1.0,0.0,0,15.0,14.0,4.0,7.0,10.0,13.0,6.0,6.0,0.0,1.0,0.0,0.0
2497,26,9,0,2.0,0.0,0,22.0,2.0,11.0,1.0,3.0,6.0,7.0,3.0,0.0,0.0,0.0,0.0
2498,20,0,2,0.0,1.0,2,18.0,9.0,3.0,4.0,11.0,7.0,7.0,4.0,1.0,0.0,0.0,0.0
2499,45,29,1,0.0,0.0,1,9.0,16.0,2.0,6.0,12.0,12.0,1.0,6.0,1.0,1.0,0.0,0.0
2500,25,0,0,1.0,0.0,0,19.0,14.0,10.0,7.0,7.0,12.0,6.0,6.0,2.0,2.0,0.0,1.0
2501,42,31,0,0.0,0.0,1,11.0,14.0,7.0,3.0,10.0,8.0,6.0,4.0,2.0,3.0,0.0,0.0
2502,14,20,1,0.0,0.0,1,22.0,3.0,5.0,2.0,7.0,10.0,9.0,0.0,0.0,1.0,0.0,0.0
2503,28,9,0,2.0,1.0,0,19.0,6.0,7.0,3.0,5.0,7.0,4.0,3.0,0.0,1.0,0.0,0.0
2504,41,38,2,0.0,0.0,1,11.0,13.0,3.0,8.0,7.0,15.0,7.0,6.0,2.0,1.0,0.0,0.0
2505,14,26,0,1.0,0.0,0,12.0,10.0,4.0,5.0,12.0,9.0,3.0,1.0,3.0,2.0,0.0,0.0
2506,0,11,0,2.0,0.0,0,16.0,6.0,8.0,2.0,6.0,7.0,4.0,5.0,0.0,1.0,0.0,0.0
2507,28,20,1,0.0,0.0,1,15.0,5.0,2.0,3.0,9.0,4.0,10.0,1.0,0.0,3.0,0.0,0.0
2508,25,45,2,0.0,1.0,2,13.0,13.0,2.0,3.0,8.0,9.0,8.0,3.0,1.0,2.0,0.0,0.0
2509,43,31,0,2.0,0.0,0,11.0,9.0,8.0,1.0,9.0,11.0,2.0,5.0,2.0,1.0,0.0,0.0
2510,6,41,0,1.0,0.0,0,13.0,12.0,5.0,3.0,10.0,10.0,11.0,6.0,1.0,4.0,0.0,0.0
2511,39,16,2,1.0,0.0,0,7.0,13.0,2.0,2.0,18.0,12.0,1.0,7.0,5.0,2.0,0.0,0.0
2512,44,42,0,0.0,0.0,1,9.0,18.0,1.0,5.0,13.0,12.0,5.0,9.0,4.0,1.0,0.0,0.0
2513,18,38,1,0.0,0.0,1,9.0,11.0,3.0,5.0,14.0,12.0,3.0,4.0,2.0,4.0,0.0,1.0
2514,9,29,0,0.0,0.0,1,11.0,16.0,4.0,3.0,5.0,3.0,5.0,6.0,2.0,0.0,0.0,0.0
2515,42,43,0,1.0,0.0,0,13.0,13.0,3.0,5.0,11.0,10.0,4.0,0.0,1.0,0.0,0.0,0.0
2516,45,28,2,1.0,2.0,2,4.0,19.0,1.0,7.0,5.0,11.0,0.0,7.0,0.0,1.0,0.0,0.0
2517,29,0,0,1.0,0.0,0,17.0,8.0,3.0,3.0,12.0,7.0,9.0,0.0,0.0,1.0,0.0,0.0
2518,11,9,1,0.0,0.0,1,10.0,9.0,4.0,1.0,5.0,17.0,3.0,4.0,0.0,2.0,0.0,0.0
2519,26,39,1,0.0,0.0,1,20.0,5.0,2.0,1.0,7.0,14.0,9.0,2.0,1.0,2.0,0.0,0.0
2520,38,6,0,1.0,1.0,1,14.0,14.0,6.0,7.0,12.0,11.0,5.0,8.0,5.0,1.0,0.0,0.0
2521,31,44,2,0.0,1.0,2,17.0,9.0,2.0,2.0,8.0,13.0,5.0,1.0,1.0,3.0,0.0,0.0
2522,20,18,2,0.0,1.0,2,9.0,7.0,2.0,5.0,9.0,8.0,4.0,3.0,1.0,0.0,0.0,0.0
2523,41,14,2,0.0,1.0,2,10.0,11.0,3.0,3.0,13.0,9.0,1.0,2.0,1.0,1.0,0.0,0.0
2524,16,25,0,2.0,0.0,0,15.0,6.0,9.0,1.0,11.0,9.0,8.0,2.0,1.0,1.0,0.0,1.0
2525,18,31,0,0.0,0.0,1,9.0,9.0,1.0,2.0,10.0,11.0,4.0,6.0,2.0,1.0,0.0,0.0
2526,39,11,1,1.0,0.0,0,8.0,16.0,3.0,7.0,15.0,5.0,3.0,8.0,2.0,1.0,0.0,0.0
2527,0,45,0,0.0,0.0,1,20.0,11.0,8.0,4.0,11.0,9.0,8.0,6.0,3.0,2.0,0.0,0.0
2528,28,41,0,2.0,0.0,0,19.0,4.0,12.0,1.0,6.0,8.0,5.0,1.0,0.0,1.0,0.0,0.0
2529,44,26,1,0.0,1.0,2,13.0,9.0,6.0,3.0,12.0,5.0,7.0,4.0,0.0,1.0,0.0,0.0
2530,43,16,1,0.0,0.0,1,14.0,6.0,4.0,1.0,17.0,13.0,4.0,3.0,3.0,5.0,0.0,0.0
2531,11,14,2,0.0,1.0,2,5.0,16.0,2.0,5.0,9.0,11.0,3.0,2.0,1.0,0.0,0.0,0.0
2532,25,38,1,0.0,0.0,1,11.0,6.0,3.0,2.0,10.0,10.0,11.0,3.0,0.0,0.0,0.0,0.0
2533,6,29,2,0.0,1.0,2,13.0,13.0,2.0,4.0,9.0,8.0,8.0,5.0,3.0,1.0,0.0,0.0
2534,9,42,1,0.0,0.0,1,8.0,16.0,5.0,6.0,6.0,5.0,3.0,4.0,1.0,0.0,0.0,0.0
2535,45,39,1,0.0,0.0,1,18.0,11.0,6.0,7.0,15.0,21.0,10.0,1.0,2.0,3.0,0.0,0.0
2536,31,0,0,1.0,1.0,1,8.0,15.0,4.0,3.0,11.0,9.0,2.0,5.0,1.0,0.0,0.0,0.0
2537,29,44,2,0.0,0.0,1,14.0,10.0,4.0,4.0,8.0,13.0,4.0,4.0,1.0,1.0,0.0,0.0
2538,20,43,0,0.0,0.0,1,9.0,4.0,1.0,2.0,9.0,8.0,9.0,6.0,2.0,2.0,0.0,0.0
2539,41,18,1,0.0,1.0,2,17.0,12.0,7.0,3.0,10.0,11.0,6.0,3.0,1.0,1.0,0.0,0.0
2540,26,6,0,1.0,0.0,0,20.0,6.0,7.0,1.0,9.0,9.0,7.0,5.0,1.0,1.0,0.0,0.0
2541,16,9,0,3.0,2.0,0,15.0,12.0,8.0,3.0,12.0,16.0,5.0,6.0,3.0,2.0,0.0,0.0
2542,11,25,0,2.0,0.0,0,8.0,15.0,3.0,6.0,9.0,10.0,4.0,8.0,2.0,1.0,0.0,0.0
2543,38,14,2,1.0,0.0,0,10.0,17.0,7.0,5.0,13.0,14.0,4.0,7.0,5.0,3.0,0.0,0.0
2544,42,28,2,1.0,2.0,2,8.0,17.0,3.0,6.0,11.0,12.0,5.0,7.0,3.0,4.0,0.0,0.0
2545,14,45,1,1.0,0.0,0,23.0,5.0,6.0,2.0,7.0,11.0,10.0,6.0,0.0,1.0,0.0,0.0
2546,0,38,0,2.0,1.0,0,13.0,15.0,7.0,8.0,11.0,7.0,8.0,6.0,2.0,1.0,1.0,1.0
2547,28,29,2,2.0,0.0,0,20.0,5.0,6.0,4.0,17.0,9.0,8.0,4.0,6.0,3.0,0.0,0.0
2548,39,42,2,0.0,0.0,1,10.0,15.0,4.0,4.0,19.0,8.0,6.0,3.0,4.0,3.0,0.0,0.0
2549,44,41,1,0.0,0.0,1,15.0,7.0,3.0,1.0,15.0,5.0,5.0,1.0,3.0,2.0,0.0,0.0
2550,18,26,1,0.0,0.0,1,6.0,10.0,1.0,3.0,12.0,7.0,3.0,2.0,0.0,0.0,0.0,0.0
2551,6,16,1,0.0,0.0,1,20.0,13.0,5.0,6.0,8.0,9.0,11.0,3.0,2.0,2.0,0.0,0.0
2552,9,20,1,1.0,1.0,1,13.0,14.0,4.0,5.0,13.0,7.0,5.0,3.0,1.0,0.0,1.0,0.0
2553,25,31,2,0.0,1.0,2,8.0,8.0,1.0,4.0,7.0,14.0,7.0,5.0,1.0,3.0,0.0,0.0
2554,43,11,2,0.0,0.0,1,14.0,7.0,5.0,4.0,18.0,12.0,11.0,1.0,2.0,2.0,0.0,0.0
2555,14,42,2,1.0,1.0,1,14.0,12.0,4.0,7.0,4.0,11.0,5.0,5.0,0.0,1.0,0.0,0.0
2556,0,39,0,0.0,0.0,1,24.0,8.0,11.0,2.0,9.0,13.0,6.0,5.0,1.0,2.0,0.0,0.0
2557,29,41,0,2.0,0.0,0,11.0,3.0,5.0,2.0,5.0,13.0,3.0,3.0,0.0,0.0,0.0,0.0
2558,9,25,2,0.0,0.0,1,15.0,6.0,3.0,4.0,11.0,13.0,6.0,1.0,2.0,4.0,0.0,1.0
2559,18,28,2,0.0,3.0,2,6.0,18.0,2.0,4.0,10.0,8.0,2.0,11.0,0.0,0.0,0.0,0.0
2560,31,20,0,0.0,0.0,1,18.0,4.0,3.0,0.0,9.0,10.0,3.0,3.0,1.0,4.0,0.0,0.0
2561,16,26,2,1.0,0.0,0,6.0,16.0,3.0,6.0,6.0,8.0,4.0,6.0,2.0,2.0,0.0,0.0
2562,44,11,2,0.0,1.0,2,8.0,11.0,3.0,4.0,12.0,9.0,1.0,6.0,1.0,3.0,0.0,0.0
2563,43,6,1,1.0,1.0,1,16.0,13.0,5.0,6.0,16.0,6.0,7.0,4.0,4.0,0.0,0.0,0.0
2564,45,38,0,3.0,0.0,0,13.0,9.0,5.0,0.0,9.0,16.0,5.0,9.0,0.0,3.0,0.0,0.0
2565,20,16,2,0.0,1.0,2,6.0,17.0,2.0,6.0,11.0,12.0,4.0,7.0,3.0,2.0,0.0,0.0
2566,26,43,0,2.0,0.0,0,13.0,4.0,10.0,1.0,5.0,4.0,6.0,1.0,1.0,0.0,0.0,0.0
2567,6,44,0,0.0,0.0,1,17.0,11.0,5.0,6.0,6.0,9.0,3.0,2.0,1.0,2.0,0.0,0.0
2568,39,18,2,0.0,0.0,1,9.0,17.0,4.0,9.0,13.0,12.0,1.0,9.0,1.0,1.0,1.0,0.0
2569,39,28,2,0.0,1.0,2,3.0,17.0,0.0,6.0,6.0,8.0,3.0,10.0,1.0,0.0,0.0,0.0
2570,0,43,0,1.0,0.0,0,11.0,11.0,7.0,4.0,12.0,9.0,4.0,9.0,2.0,1.0,0.0,0.0
2571,6,42,2,1.0,1.0,1,14.0,12.0,3.0,8.0,10.0,7.0,4.0,5.0,1.0,1.0,0.0,0.0
2572,20,41,1,0.0,0.0,1,30.0,0.0,4.0,0.0,9.0,9.0,12.0,0.0,2.0,3.0,0.0,1.0
2573,44,25,2,1.0,1.0,1,6.0,14.0,2.0,6.0,6.0,7.0,7.0,6.0,1.0,3.0,0.0,0.0
2574,31,38,0,2.0,0.0,0,7.0,6.0,5.0,2.0,10.0,10.0,2.0,6.0,0.0,2.0,0.0,0.0
2575,14,16,0,2.0,0.0,0,27.0,9.0,11.0,2.0,8.0,9.0,12.0,3.0,1.0,2.0,0.0,0.0
2576,29,26,0,2.0,0.0,0,5.0,14.0,2.0,2.0,10.0,16.0,1.0,13.0,2.0,1.0,0.0,0.0
2577,18,9,0,0.0,0.0,1,13.0,10.0,3.0,4.0,10.0,14.0,10.0,3.0,0.0,1.0,0.0,1.0
2578,45,11,2,0.0,0.0,1,13.0,7.0,4.0,4.0,13.0,7.0,5.0,1.0,2.0,2.0,0.0,0.0
2579,16,29,2,1.0,0.0,0,10.0,17.0,4.0,8.0,10.0,8.0,3.0,7.0,1.0,3.0,0.0,0.0
2580,28,14,0,0.0,0.0,1,13.0,3.0,3.0,0.0,8.0,9.0,5.0,2.0,2.0,1.0,0.0,0.0
2581,9,0,0,2.0,1.0,0,13.0,15.0,6.0,7.0,13.0,12.0,6.0,11.0,3.0,3.0,0.0,0.0
2582,26,31,0,1.0,0.0,0,14.0,7.0,3.0,2.0,7.0,9.0,8.0,3.0,0.0,0.0,0.0,0.0
2583,11,18,0,0.0,1.0,2,21.0,10.0,8.0,4.0,9.0,12.0,10.0,4.0,1.0,1.0,0.0,1.0
2584,42,20,0,1.0,0.0,0,15.0,3.0,7.0,3.0,6.0,8.0,8.0,1.0,1.0,1.0,0.0,0.0
2585,25,6,1,0.0,1.0,2,23.0,8.0,4.0,3.0,11.0,7.0,13.0,1.0,2.0,1.0,0.0,0.0
2586,43,44,0,0.0,0.0,1,15.0,9.0,4.0,2.0,11.0,12.0,4.0,6.0,2.0,0.0,0.0,0.0
2587,41,45,0,2.0,0.0,0,9.0,7.0,8.0,2.0,9.0,14.0,4.0,5.0,0.0,3.0,0.0,0.0
2588,38,39,1,0.0,0.0,1,18.0,12.0,6.0,3.0,8.0,13.0,15.0,4.0,0.0,1.0,0.0,0.0
2589,0,28,2,0.0,3.0,2,10.0,9.0,5.0,5.0,11.0,11.0,6.0,1.0,1.0,1.0,0.0,0.0
2590,16,42,2,0.0,0.0,1,5.0,14.0,3.0,4.0,12.0,5.0,2.0,13.0,0.0,1.0,0.0,0.0
2591,29,14,0,1.0,1.0,1,10.0,14.0,5.0,7.0,13.0,12.0,3.0,4.0,2.0,2.0,0.0,0.0
2592,44,20,2,0.0,0.0,1,10.0,16.0,3.0,7.0,11.0,9.0,6.0,3.0,1.0,1.0,0.0,0.0
2593,9,41,0,1.0,0.0,0,16.0,11.0,5.0,1.0,17.0,6.0,3.0,5.0,1.0,0.0,0.0,0.0
2594,26,45,0,1.0,0.0,0,21.0,7.0,12.0,4.0,7.0,7.0,8.0,2.0,0.0,2.0,0.0,0.0
2595,11,38,1,0.0,0.0,1,9.0,13.0,3.0,6.0,8.0,14.0,7.0,5.0,1.0,0.0,0.0,0.0
2596,6,31,1,0.0,2.0,2,18.0,15.0,5.0,4.0,12.0,10.0,8.0,1.0,1.0,4.0,0.0,0.0
2597,25,39,1,0.0,1.0,2,19.0,6.0,9.0,2.0,10.0,16.0,13.0,1.0,1.0,3.0,0.0,0.0
2598,43,18,0,0.0,0.0,1,13.0,7.0,5.0,2.0,10.0,9.0,6.0,5.0,3.0,1.0,0.0,0.0
2599,14,44,0,1.0,0.0,0,20.0,8.0,8.0,1.0,11.0,11.0,8.0,7.0,0.0,2.0,0.0,0.0
2600,38,26,2,0.0,2.0,2,6.0,16.0,4.0,4.0,5.0,8.0,3.0,1.0,1.0,2.0,0.0,0.0
2601,31,29,0,0.0,0.0,1,10.0,13.0,3.0,6.0,12.0,15.0,0.0,10.0,0.0,2.0,0.0,0.0
2602,20,6,0,2.0,1.0,0,15.0,7.0,4.0,2.0,12.0,12.0,2.0,6.0,0.0,3.0,0.0,0.0
2603,18,16,0,0.0,0.0,1,11.0,16.0,5.0,4.0,14.0,15.0,8.0,7.0,1.0,1.0,0.0,0.0
2604,39,9,1,0.0,1.0,2,15.0,14.0,3.0,6.0,6.0,10.0,7.0,4.0,0.0,0.0,0.0,0.0
2605,42,0,0,0.0,0.0,1,18.0,6.0,6.0,1.0,13.0,9.0,10.0,2.0,2.0,1.0,0.0,0.0
2606,28,25,0,1.0,1.0,1,19.0,2.0,11.0,2.0,10.0,12.0,8.0,2.0,2.0,3.0,0.0,0.0
2607,45,43,0,1.0,0.0,0,8.0,11.0,4.0,4.0,11.0,7.0,8.0,7.0,1.0,1.0,0.0,0.0
2608,41,11,0,0.0,0.0,1,12.0,13.0,4.0,1.0,10.0,9.0,5.0,2.0,2.0,1.0,0.0,0.0
2609,43,14,0,1.0,0.0,0,21.0,7.0,8.0,3.0,11.0,8.0,6.0,2.0,2.0,2.0,0.0,1.0
2610,26,42,1,1.0,0.0,0,9.0,13.0,3.0,6.0,15.0,9.0,3.0,7.0,3.0,1.0,0.0,0.0
2611,16,31,1,0.0,1.0,2,21.0,11.0,6.0,8.0,11.0,8.0,5.0,6.0,1.0,1.0,0.0,0.0
2612,6,39,0,0.0,1.0,2,15.0,13.0,8.0,4.0,14.0,19.0,8.0,1.0,2.0,3.0,0.0,0.0
2613,44,38,2,1.0,2.0,2,9.0,13.0,3.0,5.0,12.0,10.0,5.0,7.0,2.0,1.0,0.0,0.0
2614,9,45,0,1.0,1.0,1,21.0,4.0,5.0,1.0,11.0,7.0,4.0,1.0,3.0,1.0,0.0,0.0
2615,0,18,0,4.0,0.0,0,15.0,11.0,7.0,2.0,8.0,8.0,4.0,6.0,2.0,0.0,0.0,0.0
2616,29,20,0,0.0,0.0,1,16.0,4.0,7.0,0.0,5.0,19.0,5.0,2.0,2.0,4.0,0.0,0.0
2617,25,41,1,1.0,0.0,0,13.0,3.0,5.0,1.0,9.0,8.0,3.0,3.0,1.0,0.0,0.0,0.0
2618,11,28,1,0.0,1.0,2,8.0,20.0,3.0,7.0,9.0,6.0,3.0,13.0,4.0,1.0,0.0,0.0
2619,42,29,0,2.0,0.0,0,22.0,6.0,6.0,3.0,10.0,13.0,6.0,3.0,2.0,2.0,0.0,0.0
2620,31,11,1,0.0,0.0,1,14.0,11.0,4.0,2.0,15.0,15.0,7.0,4.0,1.0,2.0,0.0,0.0
2621,39,43,1,0.0,0.0,1,11.0,12.0,4.0,2.0,12.0,12.0,2.0,6.0,4.0,3.0,0.0,0.0
2622,18,25,0,2.0,0.0,0,9.0,8.0,4.0,1.0,9.0,10.0,5.0,5.0,0.0,2.0,0.0,0.0
2623,28,44,0,1.0,0.0,0,19.0,3.0,10.0,1.0,10.0,10.0,9.0,1.0,1.0,3.0,0.0,0.0
2624,38,9,1,0.0,1.0,2,18.0,9.0,3.0,2.0,8.0,10.0,7.0,2.0,3.0,1.0,0.0,0.0
2625,14,6,2,0.0,0.0,1,21.0,11.0,5.0,5.0,5.0,12.0,8.0,5.0,1.0,0.0,0.0,0.0
2626,45,16,1,1.0,1.0,1,8.0,9.0,3.0,3.0,11.0,15.0,5.0,3.0,1.0,3.0,0.0,0.0
2627,41,0,0,1.0,1.0,1,12.0,9.0,4.0,4.0,4.0,8.0,4.0,3.0,0.0,3.0,0.0,0.0
2628,20,26,2,0.0,2.0,2,5.0,14.0,1.0,7.0,8.0,8.0,1.0,4.0,0.0,0.0,0.0,0.0
2629,41,26,0,1.0,0.0,0,3.0,21.0,2.0,4.0,5.0,9.0,3.0,9.0,0.0,2.0,0.0,0.0
2630,38,42,1,1.0,1.0,1,10.0,17.0,4.0,2.0,8.0,15.0,2.0,9.0,2.0,3.0,0.0,0.0
2631,0,16,0,4.0,0.0,0,16.0,9.0,10.0,5.0,6.0,8.0,5.0,10.0,0.0,0.0,0.0,0.0
2632,25,43,0,1.0,0.0,0,9.0,11.0,5.0,3.0,11.0,10.0,4.0,5.0,0.0,0.0,0.0,0.0
2633,45,6,1,0.0,0.0,1,12.0,8.0,4.0,3.0,8.0,7.0,6.0,3.0,3.0,1.0,0.0,0.0
2634,18,44,1,0.0,1.0,2,9.0,15.0,4.0,5.0,15.0,10.0,0.0,3.0,2.0,1.0,0.0,0.0
2635,11,29,2,0.0,0.0,1,13.0,12.0,2.0,2.0,7.0,12.0,5.0,4.0,3.0,3.0,0.0,0.0
2636,28,31,0,1.0,0.0,0,21.0,6.0,9.0,4.0,5.0,10.0,18.0,0.0,0.0,1.0,0.0,0.0
2637,9,14,2,0.0,2.0,2,10.0,14.0,3.0,10.0,12.0,5.0,5.0,3.0,3.0,0.0,0.0,0.0
2638,39,20,0,0.0,0.0,1,11.0,6.0,6.0,3.0,18.0,13.0,3.0,2.0,1.0,1.0,0.0,0.0
2639,29,39,0,2.0,0.0,0,20.0,11.0,9.0,5.0,14.0,10.0,6.0,1.0,2.0,1.0,0.0,0.0
2640,26,28,0,1.0,1.0,1,16.0,11.0,7.0,4.0,10.0,7.0,5.0,6.0,2.0,3.0,0.0,0.0
2641,6,0,0,0.0,0.0,1,13.0,12.0,5.0,3.0,8.0,10.0,4.0,5.0,2.0,2.0,0.0,0.0
2642,20,45,2,1.0,1.0,1,8.0,8.0,2.0,6.0,7.0,9.0,7.0,3.0,1.0,1.0,0.0,0.0
2643,43,38,1,0.0,2.0,2,16.0,10.0,4.0,4.0,11.0,13.0,5.0,4.0,0.0,5.0,0.0,0.0
2644,44,9,0,1.0,0.0,0,15.0,13.0,4.0,1.0,8.0,15.0,9.0,6.0,0.0,0.0,0.0,0.0
2645,16,11,0,1.0,0.0,0,17.0,8.0,2.0,2.0,16.0,10.0,3.0,2.0,0.0,3.0,0.0,0.0
2646,42,18,0,1.0,0.0,0,20.0,7.0,10.0,0.0,11.0,15.0,3.0,3.0,0.0,2.0,0.0,0.0
2647,31,41,1,0.0,0.0,1,12.0,8.0,4.0,5.0,11.0,10.0,4.0,5.0,0.0,3.0,0.0,0.0
2648,14,25,1,0.0,0.0,1,17.0,14.0,7.0,1.0,14.0,13.0,6.0,3.0,2.0,2.0,0.0,1.0
2649,42,45,1,0.0,0.0,1,31.0,3.0,8.0,1.0,10.0,6.0,7.0,1.0,0.0,2.0,0.0,0.0
2650,0,14,1,0.0,0.0,1,14.0,19.0,6.0,6.0,11.0,11.0,10.0,8.0,3.0,2.0,0.0,0.0
2651,28,43,0,2.0,0.0,0,17.0,7.0,7.0,4.0,8.0,12.0,9.0,1.0,1.0,1.0,0.0,0.0
2652,38,16,2,1.0,0.0,0,10.0,11.0,3.0,4.0,8.0,11.0,4.0,7.0,0.0,1.0,0.0,0.0
2653,41,42,2,0.0,1.0,2,8.0,12.0,1.0,5.0,12.0,9.0,6.0,5.0,2.0,2.0,0.0,0.0
2654,45,44,0,0.0,1.0,2,13.0,10.0,5.0,3.0,12.0,12.0,3.0,4.0,3.0,2.0,0.0,0.0
2655,9,6,1,1.0,1.0,1,15.0,26.0,6.0,8.0,13.0,9.0,5.0,12.0,2.0,1.0,0.0,0.0
2656,11,26,2,0.0,0.0,1,13.0,19.0,4.0,5.0,4.0,12.0,3.0,9.0,0.0,0.0,0.0,0.0
2657,39,31,2,0.0,0.0,1,11.0,14.0,4.0,6.0,10.0,11.0,10.0,5.0,3.0,1.0,0.0,0.0
2658,25,20,0,0.0,0.0,1,11.0,6.0,5.0,1.0,7.0,9.0,4.0,1.0,1.0,1.0,0.0,0.0
2659,18,29,2,0.0,0.0,1,12.0,21.0,0.0,6.0,11.0,10.0,6.0,6.0,2.0,0.0,0.0,0.0
2660,44,0,1,0.0,0.0,1,14.0,14.0,3.0,4.0,14.0,9.0,5.0,6.0,3.0,3.0,0.0,0.0
2661,16,28,1,0.0,0.0,1,10.0,15.0,1.0,4.0,14.0,11.0,7.0,8.0,5.0,4.0,0.0,0.0
2662,6,18,0,1.0,0.0,0,19.0,6.0,7.0,1.0,8.0,13.0,4.0,4.0,0.0,0.0,0.0,0.0
2663,43,41,2,1.0,0.0,0,9.0,9.0,4.0,4.0,14.0,13.0,1.0,8.0,4.0,2.0,0.0,0.0
2664,31,9,1,0.0,0.0,1,11.0,10.0,2.0,3.0,11.0,10.0,3.0,6.0,2.0,2.0,0.0,0.0
2665,26,25,0,0.0,1.0,2,17.0,7.0,6.0,1.0,7.0,3.0,7.0,1.0,3.0,2.0,0.0,0.0
2666,29,38,1,0.0,0.0,1,15.0,8.0,3.0,3.0,12.0,13.0,10.0,7.0,2.0,4.0,0.0,0.0
2667,20,11,1,0.0,0.0,1,3.0,11.0,1.0,4.0,14.0,14.0,5.0,4.0,2.0,1.0,0.0,0.0
2668,14,39,0,3.0,0.0,0,21.0,1.0,12.0,1.0,5.0,10.0,7.0,0.0,1.0,1.0,0.0,0.0
2669,16,0,2,0.0,1.0,2,16.0,16.0,2.0,9.0,12.0,7.0,5.0,4.0,0.0,1.0,0.0,0.0
2670,31,28,2,0.0,1.0,2,6.0,22.0,2.0,6.0,11.0,6.0,3.0,8.0,1.0,0.0,0.0,0.0
2671,14,9,0,0.0,0.0,1,25.0,8.0,8.0,1.0,8.0,8.0,13.0,1.0,0.0,1.0,0.0,0.0
2672,42,38,0,2.0,0.0,0,16.0,16.0,7.0,6.0,8.0,15.0,3.0,8.0,0.0,2.0,0.0,0.0
2673,43,25,0,1.0,1.0,1,11.0,11.0,1.0,5.0,7.0,13.0,8.0,8.0,3.0,3.0,0.0,0.0
2674,6,45,1,1.0,1.0,1,26.0,10.0,10.0,5.0,12.0,14.0,7.0,4.0,3.0,4.0,0.0,0.0
2675,20,39,1,1.0,0.0,0,18.0,15.0,8.0,7.0,9.0,12.0,8.0,5.0,2.0,4.0,0.0,0.0
2676,26,41,0,1.0,0.0,0,22.0,7.0,9.0,4.0,5.0,8.0,4.0,2.0,0.0,1.0,0.0,0.0
2677,29,11,1,0.0,2.0,2,23.0,3.0,6.0,2.0,10.0,14.0,12.0,2.0,3.0,7.0,0.0,0.0
2678,44,18,1,0.0,0.0,1,17.0,7.0,3.0,3.0,14.0,13.0,10.0,2.0,2.0,0.0,0.0,0.0
2679,11,42,2,0.0,1.0,2,5.0,18.0,2.0,8.0,10.0,10.0,4.0,4.0,1.0,2.0,0.0,0.0
2680,25,29,1,1.0,1.0,1,11.0,19.0,3.0,6.0,19.0,8.0,4.0,6.0,2.0,2.0,1.0,0.0
2681,45,31,2,1.0,1.0,1,19.0,11.0,6.0,4.0,9.0,12.0,6.0,3.0,1.0,1.0,0.0,0.0
2682,9,43,0,0.0,0.0,1,14.0,13.0,3.0,1.0,8.0,11.0,6.0,4.0,0.0,0.0,0.0,0.0
2683,28,6,0,1.0,0.0,0,14.0,5.0,5.0,1.0,8.0,7.0,4.0,6.0,0.0,1.0,0.0,0.0
2684,38,20,1,1.0,0.0,0,12.0,10.0,6.0,3.0,16.0,9.0,9.0,1.0,2.0,1.0,0.0,0.0
2685,18,14,1,0.0,0.0,1,5.0,25.0,0.0,8.0,8.0,4.0,2.0,7.0,3.0,0.0,0.0,0.0
2686,39,44,0,2.0,0.0,0,9.0,17.0,5.0,7.0,9.0,11.0,1.0,11.0,1.0,0.0,0.0,0.0
2687,41,16,1,0.0,0.0,1,7.0,13.0,2.0,5.0,13.0,11.0,6.0,3.0,2.0,3.0,0.0,0.0
2688,0,26,1,0.0,1.0,2,11.0,14.0,4.0,9.0,9.0,11.0,7.0,8.0,1.0,0.0,0.0,0.0
2689,18,41,0,1.0,1.0,1,12.0,8.0,7.0,3.0,12.0,12.0,6.0,3.0,2.0,3.0,0.0,0.0
2690,44,29,2,0.0,2.0,2,12.0,8.0,5.0,3.0,14.0,7.0,6.0,3.0,1.0,3.0,0.0,0.0
2691,6,26,2,0.0,3.0,2,6.0,21.0,2.0,7.0,5.0,10.0,2.0,3.0,1.0,1.0,0.0,0.0
2692,39,45,2,0.0,1.0,2,17.0,14.0,0.0,7.0,12.0,13.0,7.0,9.0,2.0,1.0,0.0,0.0
2693,14,38,0,1.0,0.0,0,24.0,6.0,8.0,2.0,8.0,16.0,8.0,4.0,1.0,3.0,0.0,0.0
2694,43,20,2,0.0,2.0,2,13.0,15.0,3.0,9.0,12.0,17.0,8.0,7.0,2.0,1.0,1.0,1.0
2695,0,31,0,1.0,0.0,0,23.0,10.0,5.0,2.0,13.0,9.0,7.0,5.0,2.0,1.0,0.0,0.0
2696,28,42,0,1.0,0.0,0,20.0,7.0,11.0,2.0,13.0,20.0,5.0,1.0,2.0,4.0,0.0,0.0
2697,9,11,1,0.0,0.0,1,12.0,11.0,2.0,6.0,13.0,13.0,8.0,2.0,4.0,2.0,0.0,0.0
2698,25,16,2,0.0,2.0,2,11.0,13.0,2.0,6.0,12.0,13.0,6.0,4.0,2.0,2.0,1.0,0.0
2699,31,18,2,0.0,1.0,2,16.0,7.0,4.0,4.0,10.0,11.0,4.0,1.0,1.0,2.0,1.0,0.0
2700,26,44,1,0.0,0.0,1,14.0,6.0,5.0,1.0,16.0,6.0,5.0,7.0,1.0,0.0,0.0,0.0
2701,42,9,0,1.0,0.0,0,25.0,7.0,8.0,4.0,5.0,10.0,10.0,2.0,1.0,1.0,0.0,0.0
2702,29,6,0,1.0,0.0,0,9.0,14.0,2.0,7.0,14.0,12.0,4.0,9.0,1.0,2.0,0.0,0.0
2703,45,0,1,0.0,0.0,1,6.0,22.0,0.0,3.0,9.0,9.0,1.0,7.0,1.0,0.0,0.0,0.0
2704,41,28,2,0.0,2.0,2,7.0,23.0,3.0,10.0,12.0,6.0,2.0,5.0,0.0,0.0,0.0,0.0
2705,38,25,2,0.0,3.0,2,12.0,16.0,4.0,11.0,13.0,9.0,9.0,9.0,1.0,0.0,0.0,0.0
2706,16,43,0,0.0,1.0,2,14.0,7.0,4.0,2.0,14.0,18.0,4.0,6.0,2.0,1.0,0.0,1.0
2707,11,39,0,0.0,0.0,1,10.0,14.0,2.0,7.0,6.0,14.0,6.0,4.0,0.0,0.0,0.0,0.0
2708,20,14,2,0.0,2.0,2,7.0,12.0,2.0,5.0,11.0,4.0,1.0,3.0,0.0,0.0,0.0,0.0
2709,26,18,1,1.0,0.0,0,23.0,3.0,3.0,2.0,8.0,11.0,12.0,1.0,1.0,3.0,0.0,0.0
2710,38,0,1,1.0,0.0,0,6.0,11.0,3.0,6.0,12.0,10.0,4.0,5.0,2.0,2.0,0.0,0.0
2711,29,28,2,1.0,1.0,1,8.0,14.0,5.0,7.0,16.0,10.0,2.0,8.0,4.0,2.0,0.0,0.0
2712,11,43,0,1.0,0.0,0,8.0,11.0,5.0,2.0,10.0,12.0,3.0,5.0,1.0,0.0,0.0,1.0
2713,20,9,0,2.0,0.0,0,19.0,7.0,6.0,2.0,6.0,10.0,8.0,1.0,0.0,0.0,0.0,0.0
2714,45,14,0,1.0,0.0,0,5.0,19.0,2.0,2.0,10.0,10.0,4.0,3.0,6.0,1.0,0.0,0.0
2715,16,6,1,2.0,2.0,1,24.0,11.0,8.0,5.0,14.0,14.0,6.0,3.0,5.0,2.0,0.0,0.0
2716,31,25,2,1.0,1.0,1,10.0,13.0,4.0,5.0,10.0,9.0,6.0,5.0,2.0,1.0,0.0,0.0
2717,42,39,0,1.0,0.0,0,20.0,4.0,11.0,3.0,12.0,9.0,12.0,6.0,1.0,0.0,0.0,0.0
2718,41,44,0,0.0,0.0,1,18.0,7.0,3.0,1.0,8.0,18.0,6.0,3.0,2.0,5.0,0.0,0.0
2719,28,45,0,0.0,1.0,2,24.0,7.0,8.0,4.0,5.0,7.0,10.0,4.0,2.0,2.0,0.0,0.0
2720,6,38,1,1.0,0.0,0,16.0,15.0,5.0,4.0,6.0,12.0,5.0,4.0,2.0,1.0,0.0,0.0
2721,18,20,0,0.0,0.0,1,6.0,5.0,4.0,3.0,12.0,9.0,2.0,5.0,2.0,1.0,0.0,0.0
2722,39,41,0,2.0,1.0,0,10.0,10.0,3.0,3.0,12.0,10.0,2.0,6.0,2.0,0.0,0.0,0.0
2723,25,11,0,1.0,0.0,0,16.0,14.0,3.0,4.0,3.0,11.0,10.0,7.0,0.0,2.0,0.0,0.0
2724,14,31,0,2.0,1.0,0,23.0,8.0,9.0,2.0,8.0,13.0,11.0,4.0,0.0,1.0,0.0,0.0
2725,43,42,1,1.0,1.0,1,6.0,8.0,2.0,2.0,16.0,8.0,7.0,2.0,4.0,1.0,0.0,1.0
2726,0,29,2,0.0,2.0,2,33.0,8.0,15.0,4.0,11.0,10.0,12.0,1.0,3.0,2.0,0.0,1.0
2727,44,16,1,0.0,0.0,1,20.0,10.0,6.0,2.0,11.0,10.0,3.0,7.0,3.0,1.0,0.0,0.0
2728,9,26,2,0.0,2.0,2,6.0,12.0,2.0,6.0,8.0,7.0,2.0,2.0,1.0,0.0,0.0,0.0
2729,28,38,0,0.0,0.0,1,26.0,7.0,12.0,2.0,12.0,11.0,6.0,5.0,1.0,1.0,0.0,0.0
2730,18,45,0,2.0,0.0,0,8.0,7.0,5.0,3.0,16.0,6.0,2.0,6.0,2.0,1.0,0.0,0.0
2731,39,26,2,0.0,1.0,2,10.0,14.0,1.0,7.0,8.0,10.0,5.0,9.0,1.0,5.0,0.0,0.0
2732,6,11,2,0.0,1.0,2,10.0,10.0,2.0,4.0,9.0,11.0,4.0,6.0,0.0,1.0,0.0,0.0
2733,14,41,0,0.0,0.0,1,21.0,2.0,10.0,0.0,10.0,7.0,15.0,1.0,1.0,0.0,0.0,0.0
2734,0,20,0,1.0,0.0,0,21.0,7.0,7.0,2.0,10.0,12.0,7.0,2.0,0.0,1.0,0.0,0.0
2735,25,42,0,2.0,0.0,0,7.0,18.0,4.0,6.0,7.0,10.0,4.0,9.0,1.0,2.0,0.0,0.0
2736,9,16,1,0.0,0.0,1,10.0,10.0,4.0,4.0,13.0,8.0,10.0,5.0,2.0,0.0,0.0,0.0
2737,43,29,2,0.0,3.0,2,12.0,15.0,3.0,7.0,12.0,10.0,5.0,5.0,2.0,1.0,0.0,0.0
2738,44,31,1,1.0,0.0,0,8.0,14.0,4.0,4.0,13.0,12.0,1.0,6.0,0.0,0.0,0.0,0.0
2739,20,28,2,1.0,0.0,0,4.0,14.0,0.0,5.0,10.0,10.0,3.0,7.0,2.0,3.0,1.0,0.0
2740,11,0,2,0.0,0.0,1,8.0,17.0,2.0,2.0,8.0,14.0,5.0,5.0,2.0,0.0,0.0,0.0
2741,38,18,0,1.0,1.0,1,17.0,5.0,5.0,2.0,6.0,13.0,7.0,2.0,0.0,0.0,0.0,0.0
2742,16,39,0,0.0,0.0,1,10.0,9.0,5.0,3.0,9.0,5.0,5.0,2.0,1.0,1.0,0.0,0.0
2743,29,9,0,0.0,0.0,1,15.0,8.0,4.0,2.0,9.0,9.0,5.0,0.0,0.0,2.0,0.0,0.0
2744,31,43,2,0.0,2.0,2,12.0,12.0,2.0,4.0,8.0,13.0,6.0,3.0,1.0,2.0,0.0,0.0
2745,42,44,1,0.0,1.0,2,24.0,5.0,5.0,2.0,10.0,13.0,8.0,0.0,1.0,4.0,0.0,0.0
2746,41,6,1,0.0,0.0,1,10.0,9.0,1.0,5.0,18.0,6.0,4.0,5.0,4.0,2.0,0.0,0.0
2747,26,14,1,0.0,0.0,1,16.0,11.0,4.0,3.0,10.0,7.0,7.0,8.0,0.0,0.0,0.0,0.0
2748,45,25,1,1.0,1.0,1,8.0,7.0,4.0,2.0,9.0,12.0,5.0,5.0,1.0,1.0,0.0,0.0
2749,9,39,1,1.0,2.0,2,9.0,13.0,3.0,6.0,13.0,5.0,6.0,7.0,1.0,0.0,0.0,0.0
2750,43,45,0,1.0,0.0,0,17.0,10.0,7.0,6.0,13.0,10.0,3.0,1.0,1.0,4.0,0.0,0.0
2751,44,14,2,0.0,3.0,2,7.0,11.0,2.0,7.0,13.0,12.0,3.0,4.0,2.0,3.0,0.0,0.0
2752,29,31,0,2.0,1.0,0,16.0,12.0,7.0,5.0,10.0,9.0,11.0,4.0,1.0,1.0,0.0,0.0
2753,6,20,0,2.0,0.0,0,11.0,20.0,5.0,3.0,13.0,10.0,8.0,11.0,3.0,2.0,1.0,0.0
2754,26,38,0,2.0,0.0,0,21.0,5.0,8.0,0.0,15.0,9.0,10.0,2.0,1.0,1.0,0.0,0.0
2755,11,41,0,2.0,0.0,0,16.0,13.0,7.0,1.0,12.0,12.0,8.0,6.0,1.0,1.0,0.0,0.0
2756,16,18,1,2.0,2.0,1,16.0,8.0,7.0,5.0,9.0,26.0,9.0,4.0,2.0,3.0,0.0,0.0
2757,0,42,0,2.0,0.0,0,14.0,14.0,5.0,4.0,11.0,16.0,7.0,4.0,4.0,1.0,0.0,0.0
2758,25,28,2,0.0,1.0,2,2.0,12.0,0.0,4.0,8.0,10.0,1.0,7.0,1.0,1.0,0.0,0.0
2759,14,29,0,0.0,0.0,1,18.0,10.0,8.0,2.0,16.0,20.0,4.0,7.0,1.0,3.0,0.0,0.0
2760,28,0,0,1.0,0.0,0,9.0,6.0,5.0,3.0,15.0,15.0,5.0,5.0,1.0,6.0,0.0,0.0
2761,18,43,0,0.0,0.0,1,10.0,11.0,5.0,3.0,14.0,12.0,2.0,5.0,0.0,2.0,0.0,0.0
2762,42,16,0,0.0,0.0,1,12.0,11.0,2.0,3.0,6.0,7.0,10.0,9.0,0.0,2.0,0.0,0.0
2763,31,6,2,0.0,0.0,1,16.0,16.0,4.0,6.0,11.0,12.0,11.0,9.0,2.0,2.0,0.0,0.0
2764,45,26,2,0.0,2.0,2,6.0,15.0,1.0,7.0,9.0,13.0,2.0,3.0,3.0,0.0,0.0,0.0
2765,20,44,0,1.0,0.0,0,7.0,9.0,3.0,3.0,8.0,15.0,3.0,5.0,1.0,4.0,1.0,0.0
2766,39,25,1,1.0,1.0,1,11.0,14.0,7.0,4.0,12.0,8.0,4.0,10.0,0.0,0.0,0.0,0.0
2767,41,9,2,0.0,1.0,2,12.0,5.0,2.0,2.0,13.0,12.0,8.0,7.0,2.0,1.0,0.0,0.0
2768,38,11,2,0.0,0.0,1,13.0,5.0,3.0,1.0,4.0,4.0,9.0,1.0,0.0,0.0,0.0,0.0
2769,11,31,0,0.0,0.0,1,12.0,12.0,5.0,5.0,9.0,10.0,5.0,3.0,3.0,0.0,0.0,0.0
2770,25,18,0,2.0,0.0,0,9.0,16.0,3.0,2.0,6.0,10.0,3.0,10.0,0.0,2.0,0.0,0.0
2771,9,38,1,0.0,1.0,2,7.0,6.0,2.0,1.0,9.0,10.0,2.0,7.0,3.0,1.0,0.0,0.0
2772,26,20,0,0.0,0.0,1,16.0,1.0,8.0,0.0,10.0,8.0,9.0,2.0,0.0,1.0,0.0,0.0
2773,29,42,0,0.0,0.0,1,11.0,13.0,3.0,4.0,12.0,14.0,6.0,3.0,1.0,0.0,0.0,0.0
2774,6,14,2,0.0,0.0,1,7.0,18.0,1.0,5.0,5.0,5.0,5.0,5.0,2.0,0.0,0.0,0.0
2775,44,28,2,1.0,2.0,2,6.0,15.0,4.0,5.0,10.0,7.0,1.0,2.0,2.0,3.0,0.0,0.0
2776,16,45,1,0.0,2.0,2,19.0,6.0,9.0,2.0,18.0,15.0,11.0,2.0,1.0,2.0,0.0,0.0
2777,0,41,0,0.0,1.0,2,17.0,4.0,5.0,2.0,9.0,9.0,5.0,2.0,0.0,0.0,0.0,0.0
2778,43,39,2,0.0,1.0,2,13.0,6.0,0.0,2.0,10.0,9.0,8.0,1.0,4.0,4.0,0.0,0.0
2779,42,26,0,3.0,1.0,0,14.0,12.0,6.0,7.0,2.0,8.0,3.0,5.0,0.0,1.0,0.0,0.0
2780,18,0,2,1.0,1.0,1,8.0,30.0,3.0,14.0,14.0,14.0,0.0,7.0,1.0,1.0,1.0,0.0
2781,14,43,0,1.0,1.0,1,14.0,16.0,8.0,5.0,13.0,16.0,6.0,6.0,2.0,3.0,0.0,0.0
2782,20,29,0,2.0,0.0,0,5.0,9.0,3.0,3.0,10.0,12.0,4.0,7.0,4.0,2.0,0.0,0.0
2783,41,25,2,0.0,1.0,2,19.0,11.0,4.0,6.0,6.0,9.0,7.0,6.0,0.0,1.0,0.0,0.0
2784,31,16,0,0.0,0.0,1,7.0,10.0,3.0,0.0,12.0,14.0,3.0,5.0,4.0,2.0,0.0,0.0
2785,38,44,0,0.0,0.0,1,20.0,7.0,6.0,2.0,10.0,8.0,8.0,3.0,0.0,1.0,0.0,0.0
2786,28,11,0,1.0,0.0,0,15.0,6.0,10.0,0.0,10.0,6.0,4.0,5.0,2.0,3.0,0.0,0.0
2787,39,6,2,0.0,2.0,2,10.0,7.0,2.0,3.0,17.0,10.0,8.0,3.0,0.0,1.0,0.0,0.0
2788,45,9,2,0.0,2.0,2,16.0,7.0,2.0,5.0,5.0,13.0,10.0,3.0,1.0,0.0,0.0,0.0
2789,25,44,1,0.0,0.0,1,11.0,5.0,3.0,1.0,13.0,6.0,4.0,1.0,2.0,2.0,0.0,0.0
2790,38,31,1,0.0,1.0,2,12.0,19.0,2.0,5.0,11.0,12.0,3.0,8.0,1.0,2.0,0.0,0.0
2791,9,18,1,0.0,0.0,1,12.0,13.0,3.0,6.0,12.0,10.0,7.0,1.0,4.0,1.0,0.0,0.0
2792,43,0,0,0.0,1.0,2,11.0,9.0,2.0,6.0,8.0,10.0,2.0,5.0,1.0,0.0,0.0,0.0
2793,16,14,0,2.0,1.0,0,14.0,15.0,5.0,5.0,7.0,6.0,5.0,8.0,2.0,1.0,0.0,0.0
2794,11,45,1,0.0,1.0,2,20.0,8.0,5.0,6.0,11.0,14.0,7.0,4.0,2.0,2.0,0.0,1.0
2795,26,29,1,0.0,0.0,1,19.0,6.0,5.0,1.0,7.0,13.0,7.0,3.0,0.0,2.0,0.0,0.0
2796,41,20,0,1.0,0.0,0,7.0,7.0,3.0,2.0,12.0,16.0,5.0,3.0,1.0,5.0,0.0,0.0
2797,28,39,0,3.0,1.0,0,20.0,5.0,11.0,1.0,5.0,8.0,5.0,0.0,0.0,1.0,0.0,0.0
2798,42,6,0,0.0,0.0,1,18.0,5.0,6.0,1.0,9.0,7.0,9.0,5.0,1.0,3.0,0.0,0.0
2799,31,26,1,1.0,1.0,1,8.0,17.0,5.0,2.0,11.0,6.0,1.0,5.0,1.0,1.0,0.0,0.0
2800,0,9,0,1.0,0.0,0,25.0,9.0,12.0,1.0,7.0,8.0,6.0,5.0,0.0,2.0,0.0,0.0
2801,18,11,2,0.0,1.0,2,23.0,5.0,4.0,2.0,14.0,7.0,9.0,3.0,2.0,2.0,0.0,0.0
2802,44,43,1,2.0,1.0,0,9.0,15.0,4.0,3.0,12.0,11.0,7.0,6.0,3.0,0.0,0.0,0.0
2803,39,38,0,1.0,0.0,0,17.0,21.0,6.0,3.0,11.0,10.0,5.0,6.0,1.0,2.0,0.0,0.0
2804,20,42,2,0.0,3.0,2,6.0,14.0,1.0,7.0,7.0,4.0,4.0,7.0,1.0,1.0,0.0,0.0
2805,6,25,1,0.0,0.0,1,19.0,8.0,4.0,1.0,6.0,10.0,7.0,5.0,1.0,0.0,0.0,0.0
2806,29,16,0,2.0,0.0,0,18.0,6.0,7.0,1.0,6.0,9.0,6.0,5.0,0.0,0.0,0.0,0.0
2807,14,28,2,0.0,0.0,1,4.0,17.0,2.0,6.0,8.0,13.0,4.0,8.0,0.0,2.0,0.0,0.0
2808,45,41,0,0.0,0.0,1,9.0,6.0,4.0,1.0,15.0,13.0,2.0,1.0,3.0,2.0,0.0,0.0
2809,0,44,0,1.0,0.0,0,16.0,7.0,6.0,3.0,8.0,17.0,7.0,4.0,1.0,4.0,0.0,0.0
2810,9,31,0,0.0,0.0,1,7.0,17.0,3.0,5.0,6.0,8.0,2.0,8.0,2.0,1.0,0.0,0.0
2811,45,42,2,0.0,2.0,2,10.0,15.0,4.0,5.0,10.0,20.0,4.0,3.0,4.0,2.0,0.0,1.0
2812,28,16,0,1.0,0.0,0,25.0,5.0,9.0,0.0,6.0,7.0,8.0,2.0,3.0,1.0,0.0,0.0
2813,41,43,2,0.0,1.0,2,10.0,8.0,3.0,4.0,9.0,16.0,5.0,4.0,1.0,3.0,0.0,0.0
2814,18,6,0,0.0,0.0,1,12.0,8.0,4.0,4.0,12.0,11.0,4.0,6.0,3.0,1.0,0.0,0.0
2815,39,14,2,0.0,2.0,2,13.0,7.0,2.0,4.0,5.0,14.0,5.0,0.0,2.0,2.0,0.0,0.0
2816,11,20,1,0.0,0.0,1,5.0,9.0,3.0,2.0,9.0,13.0,3.0,4.0,3.0,2.0,0.0,0.0
2817,38,29,2,0.0,1.0,2,14.0,9.0,4.0,4.0,12.0,9.0,8.0,4.0,1.0,4.0,0.0,0.0
2818,25,26,2,1.0,2.0,2,12.0,23.0,7.0,6.0,13.0,14.0,3.0,6.0,3.0,3.0,0.0,0.0
2819,14,0,1,0.0,0.0,1,13.0,11.0,4.0,2.0,11.0,15.0,5.0,1.0,1.0,3.0,1.0,0.0
2820,29,18,0,1.0,0.0,0,16.0,7.0,7.0,3.0,15.0,14.0,4.0,1.0,1.0,1.0,0.0,0.0
2821,20,25,1,0.0,0.0,1,15.0,10.0,3.0,1.0,6.0,6.0,8.0,4.0,1.0,1.0,0.0,0.0
2822,43,28,2,0.0,3.0,2,7.0,28.0,1.0,10.0,8.0,6.0,3.0,11.0,2.0,0.0,0.0,0.0
2823,26,11,1,1.0,1.0,1,35.0,5.0,9.0,4.0,7.0,9.0,12.0,2.0,1.0,2.0,0.0,0.0
2824,44,45,1,0.0,0.0,1,6.0,9.0,1.0,1.0,15.0,7.0,2.0,3.0,2.0,2.0,0.0,0.0
2825,31,39,0,1.0,0.0,0,14.0,13.0,3.0,4.0,13.0,11.0,7.0,5.0,3.0,1.0,0.0,0.0
2826,16,38,2,0.0,1.0,2,14.0,13.0,3.0,4.0,14.0,13.0,5.0,5.0,5.0,1.0,0.0,0.0
2827,42,41,1,0.0,0.0,1,26.0,4.0,8.0,0.0,11.0,9.0,11.0,1.0,1.0,3.0,0.0,0.0
2828,6,9,0,0.0,0.0,1,15.0,9.0,3.0,2.0,5.0,12.0,6.0,4.0,0.0,0.0,0.0,0.0
2829,45,20,0,0.0,0.0,1,19.0,10.0,3.0,2.0,11.0,14.0,10.0,3.0,1.0,2.0,0.0,0.0
2830,41,31,2,0.0,0.0,1,10.0,16.0,4.0,8.0,11.0,15.0,7.0,5.0,2.0,3.0,0.0,0.0
2831,11,16,0,1.0,0.0,0,4.0,23.0,2.0,5.0,7.0,14.0,3.0,13.0,1.0,1.0,0.0,0.0
2832,38,43,2,0.0,1.0,2,9.0,12.0,1.0,3.0,8.0,11.0,7.0,4.0,0.0,0.0,0.0,0.0
2833,18,42,2,0.0,2.0,2,12.0,15.0,1.0,6.0,14.0,14.0,7.0,3.0,3.0,1.0,0.0,0.0
2834,28,26,0,2.0,0.0,0,13.0,10.0,7.0,3.0,10.0,9.0,8.0,3.0,2.0,2.0,0.0,1.0
2835,25,14,2,0.0,1.0,2,8.0,16.0,2.0,6.0,11.0,8.0,2.0,9.0,1.0,0.0,0.0,0.0
2836,0,6,0,2.0,0.0,0,17.0,7.0,9.0,2.0,14.0,10.0,10.0,3.0,0.0,1.0,0.0,0.0
2837,39,29,1,1.0,1.0,1,10.0,18.0,5.0,8.0,10.0,10.0,5.0,11.0,0.0,0.0,0.0,0.0
2838,9,44,0,1.0,0.0,0,12.0,12.0,6.0,3.0,9.0,4.0,2.0,6.0,2.0,0.0,0.0,0.0
2839,42,11,1,0.0,0.0,1,28.0,13.0,5.0,3.0,9.0,9.0,10.0,7.0,0.0,0.0,0.0,0.0
2840,26,0,0,2.0,0.0,0,18.0,8.0,10.0,0.0,6.0,9.0,4.0,3.0,2.0,4.0,0.0,0.0
2841,14,18,0,2.0,0.0,0,18.0,7.0,7.0,0.0,12.0,7.0,6.0,3.0,2.0,2.0,0.0,0.0
2842,44,39,1,0.0,0.0,1,10.0,16.0,2.0,2.0,10.0,9.0,10.0,4.0,2.0,2.0,0.0,0.0
2843,20,38,1,0.0,0.0,1,16.0,6.0,6.0,3.0,10.0,10.0,5.0,4.0,0.0,1.0,0.0,0.0
2844,31,45,0,1.0,0.0,0,16.0,8.0,8.0,3.0,17.0,11.0,7.0,5.0,1.0,3.0,0.0,0.0
2845,29,25,0,0.0,0.0,1,22.0,11.0,7.0,4.0,8.0,7.0,9.0,3.0,1.0,2.0,0.0,0.0
2846,16,41,2,0.0,1.0,2,16.0,7.0,3.0,3.0,9.0,6.0,1.0,1.0,4.0,1.0,0.0,0.0
2847,6,28,2,1.0,1.0,1,9.0,19.0,3.0,8.0,13.0,14.0,2.0,5.0,5.0,4.0,0.0,1.0
2848,43,9,1,0.0,0.0,1,8.0,16.0,0.0,2.0,7.0,18.0,3.0,11.0,0.0,1.0,1.0,0.0
2849,28,18,1,0.0,1.0,2,19.0,7.0,6.0,2.0,7.0,9.0,7.0,1.0,1.0,2.0,1.0,1.0
2850,42,14,2,0.0,1.0,2,18.0,9.0,6.0,2.0,14.0,21.0,14.0,3.0,3.0,3.0,0.0,0.0
2851,20,31,0,0.0,0.0,1,7.0,13.0,3.0,5.0,13.0,10.0,7.0,3.0,3.0,4.0,0.0,0.0
2852,26,16,0,0.0,0.0,1,23.0,4.0,13.0,1.0,12.0,13.0,4.0,2.0,1.0,3.0,0.0,0.0
2853,41,29,2,0.0,1.0,2,6.0,17.0,1.0,8.0,12.0,11.0,3.0,5.0,1.0,1.0,0.0,0.0
2854,25,9,0,1.0,0.0,0,14.0,5.0,4.0,2.0,8.0,10.0,6.0,2.0,1.0,0.0,0.0,0.0
2855,11,44,2,0.0,0.0,1,20.0,8.0,0.0,1.0,11.0,11.0,5.0,5.0,1.0,0.0,0.0,1.0
2856,38,45,0,2.0,1.0,0,14.0,16.0,5.0,8.0,18.0,10.0,7.0,2.0,1.0,1.0,0.0,1.0
2857,6,43,2,0.0,0.0,1,6.0,19.0,2.0,7.0,6.0,14.0,8.0,5.0,1.0,3.0,0.0,0.0
2858,39,0,0,0.0,0.0,1,11.0,18.0,4.0,6.0,6.0,11.0,2.0,9.0,0.0,0.0,0.0,0.0
2859,31,42,2,0.0,0.0,1,6.0,18.0,3.0,6.0,6.0,10.0,5.0,7.0,1.0,2.0,1.0,0.0
2860,29,45,0,1.0,0.0,0,22.0,9.0,6.0,1.0,19.0,7.0,11.0,1.0,2.0,2.0,0.0,0.0
2861,44,6,0,1.0,0.0,0,16.0,9.0,6.0,2.0,15.0,3.0,8.0,2.0,3.0,1.0,0.0,0.0
2862,14,11,2,0.0,3.0,2,19.0,10.0,6.0,5.0,16.0,11.0,8.0,5.0,3.0,3.0,2.0,0.0
2863,18,39,0,1.0,0.0,0,9.0,9.0,4.0,1.0,13.0,10.0,6.0,7.0,1.0,1.0,0.0,0.0
2864,9,28,2,0.0,0.0,1,6.0,14.0,2.0,4.0,6.0,9.0,3.0,10.0,0.0,2.0,0.0,0.0
2865,38,41,1,0.0,0.0,1,29.0,4.0,2.0,0.0,10.0,13.0,13.0,0.0,2.0,1.0,0.0,0.0
2866,43,26,1,2.0,1.0,0,9.0,14.0,4.0,5.0,14.0,8.0,3.0,3.0,0.0,3.0,0.0,0.0
2867,16,20,2,0.0,2.0,2,14.0,8.0,4.0,6.0,7.0,19.0,12.0,9.0,1.0,3.0,0.0,0.0
2868,0,25,0,2.0,2.0,1,27.0,6.0,10.0,3.0,9.0,12.0,9.0,4.0,0.0,1.0,0.0,0.0
2869,21,42,2,0.0,3.0,2,10.0,19.0,4.0,14.0,14.0,5.0,2.0,3.0,0.0,0.0,0.0,0.0
2870,41,44,0,0.0,1.0,2,12.0,16.0,2.0,5.0,8.0,10.0,7.0,4.0,1.0,1.0,0.0,0.0
2871,0,18,0,2.0,0.0,0,17.0,22.0,9.0,7.0,10.0,15.0,4.0,6.0,2.0,4.0,1.0,0.0
2872,14,40,0,1.0,1.0,1,28.0,7.0,8.0,3.0,8.0,15.0,11.0,1.0,1.0,1.0,0.0,0.0
2873,11,45,2,1.0,1.0,1,9.0,14.0,1.0,4.0,11.0,14.0,2.0,5.0,2.0,2.0,0.0,0.0
2874,26,30,0,1.0,0.0,0,25.0,9.0,10.0,3.0,13.0,8.0,3.0,3.0,0.0,1.0,0.0,0.0
2875,29,16,0,2.0,0.0,0,9.0,6.0,2.0,1.0,16.0,10.0,3.0,6.0,2.0,0.0,0.0,0.0
2876,38,39,2,0.0,0.0,1,14.0,14.0,6.0,3.0,12.0,10.0,4.0,10.0,2.0,4.0,0.0,0.0
2877,43,28,2,0.0,4.0,2,6.0,15.0,3.0,9.0,12.0,10.0,4.0,5.0,1.0,0.0,0.0,0.0
2878,25,6,1,0.0,1.0,2,21.0,10.0,5.0,4.0,11.0,10.0,9.0,1.0,4.0,1.0,0.0,0.0
2879,25,42,2,0.0,2.0,2,12.0,26.0,5.0,12.0,11.0,8.0,4.0,4.0,3.0,1.0,0.0,0.0
2880,38,29,1,0.0,0.0,1,17.0,11.0,6.0,1.0,7.0,10.0,7.0,3.0,2.0,1.0,0.0,0.0
2881,28,44,0,2.0,0.0,0,21.0,5.0,10.0,2.0,8.0,11.0,7.0,1.0,1.0,2.0,0.0,0.0
2882,0,40,0,0.0,0.0,1,36.0,6.0,13.0,2.0,15.0,10.0,17.0,3.0,4.0,2.0,0.0,0.0
2883,14,43,0,2.0,1.0,0,24.0,9.0,9.0,3.0,7.0,12.0,8.0,3.0,2.0,4.0,0.0,1.0
2884,45,26,2,0.0,1.0,2,10.0,26.0,3.0,11.0,5.0,10.0,4.0,6.0,2.0,0.0,0.0,0.0
2885,42,29,0,1.0,0.0,0,14.0,8.0,7.0,2.0,14.0,15.0,8.0,3.0,1.0,2.0,0.0,0.0
2886,16,21,0,2.0,0.0,0,12.0,9.0,4.0,0.0,13.0,14.0,3.0,7.0,3.0,5.0,0.0,0.0
2887,6,11,0,1.0,0.0,0,18.0,14.0,6.0,3.0,6.0,11.0,7.0,1.0,0.0,1.0,0.0,0.0
2888,40,41,2,0.0,2.0,2,13.0,3.0,4.0,3.0,13.0,6.0,8.0,4.0,4.0,0.0,0.0,0.0
2889,28,25,0,2.0,1.0,0,17.0,9.0,5.0,4.0,12.0,16.0,9.0,3.0,3.0,3.0,0.0,0.0
2890,39,0,2,0.0,1.0,2,10.0,10.0,4.0,6.0,13.0,7.0,7.0,6.0,1.0,2.0,0.0,0.0
2891,30,38,2,0.0,1.0,2,14.0,14.0,3.0,4.0,19.0,11.0,6.0,3.0,3.0,0.0,0.0,0.0
2892,44,14,2,0.0,0.0,1,7.0,24.0,2.0,5.0,13.0,8.0,5.0,8.0,3.0,0.0,0.0,0.0
2893,18,43,0,0.0,0.0,1,15.0,14.0,6.0,2.0,7.0,11.0,9.0,8.0,0.0,3.0,0.0,0.0
2894,38,0,2,0.0,0.0,1,14.0,11.0,3.0,4.0,5.0,5.0,8.0,5.0,1.0,2.0,0.0,0.0
2895,14,30,0,2.0,0.0,0,21.0,2.0,7.0,1.0,8.0,21.0,8.0,1.0,0.0,2.0,0.0,0.0
2896,0,29,0,0.0,0.0,1,9.0,10.0,4.0,4.0,14.0,10.0,5.0,9.0,1.0,0.0,0.0,0.0
2897,26,38,1,0.0,0.0,1,17.0,4.0,8.0,0.0,9.0,4.0,3.0,6.0,1.0,3.0,0.0,0.0
2898,21,40,2,0.0,0.0,1,16.0,12.0,6.0,5.0,10.0,8.0,7.0,4.0,3.0,1.0,0.0,0.0
2899,25,43,0,1.0,0.0,0,11.0,14.0,5.0,7.0,8.0,10.0,10.0,1.0,0.0,0.0,0.0,0.0
2900,28,16,0,1.0,0.0,0,26.0,5.0,12.0,2.0,12.0,8.0,9.0,3.0,1.0,3.0,0.0,0.0
2901,11,44,1,0.0,0.0,1,14.0,11.0,4.0,3.0,9.0,14.0,5.0,8.0,1.0,3.0,0.0,0.0
2902,6,39,1,0.0,1.0,2,12.0,14.0,2.0,3.0,10.0,15.0,0.0,7.0,2.0,0.0,0.0,0.0
2903,41,18,0,1.0,0.0,0,9.0,8.0,4.0,2.0,5.0,13.0,9.0,5.0,0.0,0.0,0.0,0.0
2904,45,42,0,0.0,0.0,1,13.0,11.0,5.0,5.0,8.0,9.0,3.0,7.0,4.0,2.0,0.0,0.0
2905,43,26,2,0.0,1.0,2,9.0,12.0,2.0,8.0,11.0,9.0,3.0,5.0,3.0,1.0,0.0,0.0
2906,30,28,1,1.0,0.0,0,14.0,22.0,6.0,4.0,9.0,9.0,4.0,11.0,4.0,4.0,0.0,0.0
2907,29,41,1,1.0,0.0,0,12.0,12.0,6.0,4.0,11.0,13.0,5.0,2.0,2.0,2.0,0.0,0.0
2908,18,14,2,0.0,0.0,1,12.0,11.0,4.0,5.0,13.0,11.0,2.0,4.0,3.0,4.0,0.0,0.0
2909,42,0,0,0.0,0.0,1,20.0,12.0,11.0,4.0,7.0,15.0,14.0,5.0,1.0,3.0,0.0,0.0
2910,44,25,2,0.0,1.0,2,16.0,6.0,4.0,1.0,14.0,9.0,5.0,6.0,2.0,2.0,0.0,0.0
2911,39,45,1,0.0,0.0,1,19.0,12.0,4.0,4.0,12.0,3.0,5.0,3.0,1.0,0.0,0.0,0.0
2912,40,6,2,0.0,0.0,1,17.0,15.0,5.0,7.0,13.0,9.0,6.0,5.0,3.0,2.0,0.0,0.0
2913,16,11,2,0.0,1.0,2,15.0,9.0,5.0,3.0,11.0,12.0,14.0,4.0,2.0,0.0,0.0,0.0
2914,38,21,1,0.0,0.0,1,11.0,9.0,2.0,1.0,9.0,13.0,6.0,6.0,0.0,3.0,0.0,0.0
2915,28,29,1,0.0,0.0,1,19.0,3.0,6.0,1.0,10.0,8.0,7.0,4.0,1.0,0.0,0.0,1.0
2916,16,42,2,0.0,0.0,1,6.0,18.0,1.0,4.0,13.0,15.0,2.0,11.0,3.0,3.0,0.0,0.0
2917,30,40,0,1.0,0.0,0,6.0,10.0,2.0,4.0,15.0,11.0,3.0,5.0,3.0,3.0,0.0,0.0
2918,0,25,0,0.0,0.0,1,12.0,7.0,5.0,3.0,9.0,13.0,12.0,1.0,2.0,4.0,0.0,0.0
2919,14,38,0,2.0,1.0,0,17.0,12.0,7.0,4.0,13.0,9.0,6.0,7.0,2.0,2.0,0.0,0.0
2920,11,29,2,0.0,2.0,2,8.0,12.0,0.0,6.0,17.0,16.0,3.0,3.0,2.0,1.0,0.0,0.0
2921,26,16,2,1.0,1.0,1,14.0,7.0,1.0,3.0,8.0,10.0,4.0,3.0,1.0,2.0,0.0,0.0
2922,41,39,0,1.0,0.0,0,10.0,9.0,6.0,3.0,5.0,14.0,11.0,4.0,2.0,2.0,0.0,0.0
2923,6,30,0,2.0,0.0,0,20.0,5.0,10.0,2.0,4.0,14.0,4.0,3.0,0.0,2.0,0.0,1.0
2924,45,18,1,0.0,0.0,1,15.0,4.0,3.0,0.0,9.0,15.0,8.0,4.0,2.0,3.0,0.0,0.0
2925,21,43,0,0.0,0.0,1,8.0,13.0,3.0,2.0,10.0,11.0,4.0,7.0,3.0,1.0,1.0,0.0
2926,30,0,2,0.0,1.0,2,13.0,12.0,5.0,4.0,11.0,16.0,2.0,4.0,2.0,2.0,0.0,0.0
2927,44,26,2,0.0,1.0,2,7.0,15.0,2.0,2.0,15.0,9.0,4.0,4.0,3.0,1.0,0.0,0.0
2928,29,14,0,1.0,0.0,0,9.0,5.0,3.0,0.0,16.0,20.0,1.0,3.0,3.0,3.0,0.0,0.0
2929,40,45,1,1.0,1.0,1,14.0,7.0,4.0,3.0,14.0,10.0,8.0,1.0,1.0,0.0,0.0,1.0
2930,18,11,0,0.0,0.0,1,29.0,13.0,7.0,6.0,15.0,14.0,6.0,7.0,2.0,0.0,0.0,0.0
2931,42,6,0,2.0,0.0,0,24.0,5.0,14.0,1.0,8.0,10.0,13.0,1.0,0.0,1.0,0.0,0.0
2932,38,28,2,0.0,0.0,1,8.0,18.0,1.0,5.0,9.0,8.0,3.0,8.0,3.0,0.0,0.0,0.0
2933,39,21,0,1.0,0.0,0,14.0,14.0,4.0,3.0,12.0,5.0,3.0,7.0,0.0,2.0,0.0,0.0
2934,43,41,0,1.0,0.0,0,15.0,13.0,7.0,4.0,8.0,13.0,6.0,2.0,0.0,0.0,0.0,0.0
2935,16,25,1,0.0,1.0,2,15.0,6.0,4.0,2.0,10.0,16.0,8.0,5.0,0.0,2.0,0.0,0.0
2936,16,0,0,1.0,0.0,0,17.0,11.0,6.0,3.0,11.0,10.0,5.0,8.0,0.0,1.0,0.0,0.0
2937,18,25,0,3.0,2.0,0,12.0,6.0,7.0,4.0,8.0,15.0,4.0,6.0,2.0,2.0,0.0,0.0
2938,40,29,2,0.0,1.0,2,9.0,18.0,4.0,9.0,14.0,20.0,4.0,5.0,1.0,5.0,1.0,0.0
2939,39,26,2,1.0,0.0,0,9.0,14.0,4.0,4.0,7.0,11.0,5.0,8.0,0.0,2.0,0.0,0.0
2940,45,41,0,1.0,0.0,0,14.0,4.0,6.0,1.0,12.0,12.0,4.0,3.0,5.0,1.0,0.0,0.0
2941,30,11,1,0.0,0.0,1,12.0,7.0,5.0,2.0,9.0,12.0,4.0,3.0,0.0,3.0,0.0,0.0
2942,6,14,2,1.0,2.0,2,12.0,15.0,1.0,5.0,7.0,11.0,4.0,4.0,2.0,3.0,0.0,0.0
2943,42,43,0,3.0,0.0,0,19.0,8.0,6.0,2.0,12.0,12.0,7.0,5.0,0.0,1.0,0.0,0.0
2944,44,38,2,0.0,1.0,2,17.0,10.0,6.0,3.0,12.0,12.0,7.0,3.0,2.0,2.0,0.0,0.0
2945,28,21,0,1.0,0.0,0,23.0,6.0,7.0,1.0,6.0,8.0,7.0,3.0,0.0,2.0,0.0,0.0
2946,26,6,1,1.0,1.0,1,20.0,7.0,8.0,2.0,11.0,8.0,7.0,2.0,1.0,1.0,0.0,0.0
2947,38,16,0,1.0,1.0,1,25.0,17.0,9.0,3.0,16.0,11.0,11.0,11.0,2.0,1.0,0.0,0.0
2948,14,28,0,2.0,1.0,0,10.0,17.0,4.0,7.0,10.0,14.0,2.0,9.0,1.0,3.0,0.0,0.0
2949,0,45,0,0.0,0.0,1,21.0,7.0,8.0,2.0,11.0,5.0,5.0,0.0,2.0,2.0,0.0,0.0
2950,21,30,0,3.0,2.0,0,17.0,12.0,5.0,4.0,13.0,12.0,8.0,4.0,2.0,1.0,0.0,0.0
2951,41,42,2,1.0,0.0,0,4.0,18.0,1.0,8.0,7.0,8.0,5.0,7.0,1.0,1.0,0.0,0.0
2952,25,40,0,0.0,0.0,1,19.0,15.0,8.0,3.0,12.0,13.0,5.0,6.0,0.0,1.0,0.0,0.0
2953,43,44,0,1.0,0.0,0,9.0,18.0,2.0,2.0,11.0,14.0,5.0,6.0,1.0,4.0,1.0,0.0
2954,29,18,1,0.0,1.0,2,18.0,11.0,3.0,4.0,10.0,18.0,6.0,5.0,1.0,4.0,0.0,1.0
2955,11,39,0,0.0,0.0,1,7.0,15.0,3.0,2.0,9.0,16.0,3.0,5.0,3.0,2.0,0.0,0.0
2956,0,28,1,1.0,2.0,2,8.0,14.0,3.0,5.0,8.0,15.0,3.0,8.0,3.0,2.0,0.0,0.0
2957,41,30,1,0.0,0.0,1,15.0,8.0,3.0,1.0,9.0,16.0,11.0,3.0,2.0,3.0,0.0,0.0
2958,29,44,1,0.0,0.0,1,18.0,3.0,3.0,1.0,15.0,13.0,6.0,1.0,3.0,3.0,0.0,0.0
2959,21,45,0,0.0,1.0,2,7.0,12.0,3.0,4.0,16.0,9.0,5.0,5.0,2.0,2.0,0.0,0.0
2960,11,42,2,0.0,0.0,1,13.0,19.0,2.0,7.0,9.0,6.0,3.0,7.0,2.0,0.0,0.0,0.0
2961,25,39,0,1.0,0.0,0,23.0,10.0,10.0,2.0,7.0,11.0,10.0,4.0,1.0,4.0,0.0,0.0
2962,14,16,2,1.0,2.0,2,24.0,8.0,11.0,3.0,12.0,14.0,9.0,3.0,3.0,2.0,0.0,0.0
2963,26,18,0,2.0,1.0,0,10.0,9.0,6.0,4.0,17.0,10.0,2.0,3.0,1.0,3.0,0.0,0.0
2964,38,6,1,0.0,0.0,1,14.0,12.0,4.0,3.0,14.0,8.0,6.0,3.0,1.0,0.0,0.0,0.0
2965,43,40,0,0.0,0.0,1,23.0,11.0,10.0,3.0,12.0,8.0,13.0,9.0,1.0,3.0,0.0,0.0
2966,42,38,0,2.0,0.0,0,12.0,8.0,6.0,3.0,12.0,13.0,5.0,1.0,3.0,3.0,0.0,0.0
2967,28,26,1,0.0,0.0,1,13.0,13.0,3.0,4.0,14.0,7.0,9.0,8.0,3.0,3.0,0.0,0.0
2968,30,29,2,0.0,1.0,2,10.0,14.0,3.0,6.0,9.0,8.0,8.0,3.0,1.0,1.0,0.0,0.0
2969,40,11,1,0.0,0.0,1,14.0,17.0,5.0,3.0,14.0,7.0,3.0,5.0,2.0,1.0,0.0,0.0
2970,16,43,0,0.0,0.0,1,7.0,6.0,0.0,2.0,8.0,15.0,3.0,2.0,0.0,2.0,0.0,0.0
2971,18,21,0,1.0,0.0,0,14.0,6.0,8.0,0.0,9.0,7.0,5.0,8.0,2.0,0.0,0.0,1.0
2972,39,14,2,1.0,1.0,1,5.0,20.0,1.0,7.0,16.0,11.0,5.0,11.0,4.0,2.0,1.0,0.0
2973,6,41,0,1.0,0.0,0,12.0,10.0,6.0,1.0,10.0,9.0,2.0,4.0,0.0,2.0,0.0,0.0
2974,44,0,0,1.0,1.0,1,12.0,11.0,8.0,2.0,5.0,6.0,4.0,5.0,1.0,0.0,0.0,0.0
2975,45,25,2,1.0,3.0,2,20.0,11.0,7.0,5.0,10.0,14.0,6.0,5.0,0.0,1.0,0.0,0.0
2976,26,11,0,1.0,1.0,1,10.0,11.0,3.0,1.0,12.0,16.0,11.0,1.0,2.0,2.0,0.0,0.0
2977,6,45,0,1.0,1.0,1,21.0,15.0,9.0,7.0,20.0,15.0,5.0,6.0,4.0,2.0,0.0,0.0
2978,18,44,0,2.0,0.0,0,16.0,5.0,5.0,2.0,8.0,12.0,4.0,6.0,1.0,2.0,0.0,0.0
2979,21,41,0,0.0,0.0,1,15.0,11.0,7.0,3.0,14.0,5.0,2.0,7.0,3.0,1.0,0.0,0.0
2980,28,39,1,0.0,0.0,1,12.0,5.0,1.0,2.0,8.0,11.0,8.0,1.0,1.0,3.0,0.0,0.0
2981,45,14,2,0.0,1.0,2,11.0,9.0,2.0,4.0,8.0,8.0,6.0,4.0,0.0,1.0,0.0,0.0
2982,40,28,2,0.0,1.0,2,11.0,14.0,3.0,7.0,11.0,4.0,6.0,4.0,1.0,0.0,0.0,0.0
2983,42,18,0,1.0,0.0,0,20.0,8.0,7.0,4.0,9.0,14.0,7.0,2.0,1.0,2.0,0.0,0.0
2984,44,16,2,0.0,0.0,1,11.0,10.0,1.0,4.0,8.0,12.0,5.0,5.0,0.0,1.0,0.0,0.0
2985,43,38,2,1.0,2.0,2,16.0,20.0,4.0,11.0,16.0,9.0,6.0,5.0,3.0,2.0,0.0,0.0
2986,26,0,0,2.0,0.0,0,18.0,7.0,7.0,3.0,8.0,15.0,9.0,3.0,1.0,2.0,0.0,0.0
2987,25,21,0,1.0,1.0,1,17.0,10.0,5.0,4.0,12.0,13.0,10.0,4.0,1.0,1.0,0.0,0.0
2988,39,30,0,2.0,0.0,0,13.0,8.0,8.0,2.0,16.0,20.0,6.0,1.0,1.0,2.0,0.0,0.0
2989,29,6,1,1.0,1.0,1,20.0,3.0,7.0,1.0,9.0,11.0,15.0,2.0,3.0,2.0,0.0,1.0
2990,41,11,0,1.0,1.0,1,23.0,6.0,10.0,4.0,7.0,13.0,9.0,2.0,2.0,2.0,0.0,0.0
2991,25,26,0,2.0,0.0,0,13.0,17.0,7.0,7.0,8.0,5.0,5.0,12.0,0.0,0.0,0.0,0.0
2992,42,39,0,4.0,0.0,0,21.0,5.0,9.0,3.0,11.0,14.0,8.0,5.0,2.0,3.0,0.0,0.0
2993,44,6,0,2.0,1.0,0,13.0,12.0,4.0,4.0,12.0,5.0,8.0,6.0,2.0,0.0,0.0,0.0
2994,21,11,1,0.0,0.0,1,15.0,10.0,1.0,3.0,8.0,13.0,6.0,3.0,1.0,1.0,0.0,1.0
2995,14,41,0,1.0,1.0,1,16.0,3.0,5.0,2.0,11.0,14.0,8.0,1.0,1.0,3.0,0.0,0.0
2996,43,45,1,1.0,0.0,0,9.0,13.0,1.0,2.0,18.0,14.0,4.0,6.0,4.0,1.0,0.0,1.0
2997,16,30,0,1.0,0.0,0,15.0,11.0,3.0,4.0,13.0,15.0,4.0,2.0,3.0,1.0,0.0,0.0
2998,18,40,0,1.0,0.0,0,20.0,10.0,8.0,1.0,10.0,16.0,10.0,6.0,0.0,2.0,0.0,0.0
2999,6,28,2,0.0,1.0,2,5.0,17.0,1.0,5.0,8.0,11.0,3.0,7.0,2.0,3.0,0.0,0.0
3000,11,14,1,1.0,1.0,1,6.0,13.0,4.0,2.0,12.0,11.0,1.0,1.0,3.0,2.0,0.0,0.0
3001,41,25,0,2.0,0.0,0,10.0,9.0,4.0,1.0,7.0,14.0,7.0,3.0,2.0,2.0,0.0,0.0
3002,39,16,0,0.0,0.0,1,7.0,6.0,4.0,1.0,10.0,14.0,5.0,5.0,1.0,3.0,0.0,0.0
3003,0,21,0,1.0,0.0,0,17.0,9.0,7.0,4.0,12.0,9.0,3.0,8.0,3.0,1.0,0.0,1.0
3004,30,18,1,0.0,0.0,1,9.0,7.0,3.0,3.0,14.0,9.0,5.0,2.0,2.0,0.0,0.0,0.0
3005,45,44,1,0.0,1.0,2,16.0,8.0,4.0,3.0,7.0,14.0,7.0,5.0,3.0,2.0,0.0,0.0
3006,29,43,0,1.0,0.0,0,22.0,9.0,11.0,3.0,10.0,12.0,5.0,1.0,1.0,0.0,0.0,0.0
3007,26,42,0,2.0,0.0,0,17.0,7.0,9.0,2.0,14.0,14.0,10.0,3.0,3.0,4.0,0.0,0.0
3008,40,38,2,0.0,2.0,2,6.0,15.0,1.0,8.0,12.0,14.0,6.0,2.0,1.0,0.0,0.0,0.0
3009,28,41,0,1.0,0.0,0,17.0,4.0,5.0,2.0,9.0,13.0,10.0,3.0,2.0,3.0,0.0,0.0
3010,25,29,2,0.0,2.0,2,11.0,15.0,1.0,9.0,12.0,13.0,10.0,3.0,2.0,4.0,0.0,0.0
3011,38,45,2,1.0,2.0,2,21.0,6.0,7.0,4.0,12.0,15.0,3.0,2.0,0.0,2.0,0.0,0.0
3012,16,40,2,0.0,4.0,2,21.0,10.0,9.0,7.0,8.0,8.0,6.0,1.0,3.0,3.0,0.0,0.0
3013,42,30,0,0.0,0.0,1,17.0,8.0,5.0,0.0,8.0,11.0,11.0,2.0,0.0,1.0,0.0,0.0
3014,21,26,0,1.0,0.0,0,7.0,22.0,4.0,5.0,9.0,12.0,1.0,15.0,2.0,1.0,0.0,0.0
3015,44,39,0,1.0,0.0,0,16.0,12.0,4.0,2.0,6.0,13.0,5.0,6.0,2.0,2.0,0.0,0.0
3016,18,6,0,3.0,0.0,0,15.0,18.0,10.0,8.0,14.0,4.0,4.0,8.0,3.0,1.0,0.0,0.0
3017,43,11,0,2.0,0.0,0,16.0,11.0,7.0,7.0,12.0,10.0,3.0,6.0,5.0,0.0,0.0,1.0
3018,14,0,0,1.0,0.0,0,13.0,9.0,6.0,5.0,14.0,8.0,10.0,13.0,1.0,1.0,0.0,0.0
3019,39,18,1,1.0,1.0,1,14.0,14.0,7.0,5.0,21.0,12.0,5.0,5.0,1.0,0.0,0.0,0.0
3020,45,28,2,0.0,3.0,2,6.0,11.0,1.0,4.0,11.0,14.0,2.0,4.0,3.0,3.0,0.0,0.0
3021,29,21,1,0.0,0.0,1,15.0,6.0,6.0,2.0,20.0,16.0,7.0,1.0,1.0,4.0,0.0,0.0
3022,30,44,1,1.0,1.0,1,11.0,16.0,3.0,5.0,12.0,13.0,4.0,2.0,2.0,1.0,0.0,0.0
3023,0,43,2,0.0,2.0,2,20.0,10.0,5.0,6.0,12.0,15.0,9.0,5.0,3.0,3.0,0.0,0.0
3024,41,38,0,1.0,0.0,0,11.0,10.0,5.0,2.0,10.0,19.0,5.0,4.0,2.0,0.0,0.0,0.0
3025,40,42,1,0.0,0.0,1,3.0,14.0,1.0,3.0,9.0,13.0,2.0,12.0,2.0,1.0,0.0,0.0
3026,26,14,1,0.0,1.0,2,7.0,8.0,3.0,2.0,13.0,8.0,3.0,3.0,2.0,1.0,0.0,0.0
3027,11,25,0,0.0,0.0,1,24.0,13.0,3.0,5.0,4.0,8.0,10.0,2.0,1.0,0.0,0.0,0.0
3028,6,16,2,0.0,0.0,1,10.0,11.0,2.0,4.0,14.0,23.0,2.0,3.0,0.0,4.0,0.0,0.0
3029,38,25,0,2.0,0.0,0,20.0,11.0,7.0,2.0,8.0,10.0,7.0,2.0,0.0,1.0,0.0,0.0
3030,14,21,0,1.0,0.0,0,9.0,9.0,5.0,4.0,12.0,10.0,9.0,7.0,1.0,3.0,0.0,0.0
3031,0,11,0,0.0,0.0,1,24.0,13.0,8.0,7.0,12.0,11.0,10.0,4.0,1.0,3.0,1.0,0.0
3032,28,42,1,0.0,0.0,1,17.0,6.0,7.0,2.0,10.0,7.0,5.0,4.0,2.0,4.0,0.0,0.0
3033,26,41,2,0.0,0.0,1,16.0,6.0,5.0,3.0,7.0,7.0,6.0,3.0,1.0,1.0,0.0,0.0
3034,44,40,0,2.0,0.0,0,14.0,9.0,5.0,3.0,15.0,12.0,1.0,4.0,1.0,1.0,0.0,0.0
3035,30,45,2,1.0,2.0,2,11.0,13.0,2.0,5.0,7.0,14.0,7.0,5.0,2.0,1.0,0.0,0.0
3036,16,18,2,0.0,0.0,1,8.0,16.0,2.0,8.0,10.0,15.0,8.0,7.0,0.0,1.0,0.0,0.0
3037,39,29,1,1.0,0.0,0,6.0,25.0,1.0,8.0,12.0,13.0,1.0,7.0,4.0,0.0,0.0,0.0
3038,6,43,1,0.0,1.0,2,15.0,10.0,5.0,3.0,6.0,16.0,9.0,4.0,1.0,1.0,0.0,0.0
3039,18,28,0,1.0,0.0,0,6.0,13.0,4.0,5.0,17.0,7.0,3.0,6.0,2.0,2.0,0.0,0.0
3040,29,26,1,0.0,1.0,2,9.0,13.0,3.0,4.0,17.0,13.0,5.0,7.0,1.0,3.0,0.0,0.0
3041,42,44,0,2.0,0.0,0,21.0,3.0,11.0,0.0,11.0,12.0,8.0,0.0,0.0,2.0,0.0,0.0
3042,40,39,2,1.0,3.0,2,14.0,14.0,3.0,6.0,16.0,11.0,5.0,2.0,3.0,1.0,0.0,0.0
3043,45,16,0,0.0,0.0,1,14.0,10.0,3.0,1.0,10.0,14.0,2.0,2.0,4.0,2.0,0.0,0.0
3044,11,38,0,0.0,0.0,1,9.0,20.0,3.0,5.0,14.0,14.0,2.0,7.0,1.0,2.0,0.0,0.0
3045,43,30,1,0.0,0.0,1,12.0,5.0,5.0,1.0,15.0,15.0,3.0,1.0,3.0,1.0,0.0,0.0
3046,25,14,2,0.0,1.0,2,7.0,8.0,2.0,3.0,8.0,9.0,3.0,5.0,1.0,0.0,0.0,0.0
3047,21,6,0,1.0,1.0,1,14.0,8.0,3.0,6.0,13.0,11.0,4.0,5.0,0.0,1.0,0.0,0.0
3048,41,0,2,0.0,1.0,2,12.0,14.0,3.0,6.0,12.0,8.0,3.0,2.0,2.0,0.0,0.0,0.0
3049,42,14,0,1.0,0.0,0,9.0,11.0,2.0,2.0,9.0,8.0,1.0,6.0,3.0,2.0,0.0,0.0
3050,6,0,1,2.0,0.0,0,12.0,14.0,6.0,4.0,10.0,12.0,4.0,7.0,3.0,3.0,1.0,0.0
3051,16,41,2,0.0,1.0,2,7.0,11.0,3.0,4.0,13.0,14.0,4.0,5.0,2.0,1.0,0.0,0.0
3052,39,43,0,1.0,0.0,0,17.0,9.0,5.0,2.0,10.0,15.0,7.0,6.0,1.0,2.0,0.0,0.0
3053,28,11,0,0.0,0.0,1,14.0,11.0,3.0,3.0,11.0,11.0,8.0,8.0,4.0,3.0,1.0,0.0
3054,18,38,0,0.0,0.0,1,17.0,12.0,6.0,3.0,5.0,14.0,10.0,8.0,0.0,1.0,0.0,0.0
3055,30,25,1,0.0,0.0,1,9.0,10.0,1.0,4.0,10.0,9.0,2.0,2.0,3.0,0.0,0.0,0.0
3056,44,21,0,0.0,1.0,2,8.0,17.0,5.0,6.0,5.0,4.0,7.0,9.0,0.0,0.0,0.0,0.0
3057,40,26,1,1.0,1.0,1,10.0,21.0,5.0,15.0,10.0,10.0,2.0,5.0,2.0,3.0,0.0,0.0
3058,45,29,2,0.0,0.0,1,8.0,13.0,2.0,6.0,9.0,13.0,2.0,1.0,1.0,2.0,1.0,0.0
3059,43,42,2,0.0,3.0,2,6.0,19.0,2.0,6.0,11.0,6.0,0.0,3.0,3.0,0.0,0.0,0.0
3060,0,16,0,1.0,0.0,0,22.0,7.0,7.0,4.0,9.0,7.0,8.0,4.0,1.0,1.0,0.0,0.0
3061,14,39,0,1.0,0.0,0,18.0,5.0,7.0,2.0,12.0,10.0,8.0,3.0,3.0,2.0,0.0,0.0
3062,26,28,0,1.0,0.0,0,5.0,9.0,1.0,2.0,12.0,12.0,4.0,6.0,2.0,1.0,0.0,0.0
3063,41,6,2,0.0,2.0,2,14.0,11.0,5.0,6.0,14.0,9.0,4.0,3.0,2.0,0.0,0.0,0.0
3064,11,40,0,1.0,0.0,0,16.0,11.0,6.0,3.0,10.0,8.0,6.0,2.0,1.0,1.0,0.0,0.0
3065,25,45,0,1.0,0.0,0,12.0,25.0,4.0,5.0,11.0,8.0,7.0,7.0,5.0,3.0,0.0,0.0
3066,38,44,2,1.0,1.0,1,10.0,7.0,1.0,3.0,13.0,17.0,8.0,3.0,1.0,3.0,1.0,0.0
3067,29,30,0,0.0,0.0,1,32.0,9.0,12.0,2.0,9.0,14.0,12.0,2.0,1.0,1.0,0.0,0.0
3068,21,18,1,1.0,1.0,1,13.0,20.0,4.0,7.0,10.0,13.0,5.0,5.0,2.0,2.0,0.0,0.0
3069,38,42,2,1.0,1.0,1,9.0,17.0,2.0,5.0,7.0,16.0,2.0,10.0,1.0,4.0,1.0,0.0
3070,26,39,0,2.0,1.0,0,20.0,6.0,6.0,2.0,9.0,6.0,8.0,2.0,0.0,1.0,0.0,0.0
3071,41,45,2,0.0,1.0,2,14.0,14.0,7.0,7.0,10.0,12.0,8.0,4.0,0.0,0.0,0.0,0.0
3072,29,40,0,1.0,0.0,0,26.0,7.0,9.0,4.0,6.0,9.0,5.0,5.0,1.0,1.0,0.0,0.0
3073,25,18,2,0.0,0.0,1,7.0,8.0,2.0,3.0,14.0,7.0,3.0,4.0,3.0,0.0,0.0,0.0
3074,14,6,0,1.0,0.0,0,14.0,7.0,4.0,3.0,13.0,14.0,5.0,5.0,1.0,1.0,0.0,0.0
3075,21,28,2,0.0,0.0,1,10.0,16.0,3.0,6.0,11.0,14.0,4.0,7.0,1.0,0.0,0.0,0.0
3076,11,30,0,0.0,0.0,1,6.0,8.0,4.0,2.0,17.0,18.0,7.0,3.0,6.0,5.0,0.0,0.0
3077,0,44,0,0.0,0.0,1,26.0,3.0,11.0,1.0,11.0,7.0,6.0,5.0,2.0,1.0,0.0,0.0
3078,43,16,1,0.0,1.0,2,9.0,10.0,3.0,4.0,18.0,17.0,7.0,3.0,2.0,4.0,0.0,0.0
3079,18,26,2,0.0,0.0,1,6.0,11.0,1.0,4.0,13.0,9.0,1.0,6.0,3.0,1.0,0.0,0.0
3080,6,38,2,1.0,1.0,1,10.0,14.0,5.0,8.0,6.0,12.0,7.0,4.0,0.0,2.0,0.0,0.0
3081,42,11,0,1.0,1.0,1,30.0,5.0,9.0,2.0,10.0,11.0,11.0,2.0,1.0,2.0,0.0,0.0
3082,28,0,0,0.0,1.0,2,14.0,6.0,5.0,1.0,9.0,13.0,8.0,1.0,4.0,2.0,0.0,0.0
3083,30,41,0,2.0,0.0,0,10.0,14.0,4.0,2.0,10.0,11.0,3.0,8.0,1.0,0.0,0.0,0.0
3084,45,21,0,0.0,0.0,1,18.0,16.0,6.0,5.0,13.0,9.0,10.0,6.0,2.0,4.0,0.0,0.0
3085,44,29,2,0.0,1.0,2,10.0,10.0,1.0,5.0,9.0,13.0,2.0,3.0,3.0,3.0,0.0,0.0
3086,40,43,0,0.0,0.0,1,12.0,9.0,4.0,4.0,10.0,9.0,4.0,11.0,1.0,2.0,0.0,0.0
3087,39,25,1,2.0,0.0,0,16.0,14.0,7.0,8.0,9.0,12.0,9.0,9.0,2.0,6.0,0.0,1.0
3088,16,14,2,0.0,1.0,2,6.0,13.0,2.0,6.0,12.0,15.0,5.0,3.0,2.0,3.0,0.0,0.0
3089,42,21,0,1.0,0.0,0,27.0,10.0,9.0,5.0,6.0,14.0,5.0,5.0,0.0,2.0,0.0,0.0
3090,28,43,0,1.0,0.0,0,13.0,5.0,7.0,2.0,16.0,20.0,5.0,2.0,1.0,2.0,0.0,0.0
3091,45,11,0,1.0,0.0,0,20.0,8.0,7.0,2.0,12.0,15.0,6.0,1.0,0.0,2.0,0.0,0.0
3092,44,41,0,0.0,0.0,1,13.0,8.0,4.0,4.0,8.0,8.0,0.0,11.0,0.0,0.0,0.0,0.0
3093,40,14,2,0.0,1.0,2,8.0,19.0,3.0,6.0,15.0,10.0,5.0,5.0,3.0,2.0,0.0,0.0
3094,39,38,1,0.0,0.0,1,5.0,15.0,3.0,4.0,9.0,10.0,3.0,11.0,1.0,2.0,1.0,0.0
3095,30,26,2,0.0,1.0,2,8.0,15.0,3.0,4.0,11.0,14.0,5.0,2.0,1.0,0.0,0.0,0.0
3096,16,29,2,0.0,1.0,2,6.0,16.0,3.0,6.0,16.0,10.0,1.0,8.0,2.0,2.0,0.0,0.0
3097,6,25,0,1.0,0.0,0,9.0,12.0,3.0,4.0,5.0,15.0,4.0,11.0,0.0,3.0,0.0,0.0
3098,18,0,0,1.0,1.0,1,14.0,9.0,4.0,3.0,10.0,10.0,8.0,3.0,1.0,1.0,1.0,0.0
3099,29,42,0,1.0,0.0,0,15.0,12.0,5.0,4.0,19.0,17.0,3.0,8.0,3.0,3.0,0.0,0.0
3100,14,44,0,0.0,0.0,1,12.0,6.0,2.0,1.0,6.0,10.0,3.0,1.0,2.0,4.0,0.0,0.0
3101,38,30,0,0.0,0.0,1,14.0,6.0,3.0,2.0,14.0,12.0,4.0,2.0,4.0,3.0,0.0,0.0
3102,26,45,1,1.0,2.0,2,18.0,7.0,3.0,3.0,7.0,8.0,11.0,4.0,2.0,0.0,0.0,0.0
3103,41,40,0,0.0,0.0,1,14.0,11.0,5.0,2.0,10.0,8.0,7.0,4.0,1.0,2.0,0.0,0.0
3104,0,39,0,1.0,1.0,1,21.0,12.0,6.0,5.0,9.0,6.0,7.0,7.0,0.0,0.0,0.0,0.0
3105,25,28,0,3.0,0.0,0,10.0,19.0,6.0,4.0,10.0,7.0,3.0,11.0,2.0,1.0,0.0,0.0
3106,43,18,0,1.0,1.0,1,11.0,11.0,6.0,4.0,11.0,16.0,2.0,4.0,2.0,2.0,0.0,0.0
3107,21,16,1,1.0,0.0,0,15.0,14.0,6.0,6.0,16.0,14.0,4.0,7.0,2.0,4.0,0.0,0.0
3108,11,6,0,2.0,1.0,0,16.0,17.0,7.0,4.0,14.0,18.0,4.0,11.0,2.0,2.0,0.0,0.0
3109,30,21,0,0.0,0.0,1,16.0,6.0,4.0,2.0,6.0,11.0,13.0,7.0,1.0,1.0,0.0,0.0
3110,18,29,1,0.0,1.0,2,13.0,10.0,6.0,2.0,13.0,11.0,6.0,3.0,2.0,3.0,0.0,0.0
3111,6,26,0,0.0,2.0,2,12.0,10.0,8.0,3.0,9.0,17.0,4.0,9.0,2.0,2.0,0.0,0.0
3112,44,43,0,2.0,0.0,0,11.0,17.0,3.0,5.0,12.0,8.0,3.0,4.0,2.0,1.0,0.0,1.0
3113,39,11,0,2.0,0.0,0,10.0,14.0,4.0,4.0,7.0,13.0,4.0,9.0,3.0,2.0,0.0,0.0
3114,16,38,0,2.0,0.0,0,9.0,17.0,4.0,3.0,11.0,13.0,4.0,9.0,3.0,1.0,0.0,0.0
3115,42,41,0,2.0,0.0,0,28.0,1.0,15.0,0.0,11.0,17.0,5.0,0.0,0.0,4.0,0.0,0.0
3116,28,14,2,1.0,0.0,0,14.0,10.0,5.0,4.0,14.0,9.0,9.0,2.0,2.0,3.0,2.0,0.0
3117,40,25,0,0.0,0.0,1,22.0,17.0,6.0,5.0,8.0,12.0,3.0,4.0,3.0,1.0,0.0,0.0
3118,45,0,2,0.0,1.0,2,10.0,19.0,3.0,10.0,10.0,11.0,3.0,2.0,3.0,3.0,0.0,0.0
3119,38,18,0,1.0,0.0,0,17.0,13.0,7.0,1.0,11.0,15.0,5.0,2.0,0.0,2.0,0.0,0.0
3120,29,45,1,1.0,1.0,1,17.0,6.0,8.0,2.0,16.0,16.0,8.0,4.0,3.0,1.0,0.0,0.0
3121,0,6,0,1.0,1.0,1,16.0,9.0,3.0,3.0,12.0,13.0,3.0,10.0,3.0,5.0,0.0,0.0
3122,43,39,2,0.0,1.0,2,11.0,14.0,2.0,1.0,24.0,14.0,3.0,3.0,3.0,0.0,1.0,0.0
3123,21,44,1,0.0,1.0,2,10.0,11.0,4.0,2.0,7.0,10.0,2.0,6.0,3.0,2.0,0.0,0.0
3124,41,16,0,1.0,1.0,1,18.0,12.0,9.0,4.0,12.0,24.0,10.0,6.0,4.0,5.0,0.0,0.0
3125,25,30,1,1.0,1.0,1,11.0,6.0,3.0,2.0,15.0,12.0,2.0,3.0,4.0,4.0,0.0,0.0
3126,26,40,0,0.0,0.0,1,27.0,6.0,7.0,1.0,5.0,9.0,9.0,4.0,1.0,3.0,0.0,0.0
3127,11,28,2,1.0,1.0,1,10.0,21.0,5.0,5.0,5.0,15.0,5.0,8.0,2.0,3.0,0.0,0.0
3128,14,42,0,1.0,1.0,1,9.0,12.0,5.0,6.0,13.0,16.0,3.0,8.0,2.0,1.0,0.0,0.0
3129,44,11,0,3.0,0.0,0,16.0,5.0,6.0,2.0,12.0,12.0,4.0,3.0,0.0,0.0,0.0,0.0
3130,30,14,2,0.0,1.0,2,12.0,13.0,1.0,3.0,13.0,10.0,2.0,3.0,2.0,3.0,0.0,0.0
3131,39,6,2,0.0,1.0,2,14.0,9.0,6.0,2.0,17.0,10.0,3.0,4.0,3.0,2.0,0.0,0.0
3132,43,25,0,2.0,1.0,0,10.0,10.0,3.0,2.0,12.0,18.0,4.0,6.0,2.0,3.0,0.0,0.0
3133,29,0,1,0.0,0.0,1,12.0,5.0,5.0,1.0,14.0,11.0,10.0,4.0,3.0,3.0,0.0,0.0
3134,42,45,0,0.0,1.0,2,14.0,11.0,6.0,3.0,13.0,16.0,4.0,5.0,3.0,2.0,0.0,1.0
3135,18,41,1,0.0,1.0,2,14.0,5.0,6.0,3.0,13.0,12.0,10.0,3.0,4.0,2.0,0.0,0.0
3136,40,21,0,1.0,0.0,0,11.0,17.0,4.0,7.0,9.0,8.0,2.0,8.0,1.0,0.0,1.0,0.0
3137,38,26,1,0.0,0.0,1,3.0,15.0,0.0,2.0,8.0,11.0,1.0,8.0,1.0,1.0,0.0,0.0
3138,16,28,2,0.0,1.0,2,9.0,10.0,2.0,4.0,12.0,15.0,2.0,7.0,1.0,2.0,0.0,0.0
3139,41,29,2,0.0,3.0,2,6.0,9.0,1.0,3.0,9.0,16.0,2.0,0.0,0.0,2.0,0.0,0.0
3140,0,42,1,1.0,0.0,0,15.0,10.0,2.0,3.0,11.0,17.0,7.0,2.0,1.0,2.0,0.0,0.0
3141,26,43,0,3.0,0.0,0,28.0,11.0,17.0,8.0,14.0,10.0,6.0,3.0,1.0,2.0,0.0,0.0
3142,25,44,2,0.0,0.0,1,5.0,11.0,2.0,5.0,8.0,8.0,5.0,6.0,0.0,2.0,0.0,0.0
3143,21,38,0,0.0,1.0,2,6.0,19.0,2.0,7.0,13.0,15.0,1.0,10.0,0.0,5.0,0.0,0.0
3144,14,18,0,3.0,0.0,0,21.0,1.0,9.0,0.0,5.0,16.0,4.0,2.0,0.0,3.0,0.0,0.0
3145,28,30,1,1.0,0.0,0,25.0,5.0,7.0,3.0,7.0,15.0,8.0,2.0,1.0,3.0,0.0,0.0
3146,6,40,2,1.0,1.0,1,22.0,9.0,7.0,4.0,14.0,17.0,12.0,2.0,3.0,2.0,0.0,1.0
3147,11,16,0,2.0,0.0,0,14.0,16.0,7.0,5.0,11.0,12.0,4.0,7.0,1.0,2.0,0.0,0.0
3148,45,39,1,0.0,0.0,1,9.0,12.0,2.0,4.0,11.0,10.0,6.0,4.0,4.0,1.0,0.0,0.0
3149,39,41,0,1.0,1.0,1,17.0,14.0,4.0,6.0,7.0,14.0,6.0,4.0,2.0,0.0,0.0,0.0
3150,38,14,2,0.0,1.0,2,9.0,13.0,1.0,7.0,13.0,16.0,7.0,3.0,0.0,0.0,0.0,0.0
3151,18,45,0,0.0,0.0,1,17.0,13.0,6.0,3.0,15.0,12.0,8.0,8.0,2.0,3.0,0.0,0.0
3152,40,0,2,0.0,1.0,2,3.0,21.0,1.0,7.0,9.0,13.0,0.0,8.0,4.0,3.0,0.0,0.0
3153,29,11,1,0.0,0.0,1,37.0,7.0,11.0,1.0,12.0,9.0,19.0,1.0,1.0,3.0,1.0,0.0
3154,43,21,0,0.0,0.0,1,22.0,8.0,0.0,2.0,13.0,8.0,7.0,2.0,1.0,2.0,0.0,0.0
3155,42,25,1,1.0,0.0,0,22.0,6.0,5.0,1.0,11.0,20.0,8.0,1.0,3.0,4.0,0.0,0.0
3156,16,26,2,2.0,3.0,2,7.0,17.0,6.0,10.0,15.0,5.0,3.0,3.0,1.0,2.0,0.0,0.0
3157,30,6,0,1.0,0.0,0,10.0,15.0,3.0,3.0,3.0,5.0,4.0,7.0,1.0,1.0,0.0,0.0
3158,44,28,2,0.0,2.0,2,9.0,21.0,1.0,8.0,17.0,10.0,1.0,7.0,4.0,3.0,0.0,0.0
3159,28,38,1,0.0,1.0,2,14.0,6.0,3.0,2.0,11.0,10.0,10.0,3.0,3.0,3.0,0.0,0.0
3160,14,29,0,2.0,0.0,0,14.0,16.0,6.0,5.0,7.0,17.0,5.0,7.0,3.0,2.0,0.0,0.0
3161,45,40,0,0.0,0.0,1,20.0,10.0,3.0,2.0,10.0,13.0,6.0,2.0,2.0,5.0,0.0,0.0
3162,0,30,1,0.0,0.0,1,9.0,11.0,5.0,4.0,6.0,13.0,8.0,3.0,1.0,0.0,0.0,0.0
3163,26,44,0,2.0,0.0,0,21.0,6.0,7.0,1.0,9.0,13.0,3.0,2.0,1.0,3.0,0.0,0.0
3164,41,43,1,0.0,0.0,1,11.0,10.0,5.0,2.0,15.0,16.0,7.0,2.0,2.0,1.0,0.0,0.0
3165,6,42,1,0.0,0.0,1,8.0,16.0,1.0,4.0,10.0,15.0,7.0,4.0,2.0,4.0,0.0,0.0
3166,11,18,0,1.0,0.0,0,9.0,20.0,3.0,8.0,16.0,15.0,2.0,8.0,2.0,3.0,0.0,0.0
3167,21,39,2,0.0,1.0,2,9.0,12.0,2.0,6.0,16.0,8.0,5.0,7.0,2.0,3.0,0.0,0.0
3168,25,16,0,1.0,0.0,0,17.0,23.0,4.0,7.0,10.0,8.0,8.0,8.0,0.0,0.0,0.0,0.0
3169,26,29,1,0.0,0.0,1,9.0,7.0,3.0,1.0,14.0,20.0,3.0,1.0,0.0,4.0,0.0,0.0
3170,30,43,2,0.0,0.0,1,10.0,4.0,3.0,2.0,15.0,10.0,4.0,6.0,4.0,1.0,0.0,0.0
3171,38,11,0,0.0,0.0,1,34.0,6.0,14.0,1.0,11.0,10.0,8.0,4.0,1.0,2.0,0.0,0.0
3172,16,45,2,0.0,1.0,2,12.0,12.0,3.0,4.0,12.0,13.0,7.0,6.0,1.0,3.0,0.0,1.0
3173,0,41,0,2.0,1.0,0,16.0,13.0,6.0,6.0,7.0,10.0,5.0,6.0,0.0,1.0,1.0,0.0
3174,14,25,0,2.0,0.0,0,16.0,5.0,6.0,0.0,6.0,12.0,8.0,5.0,1.0,1.0,0.0,0.0
3175,28,18,1,0.0,0.0,1,19.0,3.0,8.0,2.0,7.0,9.0,13.0,1.0,0.0,2.0,0.0,0.0
3176,39,40,0,2.0,0.0,0,18.0,11.0,6.0,1.0,10.0,13.0,6.0,4.0,1.0,1.0,0.0,0.0
3177,44,42,1,0.0,0.0,1,8.0,20.0,4.0,8.0,14.0,10.0,5.0,8.0,2.0,2.0,0.0,0.0
3178,6,21,0,3.0,1.0,0,22.0,11.0,10.0,4.0,8.0,14.0,5.0,4.0,0.0,3.0,0.0,0.0
3179,11,0,2,0.0,0.0,1,10.0,18.0,1.0,3.0,2.0,3.0,2.0,6.0,0.0,0.0,0.0,0.0
3180,25,38,1,0.0,0.0,1,9.0,11.0,1.0,5.0,9.0,9.0,3.0,6.0,1.0,0.0,0.0,0.0
3181,29,39,1,0.0,0.0,1,24.0,7.0,9.0,6.0,14.0,9.0,13.0,2.0,3.0,0.0,0.0,0.0
3182,42,28,0,2.0,0.0,0,13.0,12.0,7.0,6.0,20.0,10.0,4.0,3.0,2.0,2.0,0.0,0.0
3183,40,44,1,0.0,1.0,2,7.0,17.0,2.0,7.0,7.0,13.0,6.0,5.0,1.0,3.0,0.0,0.0
3184,45,30,1,0.0,0.0,1,19.0,9.0,2.0,3.0,13.0,12.0,4.0,5.0,2.0,3.0,0.0,0.0
3185,21,14,2,0.0,0.0,1,8.0,22.0,3.0,9.0,13.0,15.0,5.0,7.0,2.0,2.0,0.0,0.0
3186,41,26,2,1.0,0.0,0,8.0,18.0,3.0,6.0,11.0,9.0,3.0,10.0,2.0,2.0,0.0,0.0
3187,43,6,1,0.0,1.0,2,17.0,11.0,7.0,2.0,17.0,12.0,4.0,5.0,3.0,4.0,0.0,0.0
3188,18,16,1,1.0,0.0,0,13.0,10.0,3.0,2.0,16.0,11.0,10.0,9.0,5.0,4.0,0.0,0.0
3189,11,43,0,1.0,0.0,0,13.0,12.0,4.0,3.0,11.0,15.0,7.0,6.0,1.0,3.0,0.0,0.0
3190,45,38,2,0.0,1.0,2,13.0,18.0,1.0,9.0,9.0,14.0,6.0,2.0,5.0,2.0,0.0,0.0
3191,40,16,2,1.0,0.0,0,11.0,20.0,4.0,4.0,15.0,12.0,3.0,5.0,0.0,2.0,0.0,0.0
3192,0,14,0,3.0,0.0,0,14.0,9.0,5.0,2.0,9.0,11.0,9.0,1.0,0.0,2.0,0.0,0.0
3193,41,28,2,1.0,1.0,1,13.0,18.0,5.0,4.0,15.0,9.0,2.0,7.0,2.0,4.0,0.0,0.0
3194,29,25,0,4.0,0.0,0,16.0,10.0,7.0,3.0,9.0,12.0,8.0,6.0,0.0,2.0,0.0,0.0
3195,6,18,0,1.0,0.0,0,12.0,13.0,1.0,2.0,10.0,14.0,5.0,3.0,2.0,2.0,0.0,0.0
3196,39,44,1,0.0,0.0,1,12.0,9.0,2.0,3.0,9.0,13.0,6.0,6.0,3.0,4.0,0.0,0.0
3197,30,42,2,0.0,2.0,2,6.0,19.0,2.0,5.0,14.0,9.0,2.0,10.0,2.0,1.0,0.0,0.0
3198,26,21,0,3.0,0.0,0,32.0,2.0,12.0,1.0,8.0,8.0,13.0,2.0,1.0,2.0,0.0,1.0
3199,16,39,0,2.0,0.0,0,14.0,11.0,8.0,4.0,15.0,9.0,10.0,5.0,2.0,1.0,0.0,0.0
3200,43,29,0,1.0,0.0,0,10.0,15.0,5.0,2.0,14.0,19.0,5.0,7.0,3.0,4.0,0.0,0.0
3201,38,41,0,0.0,0.0,1,19.0,9.0,6.0,3.0,14.0,9.0,7.0,1.0,1.0,1.0,0.0,0.0
3202,42,40,0,0.0,0.0,1,31.0,6.0,9.0,2.0,7.0,16.0,14.0,1.0,1.0,5.0,0.0,1.0
3203,25,11,0,1.0,0.0,0,14.0,7.0,6.0,2.0,10.0,9.0,7.0,1.0,0.0,1.0,0.0,0.0
3204,21,0,2,0.0,1.0,2,6.0,24.0,2.0,9.0,9.0,12.0,2.0,4.0,0.0,2.0,1.0,0.0
3205,28,6,0,2.0,0.0,0,20.0,6.0,12.0,2.0,8.0,11.0,5.0,5.0,1.0,1.0,1.0,0.0
3206,44,45,0,3.0,0.0,0,8.0,23.0,6.0,5.0,14.0,6.0,2.0,6.0,2.0,1.0,0.0,0.0
3207,18,30,0,3.0,1.0,0,11.0,7.0,6.0,0.0,5.0,15.0,6.0,3.0,2.0,1.0,0.0,0.0
3208,14,26,2,0.0,2.0,2,12.0,13.0,4.0,5.0,6.0,13.0,6.0,4.0,1.0,1.0,0.0,0.0
3209,40,18,2,0.0,0.0,1,11.0,20.0,2.0,9.0,11.0,8.0,5.0,4.0,1.0,1.0,0.0,0.0
3210,41,14,1,0.0,1.0,2,6.0,28.0,2.0,7.0,17.0,8.0,1.0,11.0,3.0,4.0,0.0,0.0
3211,11,21,1,0.0,0.0,1,13.0,11.0,2.0,3.0,13.0,3.0,5.0,9.0,2.0,0.0,0.0,0.0
3212,30,16,2,1.0,1.0,1,12.0,12.0,4.0,4.0,5.0,9.0,6.0,6.0,1.0,2.0,0.0,0.0
3213,39,42,2,0.0,1.0,2,15.0,20.0,2.0,8.0,13.0,18.0,10.0,8.0,3.0,2.0,0.0,0.0
3214,6,44,0,0.0,0.0,1,12.0,12.0,5.0,2.0,9.0,11.0,10.0,5.0,1.0,3.0,0.0,0.0
3215,0,38,0,1.0,1.0,1,17.0,11.0,2.0,5.0,10.0,8.0,6.0,1.0,2.0,5.0,0.0,0.0
3216,26,25,0,2.0,1.0,0,17.0,12.0,11.0,3.0,4.0,8.0,1.0,7.0,1.0,2.0,0.0,0.0
3217,29,28,2,1.0,2.0,2,14.0,18.0,3.0,6.0,15.0,10.0,4.0,4.0,4.0,2.0,0.0,0.0
3218,45,43,2,2.0,2.0,1,19.0,13.0,4.0,8.0,10.0,15.0,4.0,4.0,2.0,2.0,0.0,0.0
3219,28,45,0,2.0,0.0,0,22.0,9.0,5.0,2.0,5.0,10.0,5.0,4.0,1.0,3.0,0.0,0.0
3220,44,30,1,0.0,0.0,1,13.0,7.0,2.0,2.0,12.0,11.0,5.0,4.0,1.0,3.0,0.0,0.0
3221,18,39,0,0.0,0.0,1,21.0,8.0,9.0,1.0,14.0,11.0,9.0,2.0,2.0,1.0,0.0,0.0
3222,25,41,0,1.0,0.0,0,13.0,9.0,6.0,3.0,14.0,10.0,4.0,6.0,2.0,2.0,0.0,0.0
3223,43,0,2,0.0,3.0,2,14.0,10.0,6.0,7.0,18.0,15.0,3.0,2.0,6.0,1.0,0.0,0.0
3224,16,6,1,0.0,1.0,2,24.0,10.0,5.0,3.0,15.0,10.0,10.0,4.0,2.0,1.0,0.0,0.0
3225,38,40,1,0.0,0.0,1,16.0,5.0,7.0,2.0,15.0,8.0,5.0,5.0,2.0,2.0,0.0,0.0
3226,14,11,0,2.0,0.0,0,22.0,6.0,10.0,0.0,6.0,9.0,9.0,5.0,2.0,2.0,0.0,0.0
3227,21,29,2,0.0,0.0,1,8.0,29.0,2.0,9.0,9.0,6.0,1.0,6.0,2.0,3.0,0.0,0.0
3228,42,26,1,0.0,1.0,2,11.0,13.0,4.0,3.0,11.0,17.0,5.0,5.0,3.0,5.0,0.0,0.0
3229,45,6,0,0.0,0.0,1,15.0,8.0,2.0,5.0,15.0,15.0,1.0,6.0,3.0,1.0,0.0,1.0
3230,40,30,2,0.0,2.0,2,18.0,8.0,5.0,3.0,11.0,14.0,8.0,1.0,1.0,1.0,0.0,0.0
3231,25,0,1,0.0,0.0,1,8.0,13.0,1.0,4.0,11.0,7.0,2.0,7.0,1.0,2.0,0.0,0.0
3232,41,21,2,0.0,0.0,1,13.0,12.0,3.0,4.0,7.0,10.0,8.0,3.0,0.0,0.0,0.0,0.0
3233,42,16,0,0.0,0.0,1,20.0,10.0,5.0,2.0,19.0,9.0,10.0,4.0,3.0,3.0,0.0,0.0
3234,44,18,2,1.0,1.0,1,11.0,13.0,4.0,7.0,16.0,10.0,7.0,4.0,3.0,1.0,0.0,0.0
3235,39,28,2,0.0,2.0,2,8.0,12.0,3.0,6.0,12.0,13.0,7.0,7.0,3.0,4.0,0.0,0.0
3236,11,26,0,2.0,0.0,0,3.0,26.0,2.0,5.0,14.0,5.0,1.0,12.0,0.0,1.0,0.0,0.0
3237,43,14,2,0.0,0.0,1,6.0,13.0,2.0,4.0,20.0,10.0,0.0,5.0,4.0,3.0,0.0,0.0
3238,29,38,0,1.0,0.0,0,12.0,13.0,5.0,1.0,11.0,8.0,4.0,0.0,0.0,0.0,0.0,0.0
3239,14,45,0,0.0,0.0,1,16.0,7.0,6.0,3.0,16.0,16.0,7.0,1.0,5.0,2.0,0.0,0.0
3240,6,29,2,0.0,1.0,2,9.0,11.0,3.0,7.0,7.0,10.0,4.0,2.0,0.0,1.0,0.0,0.0
3241,0,26,2,1.0,1.0,1,9.0,16.0,5.0,7.0,13.0,17.0,5.0,4.0,3.0,3.0,0.0,0.0
3242,18,42,1,1.0,0.0,0,12.0,13.0,6.0,4.0,10.0,14.0,5.0,6.0,0.0,0.0,0.0,0.0
3243,16,44,2,0.0,0.0,1,14.0,13.0,4.0,3.0,12.0,15.0,3.0,6.0,2.0,2.0,0.0,0.0
3244,38,43,1,0.0,1.0,2,24.0,5.0,6.0,1.0,8.0,12.0,6.0,2.0,1.0,2.0,0.0,1.0
3245,21,25,0,1.0,0.0,0,14.0,18.0,5.0,5.0,8.0,17.0,5.0,3.0,2.0,2.0,0.0,0.0
3246,11,41,2,0.0,0.0,1,10.0,17.0,3.0,9.0,10.0,14.0,7.0,4.0,3.0,2.0,0.0,0.0
3247,30,39,1,1.0,0.0,0,12.0,12.0,2.0,1.0,18.0,14.0,9.0,6.0,3.0,5.0,0.0,0.0
3248,28,40,0,1.0,0.0,0,16.0,7.0,4.0,3.0,11.0,14.0,9.0,6.0,1.0,2.0,0.0,0.0
3249,29,6,0,1.0,0.0,0,12.0,7.0,5.0,0.0,9.0,8.0,7.0,1.0,1.0,0.0,0.0,0.0
3250,44,26,1,1.0,1.0,1,13.0,7.0,1.0,3.0,11.0,14.0,7.0,5.0,3.0,1.0,0.0,0.0
3251,14,25,1,0.0,0.0,1,17.0,18.0,4.0,5.0,4.0,12.0,7.0,6.0,0.0,0.0,0.0,0.0
3252,38,16,0,1.0,0.0,0,18.0,16.0,5.0,4.0,7.0,14.0,2.0,5.0,1.0,2.0,0.0,0.0
3253,18,32,0,2.0,0.0,0,15.0,10.0,8.0,2.0,7.0,11.0,4.0,11.0,0.0,0.0,0.0,0.0
3254,0,1,0,1.0,0.0,0,16.0,5.0,7.0,2.0,12.0,6.0,5.0,4.0,0.0,1.0,0.0,0.0
3255,41,28,1,1.0,1.0,1,4.0,18.0,1.0,5.0,4.0,19.0,4.0,4.0,1.0,3.0,0.0,0.0
3256,31,42,0,2.0,0.0,0,19.0,17.0,10.0,5.0,7.0,6.0,3.0,8.0,1.0,2.0,1.0,0.0
3257,43,40,1,0.0,1.0,2,21.0,6.0,6.0,4.0,11.0,10.0,7.0,4.0,1.0,0.0,0.0,0.0
3258,39,45,0,0.0,1.0,2,7.0,20.0,4.0,7.0,8.0,12.0,4.0,10.0,3.0,1.0,0.0,0.0
3259,32,43,0,3.0,1.0,0,18.0,12.0,6.0,7.0,8.0,12.0,5.0,1.0,2.0,3.0,0.0,0.0
3260,26,14,1,0.0,1.0,2,28.0,13.0,9.0,7.0,11.0,12.0,7.0,3.0,3.0,1.0,0.0,0.0
3261,40,18,0,2.0,0.0,0,14.0,17.0,8.0,6.0,15.0,7.0,5.0,5.0,1.0,0.0,0.0,0.0
3262,45,29,0,1.0,0.0,0,20.0,3.0,6.0,2.0,6.0,18.0,6.0,2.0,1.0,3.0,0.0,0.0
3263,28,0,1,1.0,1.0,1,14.0,5.0,3.0,2.0,16.0,10.0,7.0,2.0,2.0,1.0,0.0,0.0
3264,42,38,2,1.0,1.0,1,20.0,10.0,6.0,2.0,8.0,16.0,10.0,2.0,0.0,3.0,0.0,0.0
3265,26,43,0,1.0,0.0,0,19.0,14.0,5.0,3.0,10.0,15.0,8.0,8.0,1.0,2.0,0.0,0.0
3266,1,31,1,0.0,0.0,1,2.0,9.0,0.0,3.0,8.0,13.0,0.0,5.0,1.0,1.0,0.0,0.0
3267,40,14,0,1.0,2.0,2,15.0,9.0,4.0,8.0,11.0,9.0,3.0,3.0,4.0,1.0,0.0,1.0
3268,25,18,0,2.0,0.0,0,32.0,9.0,8.0,5.0,4.0,12.0,12.0,4.0,0.0,3.0,0.0,0.0
3269,45,41,2,0.0,2.0,2,25.0,13.0,7.0,6.0,11.0,8.0,13.0,3.0,3.0,0.0,0.0,0.0
3270,6,44,1,0.0,1.0,2,12.0,12.0,4.0,4.0,5.0,8.0,5.0,3.0,2.0,1.0,0.0,0.0
3271,16,39,0,0.0,1.0,2,17.0,12.0,4.0,3.0,8.0,18.0,4.0,3.0,2.0,3.0,0.0,0.0
3272,32,29,2,0.0,0.0,1,8.0,15.0,2.0,2.0,11.0,10.0,1.0,6.0,1.0,0.0,0.0,0.0
3273,14,42,1,0.0,2.0,2,13.0,16.0,5.0,5.0,9.0,20.0,7.0,8.0,3.0,9.0,0.0,0.0
3274,29,25,1,1.0,1.0,1,21.0,14.0,6.0,3.0,16.0,10.0,6.0,5.0,3.0,0.0,0.0,1.0
3275,38,28,0,2.0,1.0,0,14.0,6.0,7.0,5.0,12.0,9.0,8.0,2.0,2.0,1.0,0.0,0.0
3276,41,26,0,2.0,0.0,0,18.0,11.0,9.0,3.0,12.0,13.0,4.0,7.0,2.0,2.0,0.0,1.0
3277,43,1,0,1.0,1.0,1,18.0,7.0,6.0,2.0,14.0,10.0,8.0,4.0,2.0,3.0,0.0,1.0
3278,0,32,0,0.0,0.0,1,14.0,12.0,3.0,3.0,8.0,7.0,7.0,3.0,1.0,0.0,0.0,0.0
3279,31,16,0,0.0,0.0,1,10.0,9.0,4.0,3.0,11.0,12.0,4.0,8.0,2.0,0.0,0.0,0.0
3280,44,45,2,0.0,2.0,2,15.0,8.0,5.0,4.0,14.0,7.0,8.0,6.0,0.0,0.0,0.0,0.0
3281,39,40,1,0.0,0.0,1,11.0,14.0,3.0,5.0,13.0,13.0,2.0,8.0,2.0,2.0,0.0,0.0
3282,18,6,0,1.0,1.0,1,12.0,16.0,5.0,2.0,4.0,8.0,3.0,5.0,1.0,0.0,0.0,0.0
3283,42,44,1,1.0,0.0,0,19.0,16.0,2.0,3.0,8.0,13.0,9.0,7.0,0.0,1.0,0.0,0.0
3284,25,41,0,2.0,0.0,0,18.0,9.0,9.0,1.0,15.0,10.0,4.0,6.0,1.0,2.0,0.0,0.0
3285,40,0,1,0.0,0.0,1,12.0,20.0,3.0,7.0,10.0,8.0,7.0,7.0,2.0,4.0,0.0,0.0
3286,6,14,2,1.0,2.0,2,13.0,16.0,4.0,4.0,11.0,4.0,10.0,7.0,1.0,0.0,0.0,0.0
3287,28,39,0,2.0,0.0,0,11.0,14.0,6.0,2.0,8.0,8.0,9.0,4.0,0.0,0.0,0.0,0.0
3288,26,31,1,2.0,0.0,0,13.0,6.0,4.0,3.0,8.0,17.0,5.0,4.0,1.0,1.0,0.0,0.0
3289,1,38,2,1.0,2.0,2,16.0,17.0,7.0,7.0,8.0,9.0,6.0,11.0,2.0,0.0,0.0,0.0
3290,0,44,0,2.0,0.0,0,16.0,8.0,7.0,1.0,14.0,14.0,2.0,6.0,0.0,1.0,0.0,0.0
3291,26,18,0,2.0,0.0,0,37.0,3.0,13.0,0.0,8.0,11.0,9.0,1.0,1.0,1.0,0.0,1.0
3292,29,16,0,1.0,0.0,0,16.0,5.0,10.0,0.0,13.0,7.0,10.0,2.0,1.0,2.0,0.0,0.0
3293,45,43,0,2.0,0.0,0,18.0,7.0,7.0,4.0,11.0,17.0,4.0,2.0,0.0,2.0,0.0,1.0
3294,31,28,1,1.0,1.0,1,5.0,9.0,3.0,5.0,13.0,8.0,5.0,3.0,3.0,2.0,0.0,0.0
3295,39,42,2,0.0,1.0,2,12.0,23.0,2.0,6.0,12.0,12.0,5.0,3.0,2.0,0.0,0.0,0.0
3296,6,26,2,0.0,2.0,2,18.0,19.0,5.0,6.0,9.0,9.0,5.0,4.0,0.0,0.0,0.0,0.0
3297,0,16,1,1.0,0.0,0,21.0,7.0,6.0,2.0,7.0,13.0,10.0,5.0,0.0,2.0,0.0,0.0
3298,25,45,1,1.0,0.0,0,6.0,19.0,2.0,4.0,14.0,14.0,0.0,5.0,1.0,3.0,1.0,0.0
3299,18,38,1,0.0,0.0,1,7.0,18.0,2.0,4.0,8.0,14.0,3.0,10.0,1.0,1.0,0.0,0.0
3300,29,1,0,1.0,0.0,0,13.0,7.0,4.0,1.0,9.0,10.0,14.0,3.0,0.0,1.0,0.0,0.0
3301,14,28,2,0.0,1.0,2,11.0,11.0,4.0,8.0,12.0,15.0,11.0,3.0,2.0,3.0,1.0,0.0
3302,44,43,2,0.0,1.0,2,16.0,11.0,4.0,4.0,11.0,17.0,9.0,3.0,0.0,3.0,0.0,0.0
3303,32,40,2,0.0,1.0,2,19.0,8.0,6.0,3.0,7.0,11.0,14.0,0.0,2.0,2.0,0.0,0.0
3304,31,41,0,1.0,0.0,0,12.0,11.0,7.0,1.0,13.0,9.0,3.0,7.0,2.0,1.0,0.0,0.0
3305,16,18,1,0.0,0.0,1,18.0,9.0,6.0,5.0,7.0,9.0,10.0,7.0,0.0,1.0,0.0,1.0
3306,42,29,0,0.0,0.0,1,16.0,5.0,8.0,1.0,10.0,10.0,2.0,7.0,3.0,3.0,0.0,0.0
3307,26,39,0,2.0,1.0,0,14.0,10.0,6.0,3.0,14.0,14.0,6.0,3.0,0.0,2.0,0.0,0.0
3308,40,25,2,0.0,0.0,1,15.0,17.0,1.0,7.0,9.0,9.0,1.0,7.0,1.0,1.0,0.0,0.0
3309,1,6,2,0.0,1.0,2,6.0,12.0,1.0,3.0,13.0,11.0,3.0,8.0,2.0,2.0,0.0,0.0
3310,16,32,0,0.0,0.0,1,13.0,13.0,6.0,4.0,13.0,10.0,10.0,4.0,2.0,1.0,0.0,0.0
3311,28,44,0,1.0,1.0,1,13.0,13.0,4.0,2.0,10.0,7.0,8.0,8.0,0.0,1.0,0.0,0.0
3312,45,0,1,2.0,2.0,1,19.0,11.0,7.0,6.0,11.0,8.0,7.0,4.0,2.0,0.0,0.0,0.0
3313,43,18,1,1.0,1.0,1,13.0,12.0,5.0,7.0,13.0,10.0,7.0,6.0,2.0,1.0,0.0,0.0
3314,41,14,0,1.0,0.0,0,12.0,8.0,6.0,2.0,15.0,13.0,1.0,9.0,5.0,4.0,0.0,0.0
3315,38,31,0,2.0,0.0,0,20.0,5.0,6.0,3.0,8.0,7.0,11.0,2.0,0.0,0.0,0.0,0.0
3316,25,38,0,1.0,0.0,0,11.0,10.0,4.0,2.0,12.0,13.0,7.0,8.0,2.0,2.0,0.0,0.0
3317,29,18,0,0.0,0.0,1,10.0,7.0,2.0,1.0,15.0,6.0,5.0,5.0,2.0,0.0,0.0,0.0
3318,0,43,0,2.0,0.0,0,19.0,6.0,12.0,2.0,7.0,10.0,8.0,3.0,1.0,1.0,0.0,0.0
3319,26,42,1,0.0,0.0,1,15.0,18.0,7.0,5.0,11.0,11.0,12.0,9.0,2.0,0.0,0.0,0.0
3320,40,44,1,0.0,0.0,1,22.0,3.0,7.0,0.0,11.0,13.0,9.0,3.0,1.0,1.0,0.0,0.0
3321,39,41,1,1.0,0.0,0,12.0,12.0,5.0,3.0,6.0,16.0,5.0,5.0,0.0,1.0,0.0,0.0
3322,1,14,2,0.0,2.0,2,15.0,11.0,4.0,8.0,12.0,8.0,7.0,2.0,4.0,1.0,1.0,0.0
3323,6,28,2,0.0,3.0,2,11.0,15.0,2.0,7.0,9.0,8.0,4.0,4.0,0.0,1.0,0.0,0.0
3324,32,31,0,1.0,0.0,0,13.0,13.0,6.0,5.0,6.0,11.0,6.0,5.0,0.0,0.0,0.0,0.0
3325,45,16,1,2.0,1.0,0,18.0,12.0,6.0,5.0,12.0,19.0,4.0,5.0,2.0,2.0,1.0,0.0
3326,28,29,2,0.0,1.0,2,26.0,5.0,2.0,3.0,9.0,12.0,11.0,5.0,1.0,1.0,0.0,0.0
3327,31,40,1,0.0,1.0,2,17.0,14.0,8.0,4.0,14.0,7.0,2.0,5.0,4.0,1.0,0.0,0.0
3328,42,6,0,2.0,0.0,0,17.0,2.0,8.0,0.0,11.0,6.0,4.0,5.0,0.0,1.0,0.0,0.0
3329,38,26,0,0.0,2.0,2,16.0,18.0,5.0,9.0,10.0,13.0,3.0,5.0,1.0,3.0,0.0,0.0
3330,43,39,2,0.0,1.0,2,9.0,9.0,4.0,6.0,10.0,14.0,9.0,2.0,3.0,1.0,0.0,0.0
3331,44,32,2,0.0,0.0,1,10.0,7.0,0.0,1.0,8.0,13.0,4.0,3.0,1.0,2.0,0.0,0.0
3332,14,45,1,1.0,1.0,1,22.0,13.0,5.0,6.0,13.0,14.0,10.0,9.0,3.0,5.0,0.0,0.0
3333,41,1,0,0.0,0.0,1,10.0,12.0,1.0,2.0,9.0,10.0,4.0,6.0,3.0,2.0,0.0,0.0
3334,16,25,2,0.0,1.0,2,12.0,8.0,4.0,3.0,9.0,13.0,10.0,7.0,1.0,1.0,0.0,0.0
3335,18,0,2,0.0,2.0,2,8.0,11.0,2.0,3.0,7.0,10.0,7.0,5.0,0.0,0.0,0.0,0.0
3336,25,31,0,1.0,0.0,0,10.0,13.0,1.0,2.0,4.0,9.0,8.0,4.0,0.0,0.0,0.0,0.0
3337,1,42,2,0.0,1.0,2,11.0,19.0,2.0,8.0,6.0,6.0,5.0,8.0,0.0,0.0,0.0,0.0
3338,32,28,1,0.0,0.0,1,5.0,15.0,0.0,3.0,15.0,10.0,3.0,8.0,3.0,1.0,0.0,0.0
3339,6,41,0,1.0,1.0,1,12.0,12.0,4.0,4.0,12.0,11.0,5.0,3.0,1.0,0.0,0.0,0.0
3340,39,38,2,0.0,2.0,2,13.0,11.0,2.0,4.0,13.0,12.0,1.0,4.0,1.0,2.0,0.0,1.0
3341,16,26,2,0.0,0.0,1,14.0,19.0,4.0,5.0,12.0,16.0,6.0,6.0,1.0,2.0,0.0,1.0
3342,44,29,0,0.0,0.0,1,9.0,7.0,2.0,1.0,8.0,7.0,4.0,5.0,1.0,0.0,0.0,1.0
3343,43,25,2,0.0,0.0,1,11.0,14.0,4.0,7.0,10.0,11.0,3.0,8.0,2.0,2.0,0.0,0.0
3344,18,45,2,1.0,0.0,0,15.0,17.0,8.0,5.0,12.0,13.0,9.0,6.0,2.0,3.0,1.0,0.0
3345,28,1,0,0.0,0.0,1,22.0,2.0,9.0,1.0,10.0,10.0,9.0,1.0,0.0,1.0,0.0,0.0
3346,42,0,1,0.0,1.0,2,26.0,10.0,11.0,4.0,9.0,10.0,9.0,2.0,2.0,2.0,0.0,1.0
3347,31,6,2,0.0,1.0,2,14.0,16.0,3.0,5.0,13.0,8.0,5.0,4.0,1.0,3.0,0.0,0.0
3348,38,40,1,0.0,0.0,1,16.0,11.0,5.0,3.0,9.0,9.0,12.0,2.0,2.0,1.0,1.0,0.0
3349,41,32,0,0.0,0.0,1,10.0,8.0,3.0,3.0,14.0,15.0,5.0,0.0,2.0,5.0,0.0,0.0
3350,14,39,1,1.0,0.0,0,20.0,16.0,7.0,5.0,9.0,10.0,8.0,4.0,1.0,2.0,0.0,0.0
3351,0,41,2,1.0,1.0,1,18.0,11.0,4.0,2.0,8.0,11.0,7.0,3.0,0.0,2.0,0.0,0.0
3352,39,31,0,0.0,0.0,1,9.0,5.0,2.0,3.0,11.0,6.0,5.0,2.0,1.0,0.0,0.0,0.0
3353,45,42,0,1.0,0.0,0,14.0,9.0,3.0,2.0,10.0,11.0,6.0,3.0,0.0,3.0,0.0,0.0
3354,29,43,0,0.0,0.0,1,14.0,13.0,3.0,3.0,7.0,17.0,9.0,7.0,1.0,2.0,0.0,0.0
3355,26,28,0,2.0,0.0,0,11.0,4.0,7.0,2.0,14.0,14.0,3.0,2.0,0.0,1.0,0.0,0.0
3356,6,38,0,1.0,0.0,0,9.0,6.0,4.0,1.0,11.0,18.0,10.0,2.0,0.0,0.0,0.0,0.0
3357,32,14,2,0.0,2.0,2,13.0,10.0,2.0,2.0,17.0,5.0,4.0,4.0,3.0,2.0,0.0,0.0
3358,25,44,1,2.0,1.0,0,22.0,11.0,5.0,3.0,10.0,8.0,11.0,3.0,0.0,2.0,0.0,0.0
3359,1,18,2,0.0,2.0,2,14.0,10.0,5.0,7.0,8.0,7.0,9.0,8.0,3.0,1.0,0.0,0.0
3360,40,16,1,1.0,0.0,0,17.0,13.0,6.0,5.0,11.0,14.0,4.0,5.0,1.0,1.0,0.0,0.0
3361,29,0,0,2.0,1.0,0,7.0,13.0,5.0,5.0,21.0,15.0,2.0,3.0,4.0,3.0,0.0,0.0
3362,42,41,0,0.0,1.0,2,34.0,10.0,14.0,4.0,11.0,14.0,7.0,7.0,2.0,3.0,0.0,0.0
3363,43,6,1,0.0,0.0,1,14.0,11.0,1.0,3.0,14.0,17.0,4.0,5.0,3.0,1.0,0.0,0.0
3364,38,14,2,1.0,0.0,0,7.0,16.0,2.0,4.0,10.0,11.0,7.0,8.0,3.0,1.0,0.0,0.0
3365,45,40,0,1.0,0.0,0,9.0,13.0,3.0,4.0,11.0,9.0,5.0,6.0,1.0,0.0,0.0,0.0
3366,25,32,0,0.0,0.0,1,13.0,9.0,3.0,1.0,9.0,11.0,3.0,4.0,0.0,2.0,0.0,0.0
3367,39,1,0,0.0,0.0,1,11.0,5.0,3.0,1.0,7.0,15.0,11.0,0.0,0.0,3.0,0.0,0.0
3368,44,16,0,3.0,0.0,0,11.0,15.0,5.0,2.0,14.0,16.0,3.0,6.0,2.0,2.0,0.0,0.0
3369,1,26,2,0.0,2.0,2,6.0,11.0,1.0,9.0,10.0,9.0,0.0,6.0,3.0,1.0,0.0,0.0
3370,28,42,2,0.0,0.0,1,19.0,6.0,4.0,3.0,12.0,17.0,7.0,1.0,1.0,3.0,0.0,0.0
3371,0,25,0,0.0,1.0,2,24.0,7.0,6.0,3.0,9.0,10.0,11.0,1.0,4.0,3.0,0.0,1.0
3372,14,31,0,3.0,0.0,0,15.0,10.0,5.0,4.0,16.0,14.0,8.0,3.0,0.0,1.0,1.0,0.0
3373,18,44,2,0.0,1.0,2,34.0,5.0,6.0,1.0,9.0,12.0,14.0,1.0,1.0,3.0,0.0,0.0
3374,16,43,2,1.0,1.0,1,14.0,10.0,7.0,3.0,11.0,16.0,8.0,5.0,0.0,2.0,0.0,0.0
3375,32,45,1,0.0,0.0,1,13.0,11.0,3.0,6.0,16.0,11.0,3.0,3.0,2.0,2.0,0.0,0.0
3376,41,38,2,0.0,0.0,1,13.0,13.0,2.0,5.0,10.0,12.0,5.0,4.0,0.0,3.0,0.0,0.0
3377,40,29,0,1.0,1.0,1,21.0,12.0,5.0,6.0,7.0,15.0,6.0,8.0,2.0,3.0,0.0,0.0
3378,6,39,2,0.0,1.0,2,11.0,11.0,2.0,6.0,7.0,18.0,9.0,2.0,4.0,2.0,0.0,0.0
3379,6,0,2,0.0,2.0,2,17.0,10.0,4.0,5.0,6.0,8.0,7.0,3.0,0.0,1.0,0.0,0.0
3380,14,29,1,0.0,0.0,1,16.0,17.0,5.0,7.0,6.0,9.0,10.0,11.0,0.0,3.0,0.0,0.0
3381,41,16,1,1.0,0.0,0,19.0,12.0,3.0,2.0,11.0,14.0,9.0,5.0,1.0,2.0,0.0,0.0
3382,28,25,2,0.0,1.0,2,22.0,14.0,4.0,7.0,9.0,15.0,11.0,4.0,2.0,2.0,0.0,0.0
3383,39,18,2,0.0,3.0,2,11.0,14.0,3.0,6.0,11.0,8.0,6.0,4.0,1.0,0.0,0.0,0.0
3384,31,44,0,1.0,0.0,0,19.0,7.0,7.0,0.0,12.0,12.0,8.0,4.0,0.0,3.0,0.0,0.0
3385,42,43,0,0.0,0.0,1,26.0,3.0,9.0,0.0,12.0,9.0,15.0,1.0,0.0,1.0,0.0,0.0
3386,26,40,1,0.0,0.0,1,16.0,7.0,5.0,2.0,4.0,12.0,7.0,2.0,1.0,1.0,0.0,0.0
3387,1,32,0,1.0,0.0,0,10.0,12.0,3.0,4.0,10.0,11.0,2.0,11.0,0.0,2.0,0.0,0.0
3388,38,45,0,1.0,0.0,0,8.0,18.0,2.0,2.0,17.0,10.0,4.0,5.0,1.0,2.0,1.0,0.0
3389,18,31,0,1.0,0.0,0,18.0,7.0,7.0,3.0,8.0,15.0,3.0,3.0,1.0,2.0,0.0,1.0
3390,43,14,1,0.0,0.0,1,12.0,12.0,3.0,4.0,10.0,13.0,7.0,7.0,2.0,1.0,0.0,0.0
3391,40,28,2,0.0,1.0,2,11.0,6.0,2.0,2.0,6.0,15.0,8.0,4.0,1.0,4.0,0.0,0.0
3392,0,38,1,0.0,0.0,1,21.0,14.0,11.0,3.0,11.0,19.0,13.0,3.0,2.0,1.0,0.0,0.0
3393,16,6,2,1.0,1.0,1,14.0,8.0,3.0,4.0,11.0,15.0,5.0,3.0,3.0,4.0,0.0,0.0
3394,32,42,2,0.0,2.0,2,10.0,17.0,2.0,6.0,8.0,9.0,6.0,8.0,2.0,2.0,0.0,0.0
3395,45,1,0,0.0,0.0,1,25.0,6.0,6.0,2.0,9.0,11.0,5.0,5.0,3.0,0.0,0.0,1.0
3396,44,41,1,0.0,0.0,1,17.0,18.0,7.0,4.0,12.0,13.0,7.0,7.0,0.0,0.0,0.0,0.0
3397,25,26,0,0.0,0.0,1,13.0,14.0,6.0,2.0,6.0,7.0,3.0,12.0,0.0,1.0,0.0,0.0
3398,29,39,0,2.0,0.0,0,15.0,10.0,5.0,0.0,13.0,13.0,2.0,5.0,2.0,1.0,0.0,0.0
3399,0,14,2,0.0,1.0,2,9.0,12.0,1.0,6.0,14.0,13.0,6.0,7.0,1.0,3.0,1.0,0.0
3400,18,41,2,1.0,2.0,2,20.0,7.0,2.0,5.0,5.0,12.0,7.0,1.0,0.0,3.0,0.0,0.0
3401,16,42,2,1.0,0.0,0,11.0,24.0,3.0,11.0,11.0,12.0,3.0,10.0,2.0,2.0,0.0,0.0
3402,45,28,1,1.0,1.0,1,10.0,16.0,3.0,3.0,11.0,15.0,5.0,2.0,2.0,3.0,0.0,0.0
3403,43,31,0,0.0,0.0,1,13.0,11.0,5.0,2.0,10.0,12.0,2.0,7.0,2.0,1.0,0.0,0.0
3404,29,38,2,0.0,0.0,1,8.0,7.0,1.0,2.0,11.0,8.0,4.0,4.0,0.0,0.0,0.0,0.0
3405,32,26,2,2.0,1.0,0,6.0,13.0,5.0,7.0,10.0,14.0,3.0,3.0,0.0,1.0,0.0,0.0
3406,25,39,0,1.0,0.0,0,15.0,3.0,5.0,2.0,10.0,13.0,8.0,4.0,0.0,1.0,0.0,0.0
3407,44,1,1,0.0,0.0,1,4.0,15.0,0.0,4.0,7.0,13.0,2.0,6.0,0.0,1.0,0.0,0.0
3408,40,6,1,1.0,1.0,1,10.0,15.0,5.0,5.0,5.0,9.0,3.0,4.0,1.0,1.0,0.0,0.0
3409,41,43,0,1.0,0.0,0,10.0,13.0,2.0,2.0,8.0,11.0,6.0,3.0,2.0,2.0,0.0,0.0
3410,26,29,2,0.0,0.0,1,19.0,7.0,4.0,1.0,6.0,18.0,5.0,4.0,0.0,2.0,0.0,0.0
3411,39,0,1,0.0,0.0,1,14.0,8.0,6.0,3.0,16.0,10.0,6.0,6.0,0.0,0.0,0.0,0.0
3412,31,45,0,2.0,0.0,0,23.0,10.0,10.0,3.0,9.0,4.0,3.0,3.0,1.0,0.0,0.0,0.0
3413,38,44,0,2.0,0.0,0,9.0,9.0,5.0,0.0,10.0,11.0,1.0,3.0,0.0,0.0,0.0,0.0
3414,28,16,0,2.0,0.0,0,17.0,9.0,4.0,3.0,10.0,11.0,5.0,6.0,0.0,2.0,0.0,0.0
3415,42,40,0,1.0,1.0,1,26.0,5.0,11.0,2.0,8.0,13.0,11.0,3.0,0.0,2.0,0.0,0.0
3416,1,25,1,0.0,1.0,2,14.0,12.0,5.0,5.0,13.0,15.0,3.0,4.0,3.0,2.0,0.0,0.0
3417,14,18,1,0.0,0.0,1,14.0,9.0,7.0,4.0,12.0,5.0,6.0,4.0,1.0,1.0,0.0,0.0
3418,6,32,0,1.0,0.0,0,15.0,10.0,8.0,3.0,8.0,13.0,5.0,3.0,1.0,1.0,0.0,0.0
3419,41,40,2,2.0,1.0,0,10.0,7.0,5.0,5.0,9.0,12.0,8.0,6.0,2.0,0.0,1.0,0.0
3420,39,32,0,0.0,0.0,1,14.0,5.0,4.0,2.0,5.0,8.0,7.0,3.0,0.0,1.0,0.0,1.0
3421,28,18,1,0.0,0.0,1,22.0,7.0,5.0,2.0,5.0,6.0,12.0,5.0,0.0,1.0,0.0,0.0
3422,38,43,0,1.0,0.0,0,15.0,4.0,7.0,1.0,9.0,11.0,8.0,1.0,1.0,2.0,0.0,0.0
3423,26,0,1,2.0,2.0,1,22.0,14.0,6.0,5.0,9.0,7.0,9.0,3.0,2.0,0.0,0.0,0.0
3424,14,44,1,1.0,1.0,1,14.0,13.0,2.0,6.0,13.0,8.0,7.0,7.0,3.0,3.0,0.0,0.0
3425,42,25,2,0.0,0.0,1,21.0,10.0,5.0,2.0,13.0,10.0,16.0,8.0,1.0,0.0,0.0,0.0
3426,1,16,0,0.0,0.0,1,13.0,9.0,3.0,1.0,15.0,9.0,9.0,0.0,2.0,1.0,0.0,0.0
3427,6,45,2,1.0,0.0,0,11.0,10.0,4.0,5.0,8.0,5.0,4.0,7.0,1.0,1.0,0.0,0.0
3428,31,29,1,1.0,2.0,2,14.0,12.0,6.0,4.0,10.0,12.0,5.0,3.0,1.0,3.0,0.0,0.0
3429,16,14,2,0.0,1.0,2,8.0,10.0,4.0,4.0,12.0,15.0,5.0,7.0,3.0,0.0,0.0,0.0
3430,18,42,1,1.0,1.0,1,12.0,19.0,3.0,4.0,8.0,11.0,4.0,4.0,1.0,2.0,0.0,0.0
3431,32,38,0,0.0,0.0,1,10.0,10.0,1.0,4.0,9.0,7.0,4.0,9.0,1.0,0.0,0.0,1.0
3432,0,31,0,0.0,0.0,1,16.0,15.0,3.0,6.0,10.0,9.0,7.0,4.0,2.0,2.0,0.0,0.0
3433,44,39,0,0.0,0.0,1,16.0,10.0,5.0,3.0,7.0,15.0,4.0,6.0,1.0,1.0,0.0,1.0
3434,25,6,1,0.0,0.0,1,16.0,9.0,2.0,0.0,9.0,5.0,7.0,1.0,1.0,1.0,0.0,1.0
3435,43,28,2,0.0,0.0,1,11.0,16.0,3.0,5.0,6.0,10.0,4.0,5.0,1.0,0.0,0.0,0.0
3436,45,26,0,1.0,0.0,0,18.0,23.0,10.0,2.0,11.0,8.0,3.0,9.0,1.0,1.0,0.0,0.0
3437,29,41,0,0.0,0.0,1,19.0,9.0,6.0,4.0,14.0,10.0,4.0,2.0,2.0,1.0,0.0,0.0
3438,40,1,0,1.0,0.0,0,13.0,8.0,6.0,3.0,8.0,13.0,3.0,3.0,3.0,4.0,0.0,0.0
3439,40,26,2,0.0,0.0,1,8.0,17.0,3.0,6.0,8.0,16.0,6.0,4.0,1.0,3.0,0.0,0.0
3440,25,28,1,0.0,0.0,1,11.0,21.0,4.0,5.0,11.0,8.0,1.0,13.0,1.0,3.0,0.0,0.0
3441,45,38,0,0.0,1.0,2,13.0,15.0,5.0,4.0,6.0,12.0,4.0,7.0,1.0,3.0,0.0,0.0
3442,44,31,0,0.0,0.0,1,22.0,7.0,5.0,2.0,7.0,13.0,18.0,6.0,0.0,0.0,0.0,0.0
3443,43,42,2,1.0,1.0,1,9.0,10.0,1.0,3.0,11.0,13.0,5.0,3.0,4.0,2.0,1.0,0.0
3444,32,1,0,1.0,0.0,0,9.0,6.0,4.0,3.0,10.0,21.0,3.0,7.0,2.0,5.0,0.0,0.0
3445,0,6,0,1.0,0.0,0,13.0,10.0,6.0,3.0,7.0,8.0,9.0,3.0,2.0,0.0,0.0,0.0
3446,16,41,1,0.0,0.0,1,10.0,5.0,2.0,3.0,11.0,16.0,7.0,4.0,3.0,2.0,0.0,0.0
3447,18,39,2,1.0,2.0,2,15.0,8.0,3.0,5.0,10.0,12.0,6.0,2.0,2.0,1.0,0.0,0.0
3448,29,14,1,0.0,0.0,1,12.0,8.0,2.0,3.0,16.0,6.0,5.0,3.0,4.0,2.0,0.0,0.0
3449,42,32,0,2.0,0.0,0,15.0,11.0,10.0,3.0,4.0,13.0,9.0,4.0,1.0,2.0,0.0,0.0
3450,6,16,1,0.0,0.0,1,10.0,8.0,4.0,0.0,10.0,13.0,8.0,9.0,1.0,0.0,0.0,0.0
3451,41,44,0,1.0,0.0,0,7.0,9.0,2.0,3.0,10.0,13.0,0.0,7.0,1.0,3.0,0.0,0.0
3452,14,43,1,1.0,1.0,1,17.0,12.0,2.0,3.0,7.0,15.0,9.0,4.0,1.0,4.0,0.0,0.0
3453,28,40,0,3.0,0.0,0,19.0,11.0,9.0,3.0,10.0,11.0,5.0,1.0,1.0,1.0,0.0,0.0
3454,26,25,0,0.0,0.0,1,25.0,7.0,4.0,3.0,11.0,8.0,7.0,6.0,2.0,1.0,0.0,0.0
3455,31,18,2,0.0,0.0,1,10.0,20.0,1.0,7.0,16.0,12.0,1.0,7.0,2.0,2.0,0.0,0.0
3456,38,0,0,1.0,0.0,0,15.0,7.0,5.0,4.0,10.0,9.0,3.0,4.0,1.0,0.0,0.0,0.0
3457,39,29,0,2.0,0.0,0,13.0,11.0,3.0,6.0,13.0,16.0,1.0,12.0,1.0,2.0,0.0,0.0
3458,1,45,1,0.0,1.0,2,15.0,10.0,8.0,4.0,14.0,13.0,9.0,6.0,3.0,3.0,0.0,0.0
3459,0,28,0,2.0,0.0,0,8.0,20.0,5.0,6.0,5.0,16.0,4.0,8.0,0.0,2.0,0.0,0.0
3460,43,26,0,2.0,0.0,0,6.0,12.0,5.0,4.0,6.0,9.0,7.0,9.0,1.0,0.0,0.0,0.0
3461,41,45,1,0.0,0.0,1,21.0,11.0,2.0,2.0,6.0,9.0,8.0,9.0,0.0,1.0,0.0,0.0
3462,31,1,1,1.0,0.0,0,8.0,10.0,4.0,7.0,9.0,14.0,3.0,7.0,1.0,3.0,0.0,0.0
3463,44,6,2,0.0,0.0,1,6.0,16.0,2.0,7.0,12.0,9.0,4.0,8.0,2.0,1.0,2.0,0.0
3464,38,42,2,0.0,2.0,2,11.0,13.0,4.0,6.0,18.0,9.0,4.0,7.0,1.0,1.0,0.0,0.0
3465,29,32,2,0.0,1.0,2,11.0,6.0,2.0,4.0,4.0,10.0,11.0,0.0,0.0,2.0,0.0,0.0
3466,14,40,0,2.0,0.0,0,17.0,11.0,7.0,3.0,12.0,12.0,2.0,2.0,1.0,3.0,0.0,0.0
3467,18,25,2,1.0,1.0,1,13.0,10.0,5.0,5.0,6.0,14.0,10.0,2.0,2.0,1.0,0.0,0.0
3468,39,16,2,0.0,1.0,2,26.0,12.0,5.0,3.0,6.0,12.0,7.0,3.0,2.0,0.0,0.0,0.0
3469,25,14,0,1.0,0.0,0,9.0,11.0,5.0,5.0,16.0,8.0,1.0,8.0,2.0,0.0,0.0,0.0
3470,26,44,1,1.0,1.0,1,28.0,4.0,8.0,2.0,7.0,10.0,4.0,4.0,0.0,0.0,0.0,0.0
3471,1,0,2,0.0,2.0,2,18.0,8.0,2.0,4.0,8.0,7.0,5.0,5.0,0.0,0.0,0.0,0.0
3472,42,31,2,1.0,0.0,0,20.0,8.0,8.0,4.0,13.0,14.0,6.0,2.0,2.0,2.0,0.0,0.0
3473,16,38,0,1.0,0.0,0,12.0,15.0,5.0,3.0,11.0,13.0,8.0,5.0,0.0,0.0,0.0,0.0
3474,32,18,1,0.0,1.0,2,9.0,15.0,2.0,3.0,9.0,6.0,5.0,4.0,1.0,0.0,0.0,0.0
3475,6,29,0,1.0,1.0,1,11.0,11.0,5.0,5.0,12.0,12.0,5.0,7.0,2.0,1.0,0.0,0.0
3476,45,39,1,0.0,0.0,1,22.0,12.0,9.0,3.0,7.0,9.0,11.0,7.0,1.0,2.0,0.0,0.0
3477,28,41,0,1.0,0.0,0,13.0,13.0,5.0,7.0,13.0,15.0,5.0,5.0,3.0,1.0,0.0,0.0
3478,40,43,2,0.0,1.0,2,14.0,13.0,2.0,6.0,6.0,9.0,8.0,3.0,1.0,0.0,0.0,0.0
3479,18,16,1,0.0,0.0,1,19.0,14.0,4.0,5.0,4.0,11.0,13.0,6.0,1.0,2.0,0.0,0.0
3480,31,26,0,0.0,0.0,1,6.0,10.0,1.0,1.0,6.0,10.0,2.0,7.0,3.0,1.0,0.0,0.0
3481,43,32,0,1.0,0.0,0,14.0,6.0,7.0,1.0,11.0,10.0,4.0,1.0,3.0,3.0,0.0,0.0
3482,38,1,1,0.0,1.0,2,23.0,9.0,5.0,2.0,4.0,9.0,10.0,4.0,1.0,2.0,0.0,0.0
3483,44,42,1,1.0,1.0,1,11.0,9.0,4.0,3.0,13.0,10.0,3.0,6.0,3.0,2.0,0.0,0.0
3484,41,25,2,0.0,2.0,2,10.0,16.0,2.0,5.0,3.0,19.0,3.0,8.0,2.0,3.0,0.0,0.0
3485,0,40,0,1.0,1.0,1,16.0,11.0,7.0,4.0,7.0,11.0,3.0,2.0,1.0,1.0,0.0,0.0
3486,29,45,1,0.0,0.0,1,21.0,9.0,1.0,2.0,9.0,13.0,6.0,2.0,1.0,0.0,0.0,0.0
3487,39,28,0,2.0,0.0,0,7.0,11.0,4.0,4.0,9.0,10.0,1.0,6.0,0.0,1.0,0.0,0.0
3488,14,6,2,0.0,0.0,1,19.0,15.0,6.0,5.0,10.0,13.0,11.0,4.0,2.0,1.0,0.0,0.0
3489,42,14,1,0.0,0.0,1,9.0,5.0,4.0,1.0,14.0,9.0,4.0,4.0,4.0,2.0,0.0,0.0
3490,32,0,1,1.0,1.0,1,7.0,12.0,2.0,3.0,8.0,6.0,3.0,6.0,1.0,1.0,0.0,0.0
3491,26,41,0,0.0,0.0,1,10.0,8.0,2.0,0.0,12.0,6.0,8.0,7.0,3.0,1.0,0.0,0.0
3492,45,44,1,1.0,0.0,0,17.0,7.0,6.0,3.0,15.0,16.0,5.0,2.0,0.0,2.0,0.0,0.0
3493,40,39,0,0.0,0.0,1,18.0,7.0,5.0,3.0,4.0,10.0,9.0,5.0,0.0,2.0,0.0,1.0
3494,16,31,0,3.0,1.0,0,19.0,7.0,8.0,2.0,7.0,13.0,7.0,5.0,1.0,1.0,0.0,0.0
3495,6,18,1,0.0,2.0,2,19.0,11.0,10.0,6.0,6.0,6.0,10.0,5.0,2.0,0.0,0.0,0.0
3496,1,43,2,1.0,1.0,1,12.0,14.0,6.0,6.0,6.0,13.0,10.0,10.0,2.0,3.0,0.0,0.0
3497,25,29,1,1.0,1.0,1,7.0,10.0,3.0,2.0,5.0,7.0,1.0,8.0,0.0,1.0,0.0,0.0
3498,28,38,0,2.0,0.0,0,16.0,12.0,9.0,8.0,14.0,11.0,6.0,4.0,2.0,1.0,0.0,0.0
3499,16,40,2,0.0,0.0,1,19.0,12.0,7.0,4.0,18.0,11.0,11.0,2.0,1.0,3.0,0.0,0.0
3500,42,45,0,2.0,0.0,0,22.0,10.0,12.0,4.0,13.0,9.0,7.0,6.0,2.0,2.0,0.0,0.0
3501,14,32,0,0.0,0.0,1,21.0,4.0,7.0,2.0,4.0,12.0,6.0,5.0,1.0,4.0,0.0,0.0
3502,28,26,2,1.0,3.0,2,11.0,14.0,3.0,9.0,5.0,13.0,11.0,5.0,0.0,3.0,0.0,0.0
3503,38,39,2,0.0,1.0,2,16.0,16.0,1.0,4.0,8.0,8.0,7.0,3.0,2.0,0.0,0.0,0.0
3504,44,0,0,2.0,1.0,0,4.0,11.0,1.0,3.0,14.0,10.0,3.0,5.0,3.0,2.0,0.0,0.0
3505,43,29,2,0.0,1.0,2,10.0,13.0,5.0,6.0,6.0,12.0,4.0,10.0,1.0,2.0,0.0,0.0
3506,41,6,1,2.0,2.0,1,11.0,16.0,4.0,4.0,7.0,9.0,4.0,5.0,3.0,2.0,0.0,0.0
3507,31,25,2,0.0,1.0,2,9.0,18.0,1.0,7.0,9.0,12.0,4.0,9.0,4.0,1.0,0.0,0.0
3508,18,1,0,3.0,0.0,0,16.0,10.0,9.0,3.0,6.0,9.0,2.0,3.0,0.0,0.0,0.0,0.0
3509,1,28,1,0.0,0.0,1,3.0,13.0,0.0,3.0,7.0,7.0,3.0,8.0,1.0,1.0,0.0,0.0
3510,0,42,1,0.0,1.0,2,10.0,14.0,4.0,4.0,12.0,17.0,7.0,6.0,0.0,1.0,0.0,0.0
3511,26,16,2,1.0,1.0,1,22.0,9.0,4.0,4.0,7.0,6.0,14.0,6.0,1.0,2.0,0.0,0.0
3512,39,14,0,0.0,0.0,1,8.0,19.0,2.0,4.0,13.0,10.0,1.0,9.0,3.0,1.0,0.0,0.0
3513,6,31,2,0.0,1.0,2,20.0,2.0,5.0,1.0,9.0,11.0,16.0,0.0,2.0,2.0,0.0,0.0
3514,32,41,0,0.0,0.0,1,9.0,8.0,5.0,0.0,12.0,7.0,5.0,2.0,1.0,0.0,0.0,0.0
3515,45,18,1,1.0,1.0,1,16.0,13.0,5.0,4.0,11.0,12.0,3.0,5.0,1.0,2.0,0.0,0.0
3516,29,44,0,0.0,0.0,1,13.0,4.0,3.0,0.0,11.0,10.0,5.0,1.0,1.0,3.0,0.0,1.0
3517,40,38,2,0.0,0.0,1,9.0,11.0,3.0,4.0,3.0,7.0,10.0,11.0,1.0,3.0,0.0,0.0
3518,25,43,0,0.0,0.0,1,12.0,8.0,6.0,4.0,10.0,10.0,4.0,2.0,0.0,1.0,0.0,0.0
3519,42,1,0,2.0,0.0,0,17.0,13.0,6.0,2.0,6.0,15.0,4.0,3.0,0.0,3.0,0.0,0.0
3520,38,6,0,2.0,0.0,0,11.0,16.0,2.0,2.0,5.0,5.0,4.0,6.0,0.0,2.0,1.0,0.0
3521,18,40,0,2.0,1.0,0,15.0,17.0,8.0,9.0,6.0,5.0,6.0,1.0,3.0,2.0,0.0,0.0
3522,14,26,2,1.0,1.0,1,8.0,16.0,2.0,7.0,9.0,21.0,1.0,7.0,1.0,4.0,0.0,0.0
3523,31,39,1,0.0,0.0,1,15.0,9.0,6.0,2.0,6.0,16.0,11.0,4.0,1.0,3.0,0.0,0.0
3524,44,25,2,1.0,0.0,0,14.0,13.0,6.0,5.0,3.0,11.0,6.0,4.0,0.0,2.0,0.0,0.0
3525,28,32,0,0.0,0.0,1,21.0,5.0,5.0,3.0,4.0,13.0,12.0,4.0,2.0,2.0,0.0,1.0
3526,16,29,1,0.0,0.0,1,10.0,5.0,5.0,1.0,12.0,15.0,7.0,3.0,3.0,3.0,0.0,0.0
3527,43,45,0,1.0,0.0,0,20.0,8.0,5.0,3.0,16.0,12.0,7.0,2.0,3.0,0.0,0.0,1.0
3528,41,0,2,0.0,0.0,1,8.0,15.0,3.0,5.0,12.0,7.0,4.0,4.0,2.0,0.0,0.0,0.0
3529,26,38,1,0.0,0.0,1,15.0,8.0,2.0,3.0,8.0,11.0,10.0,7.0,1.0,0.0,0.0,1.0
3530,40,31,0,1.0,0.0,0,9.0,21.0,3.0,8.0,12.0,10.0,1.0,10.0,0.0,2.0,0.0,1.0
3531,29,28,1,0.0,0.0,1,6.0,6.0,1.0,1.0,17.0,13.0,6.0,4.0,2.0,2.0,0.0,0.0
3532,6,42,2,1.0,3.0,2,11.0,14.0,3.0,9.0,8.0,15.0,4.0,5.0,0.0,1.0,0.0,0.0
3533,1,41,2,0.0,0.0,1,9.0,11.0,3.0,4.0,10.0,8.0,4.0,6.0,2.0,3.0,0.0,0.0
3534,0,18,0,2.0,1.0,0,20.0,10.0,5.0,5.0,11.0,14.0,7.0,5.0,2.0,0.0,0.0,1.0
3535,25,16,0,0.0,0.0,1,12.0,9.0,3.0,4.0,7.0,11.0,3.0,2.0,3.0,1.0,0.0,0.0
3536,45,14,0,1.0,0.0,0,12.0,8.0,5.0,4.0,10.0,12.0,7.0,4.0,1.0,5.0,0.0,1.0
3537,39,43,2,0.0,1.0,2,12.0,13.0,1.0,3.0,10.0,18.0,11.0,5.0,3.0,1.0,0.0,0.0
3538,32,44,2,0.0,0.0,1,16.0,7.0,3.0,4.0,11.0,6.0,13.0,3.0,1.0,2.0,0.0,0.0
3539,41,39,2,0.0,1.0,2,14.0,9.0,2.0,2.0,6.0,14.0,1.0,2.0,2.0,2.0,0.0,0.0
3540,31,32,0,3.0,2.0,0,11.0,18.0,6.0,6.0,10.0,10.0,3.0,7.0,1.0,1.0,0.0,0.0
3541,44,40,0,0.0,0.0,1,8.0,9.0,1.0,2.0,12.0,13.0,1.0,5.0,2.0,2.0,0.0,0.0
3542,18,29,2,0.0,2.0,2,12.0,10.0,3.0,7.0,12.0,14.0,5.0,3.0,2.0,2.0,0.0,0.0
3543,42,26,1,0.0,0.0,1,13.0,12.0,4.0,3.0,15.0,11.0,8.0,6.0,1.0,2.0,0.0,0.0
3544,16,45,2,1.0,1.0,1,6.0,24.0,1.0,4.0,9.0,11.0,1.0,9.0,1.0,3.0,1.0,0.0
3545,38,25,1,2.0,0.0,0,14.0,26.0,6.0,7.0,16.0,10.0,6.0,7.0,2.0,0.0,0.0,0.0
3546,43,0,2,0.0,0.0,1,8.0,17.0,1.0,6.0,11.0,12.0,3.0,9.0,2.0,1.0,0.0,0.0
3547,14,1,0,1.0,0.0,0,9.0,8.0,3.0,1.0,22.0,17.0,4.0,4.0,1.0,3.0,0.0,0.0
3548,28,6,0,4.0,1.0,0,15.0,5.0,11.0,1.0,11.0,5.0,1.0,7.0,2.0,1.0,0.0,0.0
3549,0,29,0,3.0,0.0,0,12.0,9.0,5.0,5.0,8.0,17.0,3.0,6.0,1.0,3.0,0.0,0.0
3550,18,26,1,1.0,1.0,1,14.0,13.0,4.0,4.0,10.0,19.0,5.0,11.0,3.0,3.0,0.0,0.0
3551,41,42,1,2.0,1.0,0,11.0,19.0,2.0,11.0,8.0,19.0,5.0,6.0,1.0,4.0,0.0,0.0
3552,1,39,2,0.0,0.0,1,13.0,12.0,2.0,5.0,12.0,12.0,9.0,5.0,1.0,0.0,0.0,0.0
3553,14,38,2,1.0,1.0,1,10.0,13.0,3.0,5.0,14.0,14.0,4.0,6.0,2.0,5.0,0.0,0.0
3554,6,43,1,1.0,1.0,1,12.0,11.0,6.0,2.0,8.0,13.0,5.0,3.0,1.0,1.0,0.0,0.0
3555,16,44,0,0.0,0.0,1,21.0,7.0,8.0,2.0,14.0,13.0,8.0,3.0,3.0,3.0,0.0,0.0
3556,40,45,1,2.0,1.0,0,12.0,20.0,3.0,6.0,14.0,11.0,1.0,8.0,2.0,4.0,1.0,0.0
3557,28,31,0,1.0,1.0,1,23.0,6.0,11.0,4.0,13.0,8.0,6.0,3.0,3.0,1.0,0.0,0.0
3558,32,25,2,0.0,1.0,2,17.0,16.0,2.0,5.0,4.0,4.0,16.0,8.0,0.0,1.0,0.0,0.0
3559,44,18,2,1.0,0.0,0,9.0,12.0,4.0,4.0,9.0,8.0,6.0,4.0,0.0,3.0,0.0,0.0
3560,43,16,2,0.0,0.0,1,15.0,16.0,2.0,3.0,17.0,22.0,6.0,4.0,4.0,4.0,0.0,0.0
3561,25,0,2,1.0,2.0,2,16.0,26.0,7.0,12.0,9.0,12.0,6.0,5.0,1.0,1.0,0.0,0.0
3562,39,6,0,1.0,0.0,0,8.0,11.0,5.0,6.0,13.0,11.0,3.0,7.0,1.0,0.0,0.0,0.0
3563,45,32,1,1.0,1.0,1,19.0,16.0,7.0,7.0,7.0,17.0,7.0,5.0,0.0,0.0,0.0,0.0
3564,26,1,0,1.0,0.0,0,21.0,10.0,12.0,4.0,8.0,13.0,11.0,1.0,0.0,0.0,0.0,0.0
3565,42,28,0,1.0,1.0,1,15.0,22.0,8.0,8.0,17.0,6.0,5.0,9.0,5.0,1.0,0.0,0.0
3566,31,14,1,1.0,0.0,0,11.0,16.0,5.0,4.0,12.0,15.0,4.0,6.0,1.0,2.0,0.0,0.0
3567,29,40,0,1.0,0.0,0,12.0,9.0,7.0,4.0,12.0,17.0,5.0,2.0,0.0,3.0,0.0,0.0
3568,38,41,0,1.0,0.0,0,18.0,11.0,7.0,4.0,18.0,14.0,4.0,3.0,3.0,1.0,0.0,0.0
3569,42,16,0,0.0,0.0,1,22.0,12.0,6.0,4.0,9.0,11.0,6.0,5.0,1.0,2.0,0.0,0.0
3570,38,29,2,1.0,1.0,1,15.0,10.0,8.0,3.0,6.0,13.0,5.0,5.0,2.0,0.0,0.0,0.0
3571,26,32,1,0.0,0.0,1,23.0,7.0,7.0,2.0,4.0,13.0,6.0,2.0,1.0,2.0,0.0,0.0
3572,41,18,1,0.0,0.0,1,12.0,17.0,3.0,2.0,12.0,11.0,2.0,4.0,2.0,2.0,0.0,1.0
3573,6,40,0,2.0,0.0,0,15.0,9.0,5.0,2.0,14.0,15.0,7.0,3.0,2.0,4.0,0.0,1.0
3574,39,25,1,2.0,0.0,0,11.0,12.0,4.0,5.0,7.0,12.0,3.0,4.0,1.0,4.0,0.0,0.0
3575,14,0,0,0.0,0.0,1,22.0,9.0,7.0,2.0,12.0,11.0,5.0,5.0,3.0,1.0,0.0,2.0
3576,28,45,2,1.0,2.0,2,27.0,6.0,8.0,3.0,10.0,7.0,16.0,3.0,1.0,2.0,0.0,0.0
3577,1,44,2,0.0,1.0,2,13.0,11.0,3.0,6.0,10.0,11.0,2.0,7.0,2.0,3.0,0.0,0.0
3578,31,43,2,0.0,2.0,2,15.0,13.0,5.0,4.0,8.0,12.0,5.0,5.0,1.0,2.0,0.0,0.0
3579,45,31,0,1.0,0.0,0,17.0,14.0,3.0,4.0,8.0,11.0,6.0,7.0,0.0,2.0,0.0,0.0
3580,25,1,0,0.0,1.0,2,21.0,11.0,6.0,4.0,8.0,13.0,4.0,5.0,2.0,1.0,0.0,0.0
3581,40,42,2,0.0,0.0,1,12.0,15.0,2.0,4.0,11.0,12.0,6.0,8.0,2.0,1.0,0.0,0.0
3582,16,28,2,0.0,0.0,1,10.0,21.0,2.0,7.0,13.0,13.0,4.0,4.0,2.0,3.0,0.0,0.0
3583,44,38,1,0.0,0.0,1,8.0,14.0,1.0,4.0,5.0,5.0,4.0,5.0,1.0,0.0,0.0,0.0
3584,0,39,0,1.0,0.0,0,29.0,9.0,12.0,4.0,6.0,13.0,13.0,1.0,1.0,1.0,0.0,0.0
3585,32,6,0,1.0,0.0,0,12.0,7.0,4.0,2.0,10.0,11.0,4.0,4.0,2.0,3.0,0.0,0.0
3586,29,26,0,0.0,0.0,1,9.0,8.0,3.0,4.0,6.0,11.0,4.0,4.0,1.0,2.0,0.0,0.0
3587,18,14,0,2.0,1.0,0,14.0,15.0,9.0,2.0,12.0,12.0,7.0,14.0,2.0,2.0,0.0,0.0
3588,43,41,0,0.0,0.0,1,17.0,8.0,6.0,3.0,11.0,14.0,1.0,3.0,1.0,1.0,1.0,0.0
3589,38,32,0,1.0,0.0,0,23.0,6.0,8.0,1.0,4.0,12.0,6.0,4.0,0.0,0.0,0.0,1.0
3590,41,29,0,0.0,0.0,1,9.0,11.0,4.0,4.0,6.0,15.0,0.0,1.0,2.0,2.0,0.0,0.0
3591,26,45,2,0.0,2.0,2,13.0,12.0,1.0,5.0,17.0,11.0,5.0,7.0,3.0,1.0,1.0,1.0
3592,42,18,1,0.0,0.0,1,20.0,8.0,6.0,3.0,20.0,9.0,6.0,2.0,4.0,1.0,0.0,0.0
3593,39,44,2,0.0,1.0,2,13.0,15.0,5.0,5.0,4.0,9.0,6.0,5.0,1.0,4.0,2.0,0.0
3594,6,25,1,1.0,0.0,0,5.0,4.0,2.0,2.0,9.0,19.0,4.0,4.0,2.0,4.0,0.0,0.0
3595,14,16,2,0.0,0.0,1,26.0,13.0,9.0,6.0,9.0,15.0,7.0,7.0,1.0,1.0,0.0,0.0
3596,28,43,0,0.0,0.0,1,18.0,7.0,5.0,0.0,9.0,12.0,9.0,3.0,1.0,2.0,0.0,0.0
3597,1,40,1,2.0,1.0,0,21.0,7.0,6.0,3.0,10.0,14.0,5.0,4.0,2.0,1.0,0.0,0.0
3598,31,0,2,0.0,0.0,1,1.0,22.0,0.0,9.0,15.0,8.0,0.0,9.0,6.0,1.0,1.0,0.0
3599,0,26,1,0.0,0.0,1,19.0,15.0,5.0,8.0,2.0,13.0,7.0,8.0,1.0,4.0,0.0,0.0
3600,44,14,2,1.0,3.0,2,15.0,15.0,6.0,5.0,9.0,12.0,8.0,7.0,2.0,1.0,0.0,1.0
3601,18,28,2,0.0,0.0,1,10.0,16.0,1.0,9.0,5.0,7.0,8.0,7.0,0.0,3.0,0.0,0.0
3602,43,38,1,0.0,0.0,1,13.0,14.0,0.0,5.0,10.0,11.0,5.0,2.0,0.0,2.0,0.0,0.0
3603,29,31,1,0.0,0.0,1,20.0,7.0,8.0,0.0,15.0,11.0,11.0,5.0,2.0,2.0,0.0,0.0
3604,32,39,1,1.0,1.0,1,21.0,6.0,7.0,1.0,16.0,5.0,9.0,0.0,4.0,1.0,0.0,0.0
3605,45,6,2,0.0,2.0,2,10.0,15.0,4.0,7.0,8.0,11.0,5.0,4.0,0.0,0.0,1.0,0.0
3606,25,42,1,0.0,0.0,1,13.0,19.0,2.0,6.0,7.0,14.0,2.0,7.0,1.0,4.0,0.0,0.0
3607,16,1,0,0.0,0.0,1,16.0,11.0,6.0,2.0,12.0,15.0,6.0,4.0,3.0,3.0,0.0,0.0
3608,40,41,1,0.0,1.0,2,10.0,20.0,2.0,9.0,16.0,9.0,3.0,4.0,4.0,2.0,0.0,0.0
3609,26,6,0,1.0,0.0,0,18.0,13.0,2.0,2.0,11.0,18.0,6.0,8.0,1.0,4.0,0.0,0.0
3610,28,14,0,1.0,0.0,0,18.0,10.0,8.0,3.0,19.0,13.0,5.0,1.0,4.0,2.0,0.0,0.0
3611,16,0,2,1.0,1.0,1,11.0,20.0,4.0,7.0,14.0,12.0,6.0,6.0,1.0,1.0,0.0,0.0
3612,40,32,2,0.0,2.0,2,6.0,19.0,2.0,6.0,7.0,7.0,6.0,6.0,1.0,2.0,0.0,0.0
3613,42,39,1,2.0,0.0,0,13.0,16.0,7.0,7.0,15.0,11.0,4.0,3.0,2.0,2.0,0.0,0.0
3614,43,44,1,0.0,0.0,1,16.0,6.0,5.0,0.0,13.0,10.0,2.0,4.0,1.0,2.0,0.0,0.0
3615,45,25,2,0.0,2.0,2,10.0,11.0,3.0,6.0,11.0,12.0,8.0,4.0,1.0,3.0,1.0,0.0
3616,38,18,2,0.0,2.0,2,17.0,10.0,4.0,4.0,11.0,10.0,9.0,9.0,4.0,2.0,0.0,0.0
3617,41,31,0,1.0,0.0,0,19.0,4.0,6.0,2.0,11.0,8.0,4.0,4.0,2.0,1.0,0.0,1.0
3618,1,29,2,0.0,1.0,2,5.0,9.0,1.0,2.0,14.0,10.0,3.0,5.0,2.0,2.0,0.0,0.0
3619,44,28,2,0.0,2.0,2,9.0,19.0,2.0,7.0,12.0,9.0,6.0,6.0,4.0,1.0,0.0,0.0
3620,31,38,1,1.0,1.0,1,9.0,15.0,4.0,5.0,9.0,12.0,6.0,6.0,2.0,4.0,0.0,0.0
3621,39,26,2,0.0,0.0,1,7.0,8.0,1.0,3.0,9.0,16.0,3.0,5.0,2.0,4.0,0.0,0.0
3622,0,45,2,0.0,1.0,2,22.0,8.0,6.0,4.0,12.0,9.0,5.0,4.0,1.0,3.0,0.0,0.0
3623,6,1,2,0.0,0.0,1,11.0,7.0,2.0,3.0,13.0,13.0,6.0,3.0,3.0,4.0,0.0,0.0
3624,29,42,0,1.0,0.0,0,9.0,9.0,1.0,4.0,12.0,12.0,1.0,2.0,2.0,3.0,0.0,0.0
3625,18,43,1,0.0,1.0,2,10.0,11.0,5.0,5.0,7.0,13.0,8.0,2.0,1.0,2.0,0.0,0.0
3626,14,41,1,2.0,1.0,0,11.0,18.0,3.0,10.0,15.0,16.0,4.0,8.0,1.0,3.0,1.0,0.0
3627,32,16,2,0.0,1.0,2,17.0,11.0,6.0,7.0,14.0,20.0,1.0,4.0,1.0,0.0,0.0,0.0
3628,25,40,0,3.0,0.0,0,19.0,10.0,8.0,5.0,13.0,17.0,6.0,3.0,2.0,4.0,0.0,0.0
3629,14,40,0,1.0,1.0,1,24.0,17.0,8.0,9.0,12.0,8.0,11.0,3.0,2.0,1.0,0.0,0.0
3630,31,45,0,0.0,0.0,1,17.0,4.0,4.0,1.0,9.0,9.0,2.0,3.0,2.0,1.0,0.0,0.0
3631,0,44,0,4.0,0.0,0,24.0,14.0,13.0,5.0,6.0,7.0,7.0,3.0,1.0,0.0,0.0,0.0
3632,25,35,0,2.0,0.0,0,22.0,18.0,7.0,2.0,7.0,6.0,5.0,6.0,0.0,0.0,0.0,0.0
3633,16,41,0,0.0,0.0,1,13.0,5.0,7.0,2.0,22.0,13.0,7.0,3.0,3.0,0.0,0.0,0.0
3634,39,26,0,5.0,0.0,0,15.0,13.0,9.0,4.0,13.0,4.0,3.0,9.0,4.0,2.0,0.0,0.0
3635,21,29,1,0.0,0.0,1,16.0,7.0,6.0,1.0,12.0,15.0,8.0,1.0,2.0,2.0,0.0,1.0
3636,28,38,0,1.0,0.0,0,15.0,13.0,6.0,4.0,13.0,8.0,8.0,4.0,1.0,1.0,0.0,0.0
3637,1,11,2,0.0,1.0,2,16.0,6.0,5.0,3.0,9.0,6.0,7.0,2.0,1.0,2.0,0.0,0.0
3638,18,42,2,0.0,1.0,2,9.0,16.0,1.0,3.0,12.0,8.0,3.0,5.0,1.0,2.0,0.0,0.0
3639,0,40,1,0.0,0.0,1,28.0,7.0,8.0,3.0,6.0,8.0,5.0,2.0,1.0,0.0,0.0,0.0
3640,44,14,0,1.0,0.0,0,9.0,12.0,5.0,3.0,12.0,11.0,3.0,4.0,3.0,2.0,0.0,1.0
3641,41,28,2,1.0,2.0,2,13.0,22.0,9.0,11.0,8.0,8.0,11.0,7.0,0.0,3.0,0.0,0.0
3642,29,0,1,1.0,0.0,0,12.0,5.0,4.0,3.0,16.0,8.0,5.0,5.0,1.0,0.0,0.0,0.0
3643,40,25,1,0.0,0.0,1,13.0,11.0,3.0,0.0,14.0,15.0,8.0,9.0,4.0,1.0,0.0,0.0
3644,26,16,2,1.0,1.0,1,18.0,15.0,3.0,6.0,10.0,17.0,4.0,5.0,2.0,3.0,0.0,0.0
3645,11,39,1,0.0,0.0,1,11.0,11.0,4.0,3.0,14.0,9.0,7.0,6.0,1.0,2.0,0.0,0.0
3646,38,1,0,5.0,1.0,0,18.0,9.0,11.0,4.0,19.0,7.0,6.0,3.0,1.0,1.0,0.0,0.0
3647,42,21,0,0.0,0.0,1,10.0,14.0,3.0,2.0,10.0,6.0,6.0,8.0,3.0,1.0,0.0,0.0
3648,35,31,0,0.0,1.0,2,8.0,22.0,4.0,8.0,12.0,8.0,3.0,12.0,2.0,0.0,0.0,0.0
3649,45,18,2,0.0,0.0,1,13.0,21.0,3.0,5.0,12.0,14.0,7.0,8.0,1.0,4.0,0.0,0.0
3650,0,41,2,0.0,0.0,1,23.0,8.0,9.0,3.0,7.0,10.0,6.0,1.0,0.0,1.0,0.0,0.0
3651,14,26,1,1.0,1.0,1,8.0,15.0,3.0,4.0,13.0,11.0,6.0,4.0,4.0,3.0,0.0,0.0
3652,28,35,0,2.0,0.0,0,23.0,9.0,11.0,3.0,12.0,7.0,7.0,4.0,0.0,1.0,0.0,0.0
3653,18,40,2,0.0,0.0,1,22.0,10.0,4.0,3.0,10.0,9.0,15.0,1.0,2.0,3.0,0.0,0.0
3654,39,42,0,2.0,0.0,0,17.0,9.0,9.0,3.0,14.0,12.0,6.0,8.0,0.0,0.0,0.0,1.0
3655,1,45,0,1.0,0.0,0,15.0,5.0,5.0,1.0,6.0,13.0,2.0,6.0,1.0,1.0,0.0,0.0
3656,21,11,2,0.0,0.0,1,21.0,8.0,3.0,2.0,16.0,12.0,9.0,3.0,1.0,1.0,0.0,0.0
3657,25,38,0,2.0,0.0,0,10.0,10.0,3.0,3.0,12.0,10.0,4.0,8.0,1.0,0.0,0.0,0.0
3658,31,44,1,1.0,1.0,1,15.0,8.0,5.0,3.0,11.0,17.0,7.0,2.0,2.0,3.0,0.0,0.0
3659,16,29,2,0.0,1.0,2,13.0,13.0,4.0,4.0,13.0,12.0,7.0,6.0,0.0,1.0,0.0,0.0
3660,21,0,2,0.0,3.0,2,8.0,22.0,1.0,9.0,8.0,11.0,0.0,5.0,2.0,0.0,0.0,0.0
3661,14,16,0,1.0,0.0,0,17.0,8.0,7.0,1.0,12.0,13.0,3.0,6.0,2.0,2.0,0.0,0.0
3662,42,28,2,0.0,1.0,2,21.0,15.0,5.0,4.0,6.0,11.0,8.0,7.0,3.0,4.0,0.0,0.0
3663,40,38,0,1.0,1.0,1,12.0,11.0,6.0,2.0,12.0,13.0,1.0,1.0,2.0,2.0,0.0,1.0
3664,1,18,0,2.0,0.0,0,11.0,9.0,4.0,5.0,13.0,12.0,5.0,3.0,2.0,1.0,0.0,0.0
3665,26,35,0,1.0,0.0,0,25.0,10.0,8.0,2.0,9.0,18.0,9.0,6.0,2.0,3.0,0.0,1.0
3666,25,31,0,2.0,0.0,0,19.0,12.0,7.0,3.0,10.0,13.0,10.0,7.0,1.0,2.0,0.0,2.0
3667,29,44,2,0.0,0.0,1,26.0,6.0,9.0,3.0,10.0,11.0,9.0,3.0,1.0,0.0,0.0,0.0
3668,45,11,0,1.0,0.0,0,29.0,8.0,7.0,2.0,11.0,7.0,13.0,3.0,3.0,2.0,0.0,1.0
3669,41,39,0,0.0,0.0,1,16.0,9.0,4.0,3.0,9.0,18.0,6.0,2.0,1.0,2.0,0.0,1.0
3670,25,14,2,1.0,0.0,0,8.0,11.0,2.0,4.0,10.0,1.0,2.0,6.0,1.0,0.0,0.0,0.0
3671,21,26,0,1.0,0.0,0,7.0,12.0,4.0,9.0,10.0,10.0,7.0,7.0,2.0,0.0,0.0,0.0
3672,18,29,0,2.0,0.0,0,9.0,17.0,7.0,4.0,6.0,10.0,7.0,7.0,0.0,2.0,0.0,0.0
3673,0,14,1,0.0,0.0,1,12.0,7.0,1.0,3.0,17.0,11.0,6.0,2.0,4.0,3.0,0.0,0.0
3674,31,41,2,1.0,1.0,1,12.0,11.0,4.0,6.0,14.0,9.0,9.0,6.0,1.0,2.0,0.0,0.0
3675,39,40,1,1.0,1.0,1,23.0,15.0,8.0,5.0,14.0,15.0,9.0,8.0,2.0,3.0,0.0,0.0
3676,28,1,0,1.0,0.0,0,11.0,13.0,4.0,4.0,13.0,11.0,7.0,6.0,1.0,2.0,0.0,0.0
3677,35,45,1,0.0,0.0,1,18.0,8.0,7.0,2.0,14.0,12.0,6.0,6.0,1.0,0.0,0.0,0.0
3678,38,42,1,1.0,1.0,1,13.0,7.0,4.0,2.0,9.0,10.0,8.0,3.0,1.0,3.0,0.0,0.0
3679,11,25,2,0.0,0.0,1,12.0,8.0,4.0,4.0,16.0,16.0,6.0,4.0,3.0,0.0,0.0,0.0
3680,16,21,2,0.0,0.0,1,7.0,21.0,3.0,7.0,15.0,10.0,0.0,9.0,0.0,0.0,0.0,0.0
3681,44,26,1,0.0,0.0,1,10.0,22.0,4.0,5.0,12.0,11.0,2.0,4.0,1.0,0.0,0.0,0.0
3682,31,42,2,0.0,1.0,2,11.0,14.0,5.0,8.0,11.0,13.0,4.0,3.0,2.0,4.0,0.0,0.0
3683,28,45,0,2.0,0.0,0,18.0,9.0,3.0,3.0,10.0,6.0,6.0,3.0,2.0,2.0,0.0,0.0
3684,25,41,0,1.0,0.0,0,18.0,10.0,6.0,6.0,6.0,5.0,6.0,3.0,0.0,2.0,0.0,0.0
3685,18,11,0,1.0,0.0,0,21.0,10.0,8.0,1.0,12.0,15.0,5.0,6.0,1.0,2.0,0.0,1.0
3686,39,38,0,0.0,1.0,2,15.0,12.0,2.0,6.0,17.0,17.0,2.0,5.0,0.0,4.0,0.0,0.0
3687,16,44,2,0.0,1.0,2,19.0,8.0,4.0,4.0,17.0,17.0,7.0,6.0,3.0,3.0,0.0,0.0
3688,14,29,0,1.0,0.0,0,7.0,15.0,2.0,2.0,13.0,11.0,3.0,7.0,7.0,1.0,0.0,0.0
3689,26,31,0,1.0,0.0,0,14.0,10.0,6.0,3.0,8.0,17.0,6.0,6.0,2.0,0.0,0.0,1.0
3690,35,14,2,0.0,0.0,1,15.0,9.0,4.0,1.0,12.0,6.0,5.0,6.0,2.0,1.0,0.0,0.0
3691,29,28,0,2.0,1.0,0,11.0,10.0,7.0,3.0,9.0,16.0,1.0,5.0,0.0,3.0,0.0,0.0
3692,42,1,2,0.0,1.0,2,14.0,10.0,3.0,3.0,11.0,12.0,9.0,6.0,3.0,2.0,0.0,1.0
3693,11,0,2,0.0,1.0,2,8.0,17.0,4.0,5.0,15.0,7.0,1.0,6.0,2.0,0.0,0.0,0.0
3694,38,21,0,0.0,0.0,1,9.0,15.0,4.0,4.0,7.0,11.0,2.0,5.0,2.0,0.0,0.0,0.0
3695,45,39,1,1.0,0.0,0,11.0,18.0,3.0,2.0,17.0,13.0,4.0,10.0,3.0,1.0,0.0,0.0
3696,41,18,1,0.0,1.0,2,11.0,12.0,3.0,8.0,18.0,12.0,3.0,6.0,3.0,3.0,0.0,0.0
3697,44,25,2,2.0,1.0,0,8.0,12.0,5.0,4.0,15.0,15.0,4.0,6.0,2.0,2.0,0.0,0.0
3698,40,16,2,0.0,0.0,1,12.0,14.0,3.0,5.0,15.0,17.0,8.0,4.0,2.0,2.0,0.0,0.0
3699,1,35,1,2.0,1.0,0,21.0,11.0,7.0,5.0,8.0,12.0,7.0,3.0,0.0,4.0,0.0,0.0
3700,16,28,0,1.0,0.0,0,5.0,22.0,3.0,4.0,11.0,11.0,4.0,13.0,2.0,1.0,0.0,0.0
3701,11,42,1,0.0,0.0,1,15.0,12.0,4.0,2.0,9.0,5.0,5.0,3.0,2.0,0.0,0.0,0.0
3702,40,31,0,1.0,0.0,0,16.0,10.0,4.0,1.0,14.0,18.0,8.0,4.0,5.0,2.0,0.0,0.0
3703,0,26,0,3.0,0.0,0,16.0,13.0,10.0,2.0,7.0,9.0,6.0,5.0,1.0,0.0,0.0,1.0
3704,25,45,0,1.0,1.0,1,20.0,14.0,7.0,7.0,12.0,10.0,7.0,6.0,0.0,3.0,0.0,0.0
3705,29,1,0,1.0,0.0,0,19.0,4.0,7.0,2.0,15.0,12.0,10.0,2.0,0.0,1.0,0.0,0.0
3706,18,38,0,1.0,0.0,0,11.0,11.0,1.0,2.0,12.0,17.0,4.0,10.0,0.0,1.0,0.0,0.0
3707,44,35,2,0.0,3.0,2,21.0,12.0,6.0,7.0,6.0,15.0,2.0,4.0,2.0,3.0,1.0,0.0
3708,41,21,0,2.0,0.0,0,9.0,10.0,4.0,1.0,11.0,14.0,4.0,7.0,1.0,5.0,0.0,1.0
3709,14,39,0,1.0,1.0,1,19.0,7.0,10.0,2.0,5.0,22.0,9.0,0.0,1.0,6.0,0.0,0.0
3710,21,14,2,2.0,2.0,1,19.0,8.0,8.0,3.0,14.0,11.0,6.0,6.0,0.0,2.0,0.0,0.0
3711,26,29,2,0.0,1.0,2,7.0,6.0,1.0,4.0,14.0,17.0,2.0,3.0,2.0,2.0,1.0,0.0
3712,35,18,2,0.0,1.0,2,14.0,8.0,1.0,3.0,11.0,12.0,1.0,3.0,2.0,1.0,0.0,0.0
3713,1,41,2,0.0,0.0,1,12.0,9.0,3.0,6.0,13.0,9.0,4.0,9.0,0.0,0.0,0.0,0.0
3714,31,0,2,0.0,2.0,2,16.0,7.0,4.0,3.0,11.0,7.0,9.0,4.0,0.0,0.0,0.0,0.0
3715,45,40,0,0.0,0.0,1,15.0,7.0,4.0,3.0,14.0,11.0,6.0,4.0,0.0,1.0,0.0,0.0
3716,42,25,0,2.0,1.0,0,10.0,14.0,4.0,5.0,8.0,9.0,4.0,4.0,2.0,1.0,0.0,0.0
3717,28,44,0,2.0,0.0,0,43.0,3.0,16.0,0.0,6.0,5.0,9.0,2.0,0.0,0.0,0.0,1.0
3718,39,16,2,1.0,2.0,2,17.0,12.0,4.0,3.0,15.0,14.0,8.0,4.0,3.0,4.0,0.0,0.0
3719,38,11,0,1.0,0.0,0,20.0,15.0,3.0,3.0,10.0,7.0,10.0,5.0,0.0,0.0,0.0,0.0
3720,41,26,2,0.0,0.0,1,10.0,16.0,3.0,5.0,13.0,16.0,4.0,5.0,0.0,3.0,0.0,0.0
3721,29,42,0,3.0,0.0,0,11.0,5.0,3.0,1.0,12.0,10.0,4.0,2.0,1.0,1.0,0.0,0.0
3722,14,38,1,1.0,1.0,1,22.0,12.0,7.0,5.0,10.0,11.0,9.0,2.0,3.0,3.0,0.0,0.0
3723,18,31,0,1.0,0.0,0,15.0,12.0,9.0,4.0,11.0,9.0,3.0,4.0,1.0,2.0,0.0,1.0
3724,16,35,0,3.0,0.0,0,15.0,11.0,4.0,4.0,17.0,16.0,6.0,3.0,1.0,3.0,0.0,0.0
3725,0,45,0,1.0,0.0,0,19.0,7.0,9.0,1.0,10.0,9.0,7.0,5.0,1.0,1.0,0.0,0.0
3726,40,1,2,0.0,4.0,2,12.0,14.0,2.0,8.0,10.0,9.0,2.0,5.0,1.0,1.0,0.0,0.0
3727,11,28,0,0.0,0.0,1,10.0,21.0,4.0,5.0,6.0,9.0,2.0,6.0,2.0,1.0,0.0,0.0
3728,44,39,0,1.0,0.0,0,14.0,9.0,5.0,2.0,7.0,16.0,7.0,5.0,1.0,2.0,0.0,0.0
3729,25,21,1,0.0,0.0,1,15.0,12.0,3.0,5.0,10.0,15.0,7.0,5.0,0.0,4.0,0.0,1.0
3730,35,42,2,0.0,1.0,2,17.0,13.0,6.0,6.0,15.0,12.0,3.0,5.0,1.0,2.0,0.0,0.0
3731,39,18,0,1.0,0.0,0,11.0,10.0,3.0,5.0,11.0,14.0,5.0,6.0,2.0,2.0,0.0,0.0
3732,26,11,0,1.0,0.0,0,20.0,9.0,8.0,1.0,8.0,14.0,6.0,5.0,0.0,1.0,0.0,0.0
3733,31,29,2,0.0,0.0,1,9.0,11.0,2.0,5.0,6.0,14.0,4.0,1.0,1.0,2.0,0.0,0.0
3734,35,0,2,0.0,0.0,1,10.0,20.0,3.0,9.0,10.0,8.0,1.0,6.0,2.0,1.0,0.0,0.0
3735,42,41,0,1.0,1.0,1,20.0,10.0,7.0,5.0,14.0,7.0,6.0,4.0,1.0,0.0,0.0,0.0
3736,28,25,0,1.0,0.0,0,22.0,6.0,9.0,2.0,11.0,3.0,10.0,3.0,0.0,1.0,0.0,0.0
3737,45,14,2,0.0,1.0,2,18.0,12.0,5.0,3.0,10.0,10.0,5.0,4.0,3.0,4.0,0.0,0.0
3738,1,44,0,1.0,0.0,0,16.0,3.0,8.0,1.0,15.0,13.0,0.0,3.0,2.0,4.0,0.0,0.0
3739,21,40,1,1.0,0.0,0,15.0,9.0,5.0,3.0,9.0,15.0,6.0,4.0,2.0,6.0,0.0,0.0
3740,38,16,0,0.0,0.0,1,23.0,9.0,3.0,3.0,11.0,10.0,10.0,2.0,0.0,2.0,0.0,0.0
3741,0,18,0,1.0,0.0,0,17.0,8.0,4.0,2.0,12.0,5.0,8.0,9.0,2.0,0.0,0.0,0.0
3742,26,28,0,1.0,1.0,1,11.0,8.0,5.0,1.0,8.0,16.0,3.0,0.0,1.0,3.0,0.0,0.0
3743,31,1,0,1.0,0.0,0,14.0,13.0,5.0,3.0,6.0,16.0,9.0,5.0,1.0,5.0,0.0,0.0
3744,29,40,0,0.0,0.0,1,30.0,5.0,10.0,3.0,6.0,11.0,13.0,1.0,1.0,1.0,0.0,1.0
3745,45,16,2,0.0,1.0,2,22.0,12.0,5.0,5.0,12.0,19.0,11.0,7.0,2.0,2.0,0.0,1.0
3746,44,38,0,1.0,0.0,0,7.0,12.0,3.0,2.0,10.0,17.0,2.0,3.0,2.0,1.0,0.0,0.0
3747,39,21,0,0.0,0.0,1,17.0,1.0,2.0,0.0,9.0,10.0,5.0,2.0,2.0,2.0,0.0,0.0
3748,11,41,2,0.0,0.0,1,13.0,8.0,6.0,2.0,14.0,8.0,6.0,4.0,0.0,0.0,0.0,0.0
3749,18,25,1,0.0,0.0,1,18.0,15.0,3.0,4.0,7.0,6.0,4.0,7.0,0.0,1.0,0.0,0.0
3750,38,26,2,0.0,1.0,2,13.0,6.0,5.0,4.0,11.0,14.0,6.0,1.0,2.0,3.0,0.0,0.0
3751,42,45,1,0.0,1.0,2,27.0,12.0,8.0,5.0,6.0,12.0,7.0,9.0,0.0,2.0,0.0,0.0
3752,14,11,1,1.0,0.0,0,14.0,10.0,5.0,5.0,9.0,9.0,7.0,7.0,1.0,2.0,1.0,0.0
3753,28,31,0,3.0,0.0,0,16.0,8.0,9.0,1.0,9.0,8.0,7.0,3.0,3.0,2.0,0.0,0.0
3754,21,35,0,1.0,1.0,1,16.0,8.0,6.0,3.0,18.0,16.0,5.0,7.0,0.0,4.0,0.0,1.0
3755,41,29,0,1.0,1.0,1,11.0,18.0,6.0,3.0,6.0,15.0,4.0,10.0,2.0,4.0,0.0,0.0
3756,16,0,2,0.0,2.0,2,22.0,12.0,3.0,4.0,15.0,14.0,10.0,1.0,1.0,3.0,0.0,0.0
3757,40,44,1,0.0,0.0,1,13.0,5.0,2.0,1.0,11.0,12.0,11.0,2.0,1.0,2.0,0.0,0.0
3758,1,39,2,1.0,1.0,1,3.0,11.0,2.0,6.0,11.0,14.0,11.0,3.0,1.0,3.0,1.0,0.0
3759,14,18,0,0.0,0.0,1,21.0,7.0,7.0,4.0,8.0,13.0,10.0,2.0,3.0,3.0,0.0,1.0
3760,39,28,2,1.0,1.0,1,17.0,14.0,5.0,8.0,6.0,11.0,3.0,2.0,1.0,2.0,0.0,0.0
3761,29,11,0,2.0,1.0,0,11.0,13.0,7.0,3.0,15.0,8.0,5.0,8.0,4.0,3.0,0.0,0.0
3762,38,45,1,0.0,0.0,1,21.0,4.0,7.0,1.0,12.0,11.0,8.0,2.0,2.0,1.0,0.0,1.0
3763,44,41,0,0.0,0.0,1,11.0,10.0,4.0,3.0,11.0,12.0,5.0,4.0,2.0,1.0,0.0,0.0
3764,16,31,1,0.0,1.0,2,7.0,5.0,3.0,1.0,10.0,11.0,5.0,2.0,1.0,2.0,0.0,0.0
3765,40,35,2,0.0,2.0,2,16.0,19.0,5.0,4.0,8.0,12.0,8.0,4.0,2.0,3.0,0.0,0.0
3766,26,42,0,1.0,1.0,1,16.0,14.0,7.0,5.0,13.0,17.0,5.0,7.0,3.0,6.0,0.0,0.0
3767,21,1,0,1.0,0.0,0,10.0,11.0,4.0,4.0,16.0,11.0,3.0,7.0,1.0,2.0,0.0,0.0
3768,0,25,0,2.0,0.0,0,17.0,11.0,7.0,4.0,13.0,14.0,6.0,6.0,2.0,2.0,0.0,0.0
3769,31,39,1,0.0,0.0,1,9.0,7.0,3.0,3.0,14.0,17.0,5.0,8.0,2.0,4.0,0.0,0.0
3770,11,44,1,2.0,1.0,0,12.0,12.0,5.0,5.0,10.0,15.0,5.0,6.0,0.0,4.0,0.0,0.0
3771,45,29,1,0.0,0.0,1,13.0,18.0,6.0,6.0,7.0,13.0,9.0,9.0,2.0,2.0,0.0,1.0
3772,25,16,2,0.0,0.0,1,19.0,14.0,5.0,2.0,15.0,6.0,8.0,6.0,4.0,1.0,0.0,0.0
3773,35,38,2,0.0,0.0,1,12.0,16.0,3.0,5.0,13.0,16.0,3.0,4.0,2.0,2.0,0.0,0.0
3774,18,26,1,0.0,0.0,1,6.0,17.0,1.0,6.0,11.0,7.0,3.0,6.0,4.0,1.0,0.0,0.0
3775,1,14,2,0.0,1.0,2,8.0,12.0,1.0,5.0,8.0,7.0,7.0,7.0,3.0,2.0,0.0,0.0
3776,42,0,0,0.0,1.0,2,23.0,7.0,8.0,3.0,8.0,12.0,10.0,3.0,3.0,5.0,0.0,0.0
3777,28,21,1,0.0,1.0,2,18.0,7.0,5.0,3.0,9.0,8.0,13.0,1.0,2.0,4.0,0.0,0.0
3778,41,40,1,0.0,1.0,2,16.0,4.0,7.0,1.0,11.0,13.0,7.0,1.0,3.0,4.0,0.0,0.0
3779,38,41,2,0.0,0.0,1,15.0,6.0,6.0,1.0,11.0,9.0,9.0,0.0,1.0,1.0,1.0,0.0
3780,0,1,0,1.0,0.0,0,13.0,9.0,8.0,2.0,6.0,10.0,7.0,7.0,0.0,2.0,0.0,0.0
3781,29,25,0,3.0,0.0,0,12.0,4.0,5.0,1.0,8.0,12.0,4.0,3.0,0.0,1.0,0.0,0.0
3782,44,42,2,0.0,2.0,2,13.0,14.0,4.0,4.0,8.0,13.0,6.0,3.0,2.0,1.0,0.0,0.0
3783,26,45,0,0.0,0.0,1,21.0,7.0,7.0,2.0,12.0,12.0,5.0,7.0,1.0,1.0,0.0,0.0
3784,14,28,1,1.0,1.0,1,3.0,10.0,2.0,5.0,12.0,14.0,1.0,4.0,0.0,2.0,0.0,0.0
3785,39,35,0,2.0,1.0,0,15.0,14.0,3.0,4.0,11.0,12.0,3.0,5.0,2.0,2.0,0.0,0.0
3786,16,18,2,0.0,1.0,2,13.0,14.0,3.0,2.0,12.0,14.0,6.0,1.0,0.0,3.0,0.0,0.0
3787,21,31,2,0.0,1.0,2,13.0,12.0,8.0,5.0,15.0,13.0,3.0,3.0,4.0,1.0,0.0,0.0
3788,40,11,0,2.0,0.0,0,8.0,13.0,3.0,4.0,12.0,12.0,6.0,3.0,3.0,1.0,0.0,0.0
3789,18,44,1,0.0,0.0,1,17.0,5.0,4.0,0.0,11.0,12.0,8.0,1.0,3.0,2.0,0.0,0.0
3790,45,21,0,0.0,0.0,1,17.0,9.0,6.0,3.0,5.0,14.0,4.0,7.0,1.0,3.0,0.0,0.0
3791,28,0,2,0.0,1.0,2,12.0,9.0,4.0,3.0,12.0,5.0,16.0,3.0,3.0,3.0,0.0,0.0
3792,1,26,2,0.0,1.0,2,15.0,12.0,4.0,5.0,13.0,11.0,9.0,5.0,1.0,1.0,0.0,0.0
3793,25,39,2,0.0,0.0,1,7.0,13.0,3.0,3.0,9.0,6.0,6.0,5.0,1.0,0.0,0.0,0.0
3794,42,40,0,1.0,1.0,1,25.0,8.0,8.0,4.0,14.0,8.0,6.0,6.0,1.0,2.0,0.0,0.0
3795,11,16,2,2.0,1.0,0,7.0,11.0,4.0,4.0,10.0,20.0,5.0,7.0,1.0,3.0,0.0,0.0
3796,31,38,2,1.0,1.0,1,16.0,5.0,3.0,3.0,9.0,8.0,9.0,0.0,0.0,2.0,0.0,0.0
3797,41,14,2,0.0,4.0,2,11.0,21.0,0.0,11.0,9.0,13.0,1.0,2.0,0.0,0.0,0.0,0.0
3798,35,29,2,0.0,0.0,1,18.0,12.0,4.0,7.0,12.0,10.0,3.0,3.0,3.0,2.0,0.0,0.0
3799,0,39,0,2.0,0.0,0,14.0,7.0,6.0,2.0,11.0,11.0,9.0,1.0,0.0,3.0,0.0,0.0
3800,29,38,2,0.0,0.0,1,10.0,9.0,0.0,1.0,9.0,10.0,3.0,5.0,2.0,3.0,0.0,0.0
3801,44,21,0,0.0,0.0,1,9.0,12.0,3.0,2.0,5.0,13.0,5.0,2.0,1.0,0.0,0.0,0.0
3802,40,26,2,0.0,1.0,2,5.0,21.0,1.0,4.0,12.0,11.0,6.0,6.0,1.0,4.0,1.0,0.0
3803,16,42,0,0.0,0.0,1,21.0,9.0,7.0,5.0,9.0,14.0,4.0,6.0,5.0,3.0,0.0,0.0
3804,18,28,1,0.0,0.0,1,11.0,18.0,4.0,2.0,9.0,10.0,4.0,9.0,1.0,2.0,0.0,0.0
3805,11,35,0,2.0,1.0,0,18.0,17.0,7.0,7.0,14.0,9.0,10.0,6.0,2.0,2.0,0.0,0.0
3806,25,1,0,1.0,0.0,0,11.0,12.0,3.0,1.0,18.0,6.0,6.0,6.0,1.0,1.0,1.0,1.0
3807,41,45,1,0.0,1.0,2,19.0,11.0,3.0,5.0,9.0,7.0,4.0,5.0,0.0,1.0,0.0,0.0
3808,14,31,0,1.0,0.0,0,9.0,11.0,5.0,5.0,13.0,13.0,7.0,4.0,2.0,3.0,0.0,0.0
3809,38,0,0,1.0,0.0,0,13.0,11.0,6.0,6.0,14.0,7.0,2.0,7.0,2.0,1.0,0.0,0.0
3810,21,18,0,2.0,0.0,0,14.0,9.0,5.0,3.0,16.0,15.0,4.0,8.0,2.0,3.0,0.0,1.0
3811,39,29,1,1.0,1.0,1,11.0,6.0,2.0,2.0,8.0,12.0,11.0,7.0,0.0,0.0,0.0,0.0
3812,31,11,1,2.0,1.0,0,10.0,15.0,4.0,4.0,12.0,13.0,5.0,5.0,2.0,4.0,0.0,0.0
3813,26,25,1,2.0,0.0,0,18.0,16.0,6.0,3.0,13.0,10.0,4.0,5.0,2.0,2.0,0.0,0.0
3814,35,41,1,1.0,0.0,0,24.0,25.0,6.0,6.0,22.0,5.0,4.0,9.0,4.0,0.0,0.0,1.0
3815,42,14,0,3.0,1.0,0,11.0,19.0,8.0,7.0,14.0,10.0,5.0,3.0,3.0,1.0,0.0,0.0
3816,28,40,0,0.0,0.0,1,32.0,4.0,12.0,4.0,14.0,7.0,10.0,4.0,2.0,3.0,0.0,0.0
3817,45,44,1,1.0,1.0,1,8.0,14.0,3.0,3.0,6.0,13.0,0.0,1.0,1.0,0.0,0.0,0.0
3818,1,16,1,0.0,0.0,1,14.0,6.0,3.0,0.0,11.0,12.0,5.0,2.0,1.0,1.0,0.0,0.0
3819,26,41,0,1.0,0.0,0,21.0,11.0,11.0,4.0,8.0,5.0,6.0,3.0,1.0,0.0,0.0,0.0
3820,38,14,1,1.0,1.0,1,9.0,7.0,1.0,1.0,23.0,14.0,4.0,6.0,2.0,2.0,1.0,0.0
3821,39,44,0,0.0,0.0,1,13.0,15.0,3.0,4.0,11.0,14.0,5.0,3.0,0.0,2.0,0.0,0.0
3822,28,11,1,2.0,0.0,0,17.0,12.0,6.0,3.0,18.0,9.0,10.0,3.0,4.0,1.0,0.0,0.0
3823,45,0,2,0.0,2.0,2,14.0,21.0,4.0,7.0,12.0,13.0,7.0,8.0,3.0,3.0,0.0,0.0
3824,1,40,1,0.0,0.0,1,14.0,15.0,3.0,3.0,4.0,11.0,4.0,4.0,1.0,4.0,1.0,0.0
3825,31,18,0,1.0,1.0,1,13.0,9.0,6.0,2.0,13.0,8.0,8.0,3.0,2.0,2.0,0.0,0.0
3826,21,25,2,0.0,1.0,2,18.0,4.0,5.0,2.0,12.0,12.0,7.0,1.0,0.0,1.0,1.0,1.0
3827,35,16,1,0.0,0.0,1,11.0,10.0,3.0,3.0,11.0,17.0,9.0,4.0,2.0,1.0,0.0,0.0
3828,42,29,1,0.0,0.0,1,9.0,9.0,4.0,5.0,11.0,19.0,3.0,6.0,2.0,4.0,0.0,0.0
3829,14,45,0,1.0,0.0,0,28.0,6.0,9.0,0.0,8.0,14.0,8.0,6.0,0.0,3.0,0.0,0.0
3830,0,35,0,1.0,0.0,0,15.0,16.0,5.0,2.0,6.0,15.0,6.0,2.0,1.0,4.0,1.0,0.0
3831,18,39,2,0.0,1.0,2,16.0,12.0,5.0,2.0,9.0,15.0,9.0,3.0,2.0,3.0,0.0,0.0
3832,40,21,2,1.0,1.0,1,12.0,13.0,3.0,5.0,12.0,6.0,10.0,4.0,4.0,2.0,0.0,0.0
3833,16,38,2,0.0,1.0,2,11.0,13.0,4.0,6.0,15.0,10.0,8.0,4.0,1.0,0.0,0.0,0.0
3834,25,42,2,0.0,1.0,2,22.0,8.0,6.0,3.0,10.0,14.0,11.0,1.0,1.0,2.0,0.0,0.0
3835,11,26,2,0.0,0.0,1,16.0,10.0,0.0,3.0,7.0,5.0,8.0,2.0,0.0,1.0,0.0,0.0
3836,29,31,0,2.0,0.0,0,9.0,8.0,4.0,4.0,16.0,9.0,4.0,5.0,1.0,2.0,0.0,0.0
3837,41,1,0,1.0,0.0,0,7.0,11.0,2.0,3.0,17.0,12.0,4.0,0.0,1.0,4.0,0.0,0.0
3838,44,28,2,0.0,3.0,2,18.0,9.0,6.0,5.0,5.0,9.0,10.0,6.0,0.0,1.0,0.0,0.0
3839,39,14,2,0.0,1.0,2,13.0,15.0,2.0,6.0,11.0,4.0,6.0,5.0,3.0,0.0,0.0,0.0
3840,31,40,2,0.0,0.0,1,15.0,16.0,7.0,3.0,15.0,15.0,7.0,1.0,4.0,4.0,0.0,0.0
3841,26,0,1,1.0,1.0,1,27.0,7.0,10.0,3.0,6.0,14.0,10.0,6.0,0.0,3.0,1.0,0.0
3842,1,29,1,1.0,0.0,0,10.0,16.0,4.0,9.0,9.0,10.0,3.0,9.0,1.0,1.0,1.0,0.0
3843,21,41,2,0.0,1.0,2,11.0,13.0,3.0,3.0,14.0,16.0,4.0,5.0,2.0,2.0,0.0,0.0
3844,42,11,0,2.0,1.0,0,23.0,9.0,6.0,5.0,9.0,8.0,9.0,6.0,1.0,0.0,0.0,0.0
3845,38,18,0,1.0,0.0,0,11.0,13.0,3.0,4.0,11.0,10.0,4.0,6.0,1.0,1.0,0.0,0.0
3846,45,25,0,1.0,0.0,0,10.0,10.0,2.0,4.0,8.0,17.0,9.0,4.0,0.0,3.0,0.0,0.0
3847,35,44,0,1.0,2.0,2,17.0,16.0,7.0,6.0,16.0,8.0,5.0,11.0,1.0,0.0,0.0,0.0
3848,28,16,0,0.0,0.0,1,15.0,6.0,3.0,1.0,17.0,5.0,8.0,6.0,2.0,1.0,0.0,0.0
3849,18,35,0,2.0,0.0,0,13.0,17.0,5.0,4.0,11.0,12.0,1.0,8.0,1.0,1.0,0.0,0.0
3850,41,42,2,0.0,1.0,2,15.0,10.0,3.0,4.0,7.0,17.0,7.0,9.0,3.0,4.0,0.0,0.0
3851,29,26,0,2.0,0.0,0,11.0,19.0,6.0,9.0,13.0,14.0,2.0,7.0,4.0,3.0,0.0,0.0
3852,44,1,0,0.0,0.0,1,13.0,7.0,5.0,2.0,17.0,12.0,4.0,2.0,4.0,2.0,0.0,1.0
3853,14,21,0,1.0,0.0,0,12.0,8.0,3.0,0.0,13.0,13.0,5.0,4.0,3.0,3.0,0.0,1.0
3854,11,38,0,0.0,0.0,1,7.0,15.0,2.0,4.0,15.0,11.0,2.0,5.0,1.0,3.0,0.0,0.0
3855,25,28,2,0.0,1.0,2,7.0,9.0,1.0,4.0,15.0,13.0,8.0,2.0,0.0,2.0,0.0,0.0
3856,0,31,0,1.0,0.0,0,17.0,10.0,4.0,4.0,14.0,15.0,9.0,6.0,2.0,2.0,0.0,0.0
3857,40,45,1,1.0,1.0,1,13.0,19.0,4.0,8.0,11.0,18.0,6.0,8.0,2.0,2.0,0.0,0.0
3858,16,39,1,1.0,1.0,1,10.0,7.0,3.0,3.0,12.0,11.0,9.0,8.0,2.0,0.0,0.0,0.0
3859,38,29,2,1.0,1.0,1,15.0,3.0,4.0,2.0,12.0,9.0,5.0,1.0,2.0,1.0,0.0,0.0
3860,1,25,0,1.0,1.0,1,16.0,10.0,7.0,4.0,9.0,14.0,5.0,5.0,4.0,4.0,0.0,1.0
3861,45,41,0,1.0,1.0,1,15.0,11.0,7.0,2.0,11.0,18.0,7.0,4.0,0.0,1.0,0.0,1.0
3862,39,0,0,3.0,0.0,0,13.0,15.0,4.0,6.0,17.0,14.0,3.0,9.0,3.0,2.0,0.0,1.0
3863,35,11,0,0.0,0.0,1,11.0,15.0,6.0,3.0,12.0,12.0,3.0,11.0,1.0,1.0,1.0,0.0
3864,21,44,1,0.0,0.0,1,12.0,6.0,2.0,3.0,10.0,16.0,3.0,2.0,1.0,1.0,0.0,0.0
3865,28,18,0,1.0,0.0,0,19.0,9.0,3.0,2.0,8.0,11.0,11.0,7.0,3.0,3.0,0.0,0.0
3866,42,16,1,0.0,0.0,1,14.0,16.0,3.0,4.0,11.0,10.0,2.0,12.0,1.0,0.0,0.0,0.0
3867,26,40,1,0.0,0.0,1,15.0,7.0,2.0,1.0,12.0,15.0,5.0,7.0,1.0,3.0,0.0,0.0
3868,31,14,0,0.0,0.0,1,9.0,26.0,3.0,8.0,8.0,6.0,1.0,10.0,2.0,3.0,1.0,0.0
3869,40,28,2,1.0,2.0,2,8.0,15.0,2.0,4.0,9.0,8.0,2.0,0.0,1.0,1.0,0.0,0.0
3870,18,21,1,1.0,0.0,0,13.0,8.0,5.0,1.0,8.0,12.0,6.0,4.0,1.0,1.0,0.0,0.0
3871,14,42,0,2.0,0.0,0,12.0,10.0,8.0,2.0,9.0,9.0,1.0,6.0,1.0,1.0,0.0,0.0
3872,0,38,0,0.0,0.0,1,19.0,6.0,8.0,1.0,7.0,14.0,9.0,4.0,0.0,2.0,0.0,0.0
3873,11,31,1,1.0,0.0,0,12.0,11.0,2.0,4.0,12.0,12.0,2.0,5.0,2.0,2.0,0.0,0.0
3874,41,35,0,0.0,0.0,1,18.0,5.0,7.0,1.0,8.0,12.0,9.0,2.0,2.0,2.0,0.0,0.0
3875,25,26,2,1.0,1.0,1,20.0,11.0,4.0,3.0,11.0,10.0,7.0,4.0,1.0,2.0,1.0,0.0
3876,44,45,2,1.0,2.0,2,23.0,11.0,5.0,6.0,11.0,17.0,7.0,3.0,2.0,1.0,0.0,0.0
3877,16,1,2,0.0,1.0,2,17.0,5.0,5.0,3.0,16.0,15.0,8.0,2.0,2.0,2.0,0.0,0.0
3878,29,39,0,1.0,1.0,1,10.0,5.0,3.0,4.0,8.0,13.0,2.0,2.0,2.0,4.0,0.0,0.0
3879,38,28,2,0.0,0.0,1,13.0,15.0,4.0,6.0,10.0,13.0,8.0,6.0,1.0,2.0,0.0,1.0
3880,42,18,0,2.0,1.0,0,13.0,10.0,6.0,5.0,15.0,5.0,3.0,4.0,5.0,1.0,0.0,0.0
3881,44,0,2,0.0,0.0,1,9.0,17.0,1.0,5.0,9.0,10.0,4.0,4.0,2.0,1.0,0.0,0.0
3882,35,25,0,2.0,1.0,0,32.0,19.0,6.0,5.0,8.0,17.0,11.0,5.0,3.0,2.0,0.0,0.0
3883,26,39,0,0.0,0.0,1,16.0,13.0,3.0,4.0,11.0,9.0,5.0,5.0,0.0,3.0,0.0,0.0
3884,41,16,1,1.0,1.0,1,18.0,11.0,4.0,5.0,6.0,12.0,4.0,6.0,0.0,2.0,0.0,0.0
3885,11,1,1,0.0,1.0,2,11.0,18.0,4.0,7.0,8.0,8.0,1.0,5.0,3.0,4.0,0.0,0.0
3886,45,31,0,0.0,0.0,1,12.0,7.0,3.0,1.0,9.0,16.0,6.0,2.0,3.0,2.0,0.0,1.0
3887,29,21,0,2.0,0.0,0,12.0,4.0,6.0,2.0,12.0,12.0,7.0,0.0,2.0,2.0,0.0,0.0
3888,40,14,1,0.0,0.0,1,12.0,24.0,3.0,6.0,13.0,10.0,2.0,8.0,3.0,2.0,0.0,0.0
3889,1,38,1,1.0,0.0,0,7.0,15.0,1.0,4.0,15.0,17.0,2.0,8.0,1.0,2.0,0.0,0.0
3890,16,26,0,1.0,1.0,1,15.0,12.0,5.0,1.0,21.0,10.0,4.0,3.0,1.0,2.0,0.0,0.0
3891,21,42,2,1.0,0.0,0,10.0,23.0,2.0,6.0,15.0,9.0,3.0,9.0,3.0,1.0,1.0,0.0
3892,28,41,0,1.0,1.0,1,23.0,8.0,10.0,3.0,13.0,9.0,7.0,3.0,2.0,1.0,0.0,0.0
3893,14,44,0,2.0,0.0,0,21.0,5.0,8.0,1.0,7.0,9.0,15.0,0.0,1.0,0.0,0.0,1.0
3894,25,40,1,0.0,0.0,1,13.0,10.0,4.0,5.0,18.0,12.0,6.0,9.0,2.0,3.0,0.0,0.0
3895,31,35,0,0.0,0.0,1,14.0,13.0,6.0,4.0,12.0,15.0,16.0,7.0,2.0,3.0,0.0,0.0
3896,0,29,2,0.0,0.0,1,23.0,12.0,9.0,2.0,12.0,8.0,11.0,5.0,2.0,1.0,0.0,0.0
3897,18,45,0,1.0,0.0,0,14.0,14.0,4.0,3.0,10.0,13.0,1.0,5.0,2.0,3.0,0.0,0.0
3898,39,11,2,1.0,2.0,2,25.0,5.0,4.0,4.0,10.0,9.0,14.0,0.0,2.0,2.0,0.0,0.0
3899,41,0,0,0.0,0.0,1,11.0,12.0,5.0,4.0,10.0,16.0,6.0,10.0,5.0,5.0,0.0,0.0
3900,44,31,2,0.0,1.0,2,10.0,8.0,2.0,3.0,12.0,6.0,7.0,4.0,0.0,0.0,0.0,0.0
3901,42,39,2,0.0,2.0,2,14.0,11.0,4.0,4.0,20.0,13.0,5.0,5.0,3.0,2.0,1.0,0.0
3902,40,18,1,0.0,0.0,1,10.0,16.0,3.0,7.0,11.0,13.0,5.0,4.0,1.0,2.0,0.0,0.0
3903,11,21,0,0.0,0.0,1,14.0,12.0,3.0,1.0,17.0,17.0,7.0,1.0,6.0,4.0,0.0,0.0
3904,29,16,0,0.0,0.0,1,23.0,6.0,5.0,1.0,8.0,12.0,11.0,4.0,1.0,3.0,0.0,0.0
3905,45,1,1,0.0,0.0,1,21.0,12.0,5.0,4.0,9.0,10.0,13.0,2.0,0.0,3.0,0.0,0.0
3906,26,14,2,1.0,1.0,1,12.0,15.0,4.0,5.0,9.0,12.0,5.0,7.0,2.0,5.0,0.0,0.0
3907,35,28,1,1.0,1.0,1,17.0,23.0,4.0,6.0,9.0,10.0,7.0,7.0,4.0,2.0,0.0,0.0
3908,38,25,0,0.0,0.0,1,18.0,5.0,6.0,0.0,10.0,12.0,13.0,4.0,2.0,2.0,0.0,0.0
3909,16,40,2,0.0,1.0,2,9.0,8.0,1.0,7.0,12.0,19.0,11.0,2.0,0.0,3.0,1.0,0.0
3910,28,29,0,0.0,0.0,1,16.0,9.0,6.0,2.0,15.0,9.0,7.0,4.0,3.0,1.0,0.0,1.0
3911,1,42,2,1.0,0.0,0,12.0,18.0,1.0,7.0,12.0,11.0,3.0,9.0,3.0,3.0,1.0,0.0
3912,0,11,0,0.0,0.0,1,32.0,6.0,13.0,2.0,5.0,9.0,18.0,1.0,0.0,1.0,0.0,0.0
3913,25,44,2,0.0,0.0,1,14.0,8.0,5.0,3.0,5.0,12.0,8.0,3.0,0.0,1.0,0.0,0.0
3914,21,38,2,0.0,1.0,2,8.0,10.0,1.0,3.0,6.0,9.0,7.0,4.0,1.0,0.0,0.0,0.0
3915,14,35,0,1.0,0.0,0,18.0,7.0,8.0,1.0,8.0,12.0,13.0,2.0,0.0,0.0,0.0,0.0
3916,39,45,1,1.0,0.0,0,21.0,10.0,6.0,2.0,14.0,13.0,9.0,2.0,1.0,1.0,0.0,0.0
3917,18,41,1,0.0,0.0,1,17.0,8.0,3.0,0.0,10.0,15.0,11.0,0.0,2.0,3.0,0.0,1.0
3918,31,26,0,0.0,0.0,1,14.0,6.0,3.0,3.0,13.0,8.0,7.0,2.0,4.0,3.0,0.0,0.0
3919,35,1,0,1.0,0.0,0,11.0,15.0,4.0,6.0,11.0,14.0,2.0,4.0,0.0,2.0,0.0,0.0
3920,11,18,2,1.0,2.0,2,14.0,15.0,3.0,6.0,12.0,7.0,5.0,4.0,4.0,2.0,0.0,0.0
3921,29,14,1,0.0,0.0,1,19.0,9.0,7.0,4.0,13.0,14.0,4.0,7.0,3.0,5.0,0.0,1.0
3922,42,31,2,1.0,0.0,0,17.0,8.0,2.0,2.0,9.0,12.0,10.0,2.0,2.0,4.0,0.0,0.0
3923,41,25,0,1.0,0.0,0,7.0,9.0,3.0,4.0,7.0,10.0,2.0,2.0,0.0,0.0,0.0,0.0
3924,44,16,1,0.0,2.0,2,17.0,8.0,4.0,6.0,14.0,8.0,6.0,3.0,3.0,1.0,0.0,0.0
3925,40,0,2,0.0,1.0,2,11.0,15.0,3.0,5.0,11.0,9.0,3.0,3.0,3.0,3.0,0.0,0.0
3926,38,39,0,1.0,0.0,0,20.0,8.0,2.0,1.0,10.0,12.0,6.0,3.0,0.0,2.0,0.0,0.0
3927,26,21,1,0.0,0.0,1,17.0,6.0,4.0,3.0,12.0,17.0,14.0,1.0,3.0,2.0,0.0,0.0
3928,45,28,0,1.0,0.0,0,12.0,21.0,4.0,5.0,12.0,14.0,4.0,8.0,2.0,1.0,0.0,0.0
3929,44,29,1,1.0,0.0,0,8.0,22.0,2.0,7.0,6.0,8.0,0.0,11.0,1.0,2.0,0.0,0.0
3930,39,41,0,1.0,1.0,1,17.0,13.0,3.0,5.0,17.0,7.0,3.0,5.0,4.0,1.0,0.0,0.0
3931,35,26,2,0.0,0.0,1,15.0,15.0,6.0,5.0,10.0,15.0,7.0,2.0,2.0,3.0,0.0,0.0
3932,28,42,0,2.0,1.0,0,20.0,19.0,12.0,7.0,11.0,9.0,3.0,4.0,1.0,2.0,0.0,1.0
3933,38,40,0,3.0,0.0,0,20.0,12.0,11.0,1.0,11.0,8.0,5.0,6.0,1.0,3.0,0.0,0.0
3934,18,1,0,1.0,0.0,0,15.0,10.0,6.0,2.0,11.0,16.0,3.0,4.0,2.0,2.0,0.0,0.0
3935,11,45,2,0.0,0.0,1,17.0,22.0,3.0,6.0,3.0,10.0,5.0,7.0,0.0,1.0,0.0,0.0
3936,0,21,1,1.0,1.0,1,25.0,4.0,9.0,4.0,9.0,13.0,10.0,0.0,2.0,2.0,0.0,0.0
3937,31,25,0,0.0,0.0,1,19.0,7.0,6.0,2.0,13.0,15.0,10.0,7.0,0.0,3.0,0.0,0.0
3938,16,14,2,0.0,1.0,2,7.0,14.0,4.0,5.0,13.0,7.0,3.0,2.0,1.0,1.0,1.0,1.0
3939,42,38,0,1.0,0.0,0,9.0,7.0,4.0,3.0,15.0,9.0,10.0,5.0,2.0,1.0,0.0,0.0
3940,14,0,0,1.0,0.0,0,5.0,10.0,3.0,0.0,14.0,10.0,2.0,2.0,4.0,3.0,0.0,0.0
3941,45,35,0,1.0,0.0,0,11.0,10.0,3.0,3.0,10.0,11.0,7.0,5.0,2.0,2.0,0.0,0.0
3942,29,18,0,1.0,0.0,0,15.0,10.0,4.0,6.0,18.0,11.0,11.0,6.0,4.0,3.0,0.0,0.0
3943,40,39,0,2.0,1.0,0,8.0,11.0,3.0,5.0,10.0,17.0,7.0,4.0,3.0,4.0,0.0,0.0
3944,25,11,1,2.0,1.0,0,15.0,10.0,6.0,4.0,16.0,12.0,9.0,3.0,2.0,2.0,0.0,0.0
3945,1,28,2,0.0,0.0,1,6.0,27.0,1.0,7.0,4.0,6.0,0.0,7.0,0.0,1.0,0.0,0.0
3946,21,16,0,0.0,0.0,1,15.0,11.0,2.0,2.0,6.0,14.0,6.0,7.0,1.0,2.0,0.0,0.0
3947,41,31,1,1.0,1.0,1,11.0,9.0,5.0,4.0,11.0,15.0,3.0,1.0,1.0,3.0,0.0,0.0
3948,26,44,0,1.0,0.0,0,19.0,8.0,7.0,4.0,12.0,15.0,5.0,5.0,2.0,2.0,0.0,0.0
3949,39,31,0,1.0,0.0,0,12.0,16.0,3.0,1.0,20.0,15.0,2.0,10.0,1.0,2.0,0.0,0.0
3950,44,11,0,2.0,0.0,0,20.0,10.0,6.0,2.0,7.0,9.0,10.0,2.0,1.0,2.0,0.0,0.0
3951,40,41,1,0.0,0.0,1,15.0,7.0,3.0,1.0,13.0,15.0,10.0,1.0,2.0,1.0,0.0,1.0
3952,26,18,1,0.0,0.0,1,24.0,11.0,8.0,5.0,8.0,9.0,8.0,2.0,2.0,1.0,0.0,0.0
3953,0,42,1,0.0,0.0,1,16.0,6.0,6.0,4.0,7.0,16.0,15.0,5.0,3.0,6.0,0.0,0.0
3954,21,28,2,2.0,2.0,1,10.0,20.0,5.0,6.0,10.0,6.0,3.0,8.0,0.0,2.0,0.0,0.0
3955,38,35,0,0.0,0.0,1,19.0,10.0,9.0,2.0,12.0,11.0,6.0,3.0,2.0,1.0,0.0,0.0
3956,29,45,0,2.0,1.0,0,8.0,13.0,3.0,4.0,10.0,12.0,7.0,10.0,1.0,3.0,1.0,0.0
3957,14,1,0,1.0,0.0,0,17.0,7.0,8.0,1.0,11.0,9.0,9.0,2.0,2.0,2.0,0.0,0.0
3958,16,25,0,0.0,0.0,1,16.0,7.0,6.0,1.0,14.0,9.0,6.0,6.0,0.0,2.0,0.0,0.0
3959,28,14,1,0.0,0.0,1,16.0,6.0,4.0,2.0,16.0,12.0,14.0,2.0,3.0,4.0,1.0,0.0
3960,18,16,2,1.0,1.0,1,17.0,10.0,6.0,3.0,8.0,13.0,7.0,1.0,2.0,2.0,0.0,0.0
3961,25,29,0,1.0,2.0,2,15.0,16.0,5.0,5.0,11.0,9.0,2.0,4.0,1.0,1.0,0.0,1.0
3962,42,44,2,0.0,0.0,1,7.0,10.0,1.0,4.0,12.0,7.0,9.0,7.0,2.0,2.0,0.0,0.0
3963,31,21,1,0.0,0.0,1,25.0,10.0,7.0,3.0,11.0,11.0,4.0,2.0,4.0,2.0,0.0,0.0
3964,1,0,2,0.0,3.0,2,6.0,9.0,2.0,3.0,11.0,9.0,5.0,5.0,1.0,3.0,0.0,0.0
3965,35,39,1,1.0,1.0,1,21.0,8.0,5.0,4.0,6.0,15.0,10.0,1.0,2.0,4.0,0.0,0.0
3966,45,26,0,2.0,1.0,0,13.0,11.0,7.0,5.0,16.0,11.0,7.0,5.0,4.0,1.0,0.0,0.0
3967,11,40,1,0.0,0.0,1,17.0,14.0,6.0,6.0,14.0,14.0,5.0,1.0,1.0,2.0,0.0,0.0
3968,41,38,2,0.0,0.0,1,5.0,11.0,2.0,4.0,11.0,15.0,2.0,4.0,0.0,4.0,1.0,0.0
3969,21,45,1,1.0,0.0,0,11.0,16.0,6.0,4.0,12.0,7.0,3.0,10.0,3.0,1.0,0.0,0.0
3970,29,35,0,3.0,0.0,0,19.0,9.0,9.0,2.0,11.0,8.0,3.0,1.0,1.0,0.0,0.0,0.0
3971,44,18,2,0.0,1.0,2,11.0,11.0,1.0,4.0,12.0,8.0,9.0,1.0,2.0,3.0,0.0,0.0
3972,14,41,0,1.0,1.0,1,29.0,11.0,9.0,2.0,12.0,11.0,7.0,4.0,0.0,3.0,0.0,0.0
3973,40,42,1,1.0,1.0,1,6.0,15.0,1.0,6.0,10.0,13.0,5.0,5.0,5.0,1.0,0.0,0.0
3974,16,11,1,0.0,0.0,1,14.0,11.0,3.0,3.0,12.0,10.0,5.0,5.0,2.0,3.0,0.0,0.0
3975,38,31,0,2.0,0.0,0,10.0,9.0,7.0,4.0,15.0,7.0,5.0,5.0,0.0,2.0,0.0,0.0
3976,26,1,2,0.0,1.0,2,18.0,5.0,1.0,1.0,9.0,10.0,7.0,6.0,2.0,1.0,0.0,0.0
3977,0,28,1,0.0,1.0,2,15.0,15.0,6.0,8.0,11.0,15.0,0.0,3.0,3.0,4.0,0.0,0.0
3978,39,25,2,0.0,0.0,1,24.0,8.0,4.0,1.0,8.0,15.0,13.0,3.0,3.0,0.0,0.0,0.0
3979,25,0,1,1.0,1.0,1,9.0,24.0,3.0,6.0,14.0,6.0,5.0,10.0,3.0,1.0,0.0,0.0
3980,42,26,2,0.0,1.0,2,7.0,17.0,1.0,8.0,14.0,11.0,7.0,3.0,0.0,4.0,0.0,0.0
3981,1,21,0,2.0,0.0,0,11.0,9.0,4.0,3.0,9.0,10.0,3.0,7.0,1.0,4.0,0.0,0.0
3982,28,39,2,0.0,0.0,1,16.0,7.0,2.0,2.0,14.0,5.0,11.0,4.0,2.0,1.0,0.0,0.0
3983,41,44,0,2.0,0.0,0,15.0,16.0,8.0,2.0,10.0,8.0,0.0,7.0,1.0,2.0,0.0,0.0
3984,31,16,1,1.0,1.0,1,18.0,12.0,4.0,7.0,12.0,19.0,11.0,4.0,1.0,3.0,0.0,0.0
3985,35,40,0,1.0,0.0,0,18.0,16.0,5.0,6.0,8.0,9.0,4.0,6.0,1.0,2.0,0.0,0.0
3986,45,38,2,1.0,1.0,1,4.0,18.0,2.0,8.0,11.0,13.0,2.0,9.0,2.0,1.0,0.0,0.0
3987,11,29,1,0.0,0.0,1,9.0,7.0,3.0,2.0,10.0,14.0,3.0,6.0,2.0,2.0,0.0,0.0
3988,18,14,2,1.0,2.0,2,17.0,12.0,7.0,8.0,7.0,16.0,8.0,2.0,1.0,3.0,0.0,0.0
3989,28,26,0,1.0,0.0,0,9.0,11.0,4.0,3.0,13.0,7.0,6.0,7.0,1.0,1.0,0.0,0.0
3990,21,39,1,1.0,0.0,0,9.0,19.0,2.0,3.0,10.0,10.0,4.0,5.0,1.0,3.0,1.0,0.0
3991,40,29,1,1.0,1.0,1,11.0,10.0,3.0,3.0,10.0,15.0,4.0,4.0,0.0,2.0,0.0,0.0
3992,42,35,0,3.0,0.0,0,18.0,9.0,5.0,1.0,12.0,6.0,7.0,6.0,0.0,1.0,0.0,0.0
3993,1,31,1,0.0,0.0,1,9.0,11.0,0.0,4.0,11.0,8.0,7.0,7.0,4.0,0.0,0.0,1.0
3994,18,0,1,2.0,0.0,0,8.0,13.0,2.0,3.0,10.0,18.0,3.0,3.0,1.0,4.0,0.0,0.0
3995,38,44,1,0.0,0.0,1,8.0,8.0,2.0,2.0,14.0,15.0,1.0,5.0,1.0,2.0,0.0,0.0
3996,14,25,0,0.0,0.0,1,27.0,6.0,10.0,4.0,11.0,11.0,8.0,7.0,0.0,1.0,0.0,0.0
3997,41,11,0,1.0,0.0,0,10.0,12.0,5.0,1.0,14.0,13.0,2.0,3.0,2.0,1.0,0.0,0.0
3998,16,45,2,0.0,2.0,2,9.0,17.0,4.0,8.0,14.0,11.0,6.0,9.0,1.0,3.0,0.0,0.0
3999,11,14,2,1.0,3.0,2,9.0,11.0,2.0,3.0,6.0,7.0,4.0,3.0,1.0,1.0,0.0,0.0
4000,31,28,2,0.0,1.0,2,12.0,13.0,0.0,5.0,8.0,11.0,3.0,3.0,1.0,5.0,0.0,0.0
4001,26,38,0,1.0,0.0,0,12.0,12.0,5.0,6.0,8.0,11.0,2.0,6.0,1.0,2.0,0.0,0.0
4002,39,1,2,0.0,0.0,1,12.0,7.0,2.0,2.0,14.0,9.0,2.0,8.0,0.0,3.0,0.0,0.0
4003,45,42,2,0.0,0.0,1,18.0,10.0,4.0,4.0,12.0,10.0,8.0,5.0,1.0,0.0,1.0,1.0
4004,0,16,0,1.0,1.0,1,14.0,4.0,6.0,2.0,13.0,19.0,9.0,3.0,2.0,2.0,0.0,1.0
4005,25,18,1,1.0,2.0,2,11.0,13.0,3.0,3.0,16.0,10.0,3.0,6.0,1.0,1.0,0.0,0.0
4006,35,21,2,0.0,0.0,1,19.0,11.0,6.0,4.0,10.0,10.0,8.0,9.0,1.0,2.0,0.0,0.0
4007,29,41,2,0.0,1.0,2,14.0,5.0,5.0,4.0,14.0,20.0,4.0,0.0,2.0,4.0,0.0,0.0
4008,44,40,1,1.0,1.0,1,10.0,7.0,5.0,2.0,18.0,9.0,6.0,3.0,3.0,1.0,0.0,0.0
4009,26,31,0,0.0,1.0,2,13.0,8.0,5.0,2.0,8.0,16.0,6.0,2.0,1.0,3.0,0.0,2.0
4010,44,39,2,0.0,1.0,2,17.0,15.0,4.0,4.0,4.0,7.0,11.0,6.0,0.0,0.0,0.0,0.0
4011,38,29,1,1.0,0.0,0,15.0,8.0,6.0,2.0,16.0,5.0,6.0,2.0,3.0,2.0,0.0,0.0
4012,28,45,0,1.0,0.0,0,28.0,3.0,7.0,0.0,7.0,9.0,12.0,1.0,2.0,2.0,0.0,0.0
4013,19,16,1,0.0,1.0,2,15.0,15.0,5.0,6.0,11.0,15.0,6.0,4.0,3.0,1.0,0.0,0.0
4014,12,14,2,1.0,0.0,0,10.0,28.0,4.0,7.0,7.0,9.0,3.0,8.0,1.0,2.0,0.0,0.0
4015,40,41,2,0.0,2.0,2,20.0,8.0,4.0,4.0,14.0,15.0,6.0,3.0,2.0,3.0,0.0,0.0
4016,32,0,2,0.0,0.0,1,11.0,14.0,5.0,8.0,6.0,5.0,4.0,4.0,1.0,0.0,0.0,0.0
4017,21,18,2,0.0,1.0,2,12.0,11.0,3.0,4.0,8.0,8.0,6.0,4.0,0.0,1.0,0.0,0.0
4018,42,1,0,3.0,0.0,0,12.0,4.0,6.0,1.0,11.0,11.0,5.0,1.0,1.0,0.0,0.0,0.0
4019,40,44,0,2.0,0.0,0,10.0,13.0,4.0,3.0,14.0,12.0,5.0,0.0,0.0,0.0,0.0,0.0
4020,28,1,0,0.0,0.0,1,18.0,5.0,9.0,0.0,8.0,9.0,7.0,2.0,1.0,2.0,0.0,0.0
4021,29,21,0,1.0,0.0,0,18.0,2.0,7.0,2.0,13.0,9.0,8.0,0.0,1.0,1.0,0.0,0.0
4022,16,26,1,0.0,1.0,2,10.0,26.0,6.0,9.0,7.0,12.0,7.0,7.0,2.0,3.0,0.0,0.0
4023,0,44,0,1.0,0.0,0,15.0,11.0,4.0,1.0,9.0,6.0,9.0,10.0,2.0,2.0,0.0,0.0
4024,14,32,1,0.0,0.0,1,23.0,6.0,4.0,3.0,9.0,17.0,5.0,2.0,1.0,3.0,0.0,0.0
4025,45,42,0,2.0,0.0,0,20.0,12.0,8.0,3.0,10.0,16.0,10.0,6.0,0.0,4.0,0.0,1.0
4026,18,28,2,1.0,2.0,2,9.0,18.0,4.0,6.0,3.0,9.0,4.0,3.0,0.0,3.0,0.0,0.0
4027,41,38,2,0.0,0.0,1,12.0,18.0,3.0,4.0,11.0,5.0,3.0,5.0,1.0,1.0,0.0,0.0
4028,1,21,0,3.0,1.0,0,15.0,7.0,9.0,2.0,14.0,9.0,8.0,5.0,0.0,0.0,0.0,0.0
4029,31,12,0,1.0,0.0,0,22.0,16.0,6.0,3.0,9.0,6.0,10.0,6.0,1.0,0.0,0.0,0.0
4030,39,19,0,1.0,0.0,0,23.0,10.0,8.0,2.0,9.0,13.0,3.0,5.0,0.0,2.0,0.0,0.0
4031,29,40,2,0.0,1.0,2,17.0,8.0,2.0,1.0,11.0,12.0,8.0,0.0,2.0,1.0,0.0,0.0
4032,0,31,0,2.0,0.0,0,20.0,8.0,8.0,3.0,9.0,8.0,14.0,0.0,3.0,2.0,0.0,0.0
4033,26,14,2,0.0,1.0,2,26.0,11.0,8.0,4.0,9.0,7.0,14.0,3.0,0.0,4.0,0.0,0.0
4034,40,12,0,2.0,0.0,0,21.0,6.0,7.0,1.0,10.0,11.0,11.0,5.0,5.0,3.0,0.0,1.0
4035,16,28,2,0.0,2.0,2,3.0,16.0,2.0,6.0,9.0,10.0,4.0,8.0,3.0,1.0,0.0,0.0
4036,29,32,0,1.0,0.0,0,25.0,9.0,11.0,2.0,13.0,9.0,5.0,3.0,1.0,1.0,0.0,0.0
4037,44,45,0,1.0,0.0,0,19.0,9.0,6.0,3.0,14.0,8.0,7.0,6.0,0.0,1.0,0.0,0.0
4038,39,42,2,0.0,1.0,2,17.0,16.0,3.0,4.0,11.0,6.0,4.0,3.0,1.0,2.0,1.0,0.0
4039,38,18,0,2.0,0.0,0,14.0,9.0,4.0,2.0,13.0,12.0,4.0,7.0,0.0,2.0,0.0,0.0
4040,41,1,0,2.0,1.0,0,11.0,11.0,8.0,3.0,9.0,12.0,9.0,6.0,1.0,3.0,0.0,0.0
4041,19,21,1,0.0,0.0,1,10.0,8.0,3.0,4.0,8.0,7.0,7.0,2.0,1.0,3.0,0.0,0.0
4042,28,44,0,3.0,1.0,0,19.0,10.0,6.0,3.0,9.0,7.0,8.0,2.0,1.0,1.0,0.0,0.0
4043,21,0,2,0.0,2.0,2,13.0,12.0,4.0,6.0,10.0,7.0,7.0,0.0,1.0,1.0,0.0,0.0
4044,18,29,0,2.0,0.0,0,17.0,9.0,5.0,2.0,9.0,8.0,6.0,5.0,2.0,2.0,0.0,0.0
4045,32,26,2,0.0,2.0,2,13.0,14.0,5.0,6.0,16.0,10.0,8.0,3.0,3.0,2.0,0.0,0.0
4046,31,41,2,1.0,1.0,1,14.0,10.0,4.0,2.0,6.0,9.0,2.0,8.0,2.0,0.0,0.0,0.0
4047,42,19,0,1.0,1.0,1,14.0,11.0,5.0,4.0,8.0,11.0,4.0,5.0,0.0,1.0,0.0,0.0
4048,45,16,2,0.0,0.0,1,13.0,11.0,4.0,3.0,7.0,16.0,3.0,11.0,1.0,1.0,0.0,0.0
4049,14,40,2,1.0,1.0,1,31.0,7.0,15.0,3.0,11.0,14.0,10.0,4.0,1.0,2.0,0.0,0.0
4050,12,39,1,0.0,1.0,2,13.0,14.0,4.0,5.0,6.0,12.0,12.0,7.0,2.0,3.0,0.0,0.0
4051,1,38,1,0.0,0.0,1,6.0,3.0,1.0,2.0,11.0,11.0,5.0,3.0,0.0,2.0,0.0,0.0
4052,18,16,2,0.0,1.0,2,17.0,7.0,5.0,4.0,6.0,10.0,13.0,3.0,1.0,2.0,0.0,0.0
4053,28,40,1,1.0,0.0,0,16.0,11.0,4.0,3.0,14.0,10.0,3.0,6.0,1.0,2.0,0.0,0.0
4054,0,45,0,1.0,1.0,1,14.0,12.0,8.0,2.0,14.0,12.0,4.0,3.0,2.0,2.0,0.0,0.0
4055,41,14,2,0.0,0.0,1,7.0,26.0,4.0,3.0,8.0,13.0,5.0,12.0,0.0,2.0,1.0,0.0
4056,26,28,0,2.0,0.0,0,10.0,13.0,4.0,5.0,7.0,9.0,7.0,7.0,1.0,3.0,1.0,0.0
4057,44,42,1,3.0,1.0,0,6.0,20.0,5.0,8.0,11.0,8.0,2.0,2.0,4.0,2.0,0.0,0.0
4058,38,12,2,0.0,0.0,1,19.0,6.0,7.0,4.0,9.0,7.0,5.0,5.0,0.0,0.0,0.0,0.0
4059,16,1,0,0.0,0.0,1,14.0,7.0,4.0,4.0,7.0,12.0,2.0,4.0,0.0,2.0,0.0,0.0
4060,40,18,2,0.0,0.0,1,24.0,20.0,6.0,3.0,17.0,15.0,6.0,6.0,3.0,1.0,0.0,0.0
4061,39,31,0,1.0,0.0,0,10.0,13.0,3.0,1.0,12.0,11.0,4.0,5.0,1.0,1.0,0.0,0.0
4062,19,32,0,1.0,0.0,0,14.0,13.0,3.0,3.0,10.0,12.0,8.0,8.0,1.0,3.0,0.0,0.0
4063,42,40,0,1.0,1.0,1,29.0,8.0,11.0,4.0,12.0,8.0,8.0,2.0,0.0,2.0,0.0,0.0
4064,18,0,0,2.0,0.0,0,14.0,15.0,8.0,5.0,6.0,5.0,3.0,6.0,1.0,2.0,0.0,0.0
4065,45,26,2,1.0,1.0,1,11.0,17.0,1.0,8.0,10.0,9.0,4.0,4.0,4.0,0.0,0.0,0.0
4066,32,44,2,0.0,1.0,2,12.0,8.0,4.0,5.0,10.0,11.0,7.0,3.0,1.0,0.0,0.0,0.0
4067,28,38,0,3.0,1.0,0,15.0,5.0,8.0,1.0,9.0,15.0,5.0,9.0,3.0,0.0,0.0,0.0
4068,31,29,2,0.0,1.0,2,14.0,8.0,4.0,4.0,16.0,6.0,4.0,5.0,1.0,0.0,0.0,0.0
4069,21,41,0,1.0,0.0,0,8.0,12.0,4.0,2.0,6.0,18.0,7.0,2.0,0.0,2.0,0.0,0.0
4070,1,19,2,0.0,0.0,1,12.0,16.0,6.0,8.0,10.0,13.0,2.0,7.0,3.0,2.0,0.0,0.0
4071,12,16,2,0.0,1.0,2,13.0,13.0,4.0,8.0,5.0,13.0,10.0,3.0,2.0,4.0,0.0,0.0
4072,14,39,0,1.0,0.0,0,18.0,4.0,8.0,2.0,8.0,18.0,7.0,3.0,0.0,0.0,0.0,0.0
4073,40,45,2,0.0,1.0,2,26.0,11.0,7.0,6.0,11.0,14.0,8.0,3.0,2.0,4.0,0.0,0.0
4074,19,18,2,0.0,0.0,1,23.0,14.0,8.0,7.0,7.0,4.0,5.0,6.0,1.0,2.0,0.0,0.0
4075,26,42,0,2.0,0.0,0,11.0,15.0,5.0,4.0,9.0,9.0,5.0,7.0,0.0,2.0,0.0,0.0
4076,16,14,0,0.0,0.0,1,14.0,21.0,4.0,2.0,10.0,4.0,2.0,13.0,4.0,1.0,0.0,0.0
4077,44,12,1,2.0,1.0,0,16.0,11.0,6.0,5.0,12.0,13.0,4.0,1.0,1.0,1.0,0.0,0.0
4078,38,31,0,1.0,0.0,0,23.0,5.0,11.0,2.0,5.0,6.0,7.0,5.0,0.0,1.0,0.0,0.0
4079,0,28,1,0.0,1.0,2,10.0,15.0,3.0,4.0,8.0,11.0,6.0,6.0,1.0,4.0,0.0,0.0
4080,39,21,0,0.0,0.0,1,15.0,5.0,3.0,3.0,9.0,9.0,8.0,1.0,2.0,0.0,0.0,0.0
4081,29,1,0,2.0,1.0,0,9.0,10.0,6.0,1.0,10.0,16.0,0.0,5.0,2.0,4.0,0.0,0.0
4082,41,32,0,2.0,0.0,0,16.0,8.0,7.0,4.0,15.0,9.0,7.0,4.0,1.0,2.0,0.0,0.0
4083,45,21,0,1.0,0.0,0,9.0,10.0,3.0,3.0,12.0,9.0,4.0,5.0,0.0,1.0,0.0,1.0
4084,26,40,0,1.0,0.0,0,21.0,12.0,7.0,4.0,5.0,15.0,3.0,4.0,0.0,2.0,0.0,0.0
4085,31,18,2,0.0,1.0,2,16.0,8.0,3.0,6.0,8.0,10.0,9.0,8.0,0.0,1.0,0.0,0.0
4086,0,41,1,0.0,1.0,2,13.0,8.0,4.0,2.0,11.0,12.0,7.0,0.0,0.0,1.0,0.0,0.0
4087,29,28,2,0.0,1.0,2,10.0,13.0,4.0,4.0,12.0,8.0,5.0,8.0,2.0,2.0,0.0,0.0
4088,1,39,2,1.0,3.0,2,12.0,10.0,3.0,5.0,16.0,10.0,5.0,3.0,5.0,1.0,0.0,0.0
4089,42,38,0,1.0,2.0,2,15.0,12.0,6.0,4.0,9.0,9.0,7.0,3.0,1.0,2.0,0.0,0.0
4090,12,26,2,2.0,2.0,1,9.0,19.0,3.0,9.0,14.0,11.0,4.0,6.0,2.0,3.0,0.0,0.0
4091,45,29,2,0.0,2.0,2,10.0,16.0,1.0,7.0,8.0,8.0,12.0,7.0,2.0,1.0,0.0,0.0
4092,28,19,0,1.0,0.0,0,22.0,6.0,12.0,0.0,8.0,15.0,13.0,2.0,0.0,3.0,0.0,1.0
4093,14,0,0,4.0,0.0,0,21.0,12.0,11.0,5.0,14.0,8.0,7.0,1.0,0.0,1.0,0.0,1.0
4094,32,40,0,2.0,0.0,0,14.0,10.0,8.0,2.0,16.0,20.0,8.0,5.0,2.0,4.0,0.0,1.0
4095,21,44,0,2.0,0.0,0,12.0,17.0,5.0,4.0,18.0,13.0,4.0,5.0,2.0,0.0,0.0,0.0
4096,18,41,0,1.0,1.0,1,9.0,21.0,6.0,7.0,9.0,6.0,5.0,12.0,0.0,0.0,0.0,0.0
4097,31,16,0,0.0,0.0,1,21.0,8.0,8.0,1.0,4.0,8.0,9.0,5.0,0.0,1.0,0.0,0.0
4098,42,0,2,0.0,1.0,2,17.0,7.0,2.0,3.0,18.0,11.0,5.0,2.0,5.0,3.0,0.0,0.0
4099,29,26,2,0.0,1.0,2,13.0,17.0,1.0,7.0,13.0,12.0,3.0,4.0,1.0,4.0,1.0,0.0
4100,19,31,0,0.0,0.0,1,12.0,12.0,3.0,3.0,11.0,6.0,9.0,7.0,1.0,0.0,0.0,0.0
4101,38,32,0,1.0,0.0,0,16.0,6.0,6.0,3.0,11.0,17.0,6.0,1.0,1.0,2.0,0.0,0.0
4102,21,28,2,0.0,1.0,2,15.0,8.0,5.0,3.0,9.0,14.0,3.0,4.0,2.0,2.0,0.0,1.0
4103,40,16,1,0.0,0.0,1,19.0,12.0,2.0,5.0,16.0,14.0,6.0,2.0,4.0,4.0,0.0,0.0
4104,39,45,0,1.0,1.0,1,17.0,8.0,9.0,2.0,13.0,13.0,6.0,4.0,1.0,1.0,0.0,0.0
4105,18,12,0,0.0,0.0,1,19.0,10.0,6.0,3.0,10.0,10.0,10.0,5.0,1.0,3.0,0.0,0.0
4106,1,14,0,0.0,0.0,1,13.0,15.0,4.0,2.0,14.0,8.0,4.0,5.0,4.0,0.0,0.0,2.0
4107,41,44,2,1.0,0.0,0,15.0,13.0,4.0,4.0,7.0,13.0,4.0,1.0,1.0,3.0,0.0,0.0
4108,12,19,0,1.0,0.0,0,19.0,14.0,9.0,6.0,9.0,12.0,7.0,6.0,1.0,0.0,0.0,0.0
4109,32,39,1,0.0,0.0,1,13.0,6.0,5.0,3.0,9.0,12.0,3.0,1.0,0.0,2.0,0.0,1.0
4110,14,42,0,0.0,0.0,1,12.0,6.0,4.0,2.0,11.0,18.0,5.0,4.0,2.0,3.0,0.0,1.0
4111,16,38,2,0.0,1.0,2,6.0,11.0,1.0,3.0,14.0,18.0,8.0,3.0,1.0,5.0,0.0,0.0
4112,44,29,2,0.0,1.0,2,14.0,14.0,3.0,5.0,11.0,10.0,3.0,5.0,1.0,2.0,0.0,0.0
4113,41,16,1,1.0,0.0,0,7.0,7.0,5.0,4.0,8.0,11.0,1.0,4.0,1.0,4.0,1.0,0.0
4114,1,32,0,4.0,1.0,0,10.0,7.0,4.0,4.0,12.0,10.0,6.0,2.0,0.0,3.0,0.0,0.0
4115,42,12,0,1.0,0.0,0,15.0,8.0,6.0,2.0,11.0,12.0,4.0,7.0,1.0,3.0,0.0,0.0
4116,19,14,2,0.0,0.0,1,7.0,17.0,3.0,8.0,14.0,13.0,5.0,4.0,2.0,1.0,0.0,0.0
4117,38,26,2,0.0,1.0,2,13.0,12.0,2.0,5.0,10.0,6.0,3.0,6.0,1.0,2.0,0.0,0.0
4118,18,45,0,0.0,0.0,1,22.0,6.0,3.0,1.0,9.0,8.0,11.0,5.0,1.0,1.0,0.0,0.0
4119,39,0,0,0.0,0.0,1,8.0,10.0,4.0,2.0,13.0,11.0,3.0,4.0,3.0,1.0,0.0,0.0
4120,21,31,2,0.0,2.0,2,13.0,17.0,3.0,7.0,13.0,10.0,6.0,3.0,3.0,2.0,0.0,0.0
4121,31,1,0,0.0,0.0,1,23.0,10.0,5.0,2.0,12.0,10.0,10.0,1.0,2.0,2.0,0.0,0.0
4122,26,41,0,3.0,2.0,0,21.0,14.0,10.0,5.0,9.0,11.0,3.0,5.0,1.0,0.0,0.0,0.0
4123,32,42,0,0.0,0.0,1,13.0,9.0,3.0,2.0,8.0,15.0,5.0,3.0,1.0,3.0,0.0,0.0
4124,16,29,2,0.0,0.0,1,15.0,14.0,6.0,5.0,12.0,10.0,6.0,4.0,0.0,2.0,0.0,0.0
4125,45,38,0,2.0,1.0,0,10.0,25.0,5.0,5.0,10.0,8.0,5.0,11.0,0.0,1.0,0.0,0.0
4126,14,18,0,0.0,0.0,1,25.0,8.0,8.0,2.0,15.0,12.0,8.0,8.0,1.0,2.0,0.0,0.0
4127,28,39,0,0.0,0.0,1,19.0,7.0,7.0,2.0,16.0,13.0,8.0,3.0,3.0,1.0,0.0,0.0
4128,44,19,1,0.0,1.0,2,16.0,7.0,5.0,3.0,13.0,15.0,8.0,2.0,3.0,3.0,0.0,0.0
4129,0,40,0,3.0,0.0,0,12.0,7.0,9.0,3.0,10.0,11.0,7.0,3.0,0.0,1.0,0.0,0.0
4130,12,21,2,0.0,2.0,2,23.0,12.0,5.0,6.0,4.0,11.0,9.0,2.0,1.0,1.0,0.0,0.0
4131,19,26,2,1.0,1.0,1,10.0,21.0,3.0,7.0,7.0,9.0,7.0,5.0,4.0,3.0,0.0,0.0
4132,0,29,1,0.0,0.0,1,17.0,6.0,5.0,2.0,10.0,14.0,5.0,5.0,1.0,2.0,0.0,0.0
4133,39,41,1,1.0,0.0,0,7.0,13.0,4.0,3.0,11.0,12.0,2.0,5.0,2.0,2.0,0.0,0.0
4134,31,42,2,0.0,1.0,2,13.0,15.0,5.0,8.0,6.0,11.0,8.0,6.0,0.0,0.0,0.0,0.0
4135,45,32,0,0.0,0.0,1,12.0,13.0,7.0,6.0,12.0,16.0,5.0,5.0,1.0,3.0,0.0,0.0
4136,44,14,1,0.0,1.0,2,12.0,15.0,1.0,4.0,9.0,13.0,5.0,8.0,3.0,4.0,0.0,0.0
4137,21,38,2,0.0,0.0,1,12.0,16.0,4.0,7.0,6.0,8.0,2.0,2.0,0.0,3.0,0.0,0.0
4138,12,1,1,0.0,0.0,1,12.0,18.0,3.0,6.0,5.0,9.0,7.0,9.0,0.0,0.0,0.0,0.0
4139,29,19,1,0.0,1.0,2,31.0,6.0,9.0,3.0,3.0,6.0,10.0,1.0,0.0,0.0,0.0,0.0
4140,42,18,0,0.0,0.0,1,8.0,11.0,2.0,3.0,9.0,13.0,9.0,7.0,1.0,0.0,0.0,0.0
4141,32,28,1,0.0,0.0,1,7.0,15.0,2.0,2.0,7.0,6.0,4.0,14.0,2.0,1.0,0.0,0.0
4142,26,0,0,4.0,0.0,0,22.0,11.0,12.0,6.0,14.0,14.0,6.0,6.0,1.0,2.0,0.0,0.0
4143,41,12,0,0.0,0.0,1,17.0,7.0,6.0,1.0,7.0,8.0,5.0,1.0,1.0,1.0,0.0,0.0
4144,40,21,2,0.0,1.0,2,7.0,25.0,3.0,9.0,12.0,16.0,2.0,6.0,1.0,3.0,1.0,0.0
4145,38,39,1,2.0,2.0,1,17.0,5.0,5.0,4.0,7.0,14.0,7.0,4.0,0.0,4.0,0.0,0.0
4146,1,45,2,0.0,0.0,1,16.0,10.0,1.0,2.0,9.0,8.0,8.0,10.0,0.0,2.0,0.0,0.0
4147,14,31,0,2.0,0.0,0,18.0,12.0,8.0,6.0,7.0,10.0,6.0,5.0,0.0,3.0,0.0,0.0
4148,16,44,0,2.0,0.0,0,10.0,16.0,6.0,6.0,13.0,13.0,4.0,7.0,0.0,3.0,0.0,0.0
4149,28,14,2,0.0,1.0,2,25.0,18.0,3.0,6.0,11.0,13.0,12.0,6.0,3.0,3.0,0.0,0.0
4150,44,26,1,0.0,1.0,2,12.0,12.0,4.0,3.0,13.0,15.0,3.0,4.0,4.0,2.0,0.0,0.0
4151,0,16,0,0.0,0.0,1,11.0,10.0,6.0,2.0,9.0,14.0,6.0,5.0,1.0,2.0,0.0,0.0
4152,12,32,0,0.0,1.0,2,14.0,27.0,5.0,6.0,8.0,9.0,7.0,14.0,1.0,4.0,0.0,0.0
4153,39,29,0,1.0,0.0,0,13.0,19.0,6.0,4.0,18.0,7.0,7.0,10.0,2.0,2.0,0.0,0.0
4154,19,38,2,0.0,0.0,1,8.0,17.0,4.0,5.0,10.0,9.0,4.0,5.0,0.0,3.0,0.0,0.0
4155,21,42,1,1.0,0.0,0,9.0,19.0,4.0,3.0,13.0,9.0,4.0,10.0,1.0,1.0,0.0,0.0
4156,18,1,0,0.0,1.0,2,13.0,4.0,6.0,1.0,4.0,18.0,13.0,1.0,1.0,0.0,0.0,0.0
4157,31,40,2,0.0,2.0,2,28.0,16.0,10.0,5.0,18.0,13.0,7.0,3.0,2.0,2.0,0.0,0.0
4158,45,41,0,2.0,0.0,0,11.0,20.0,4.0,0.0,7.0,7.0,8.0,11.0,1.0,0.0,1.0,0.0
4159,14,45,1,0.0,0.0,1,39.0,1.0,9.0,1.0,12.0,11.0,13.0,3.0,1.0,3.0,0.0,0.0
4160,42,28,2,0.0,1.0,2,4.0,24.0,2.0,10.0,11.0,10.0,3.0,5.0,1.0,4.0,1.0,0.0
4161,1,44,0,3.0,3.0,1,10.0,12.0,6.0,4.0,15.0,10.0,3.0,3.0,1.0,3.0,0.0,0.0
4162,40,39,0,1.0,0.0,0,16.0,14.0,6.0,5.0,16.0,15.0,2.0,3.0,2.0,2.0,0.0,1.0
4163,16,21,0,1.0,0.0,0,13.0,13.0,3.0,4.0,14.0,8.0,8.0,3.0,4.0,0.0,0.0,1.0
4164,29,12,0,1.0,0.0,0,17.0,7.0,5.0,1.0,9.0,9.0,5.0,5.0,0.0,1.0,0.0,0.0
4165,26,18,0,3.0,0.0,0,20.0,18.0,9.0,4.0,11.0,13.0,5.0,8.0,0.0,3.0,0.0,0.0
4166,41,19,0,0.0,0.0,1,14.0,15.0,7.0,4.0,14.0,9.0,5.0,8.0,1.0,1.0,0.0,0.0
4167,32,31,1,0.0,0.0,1,9.0,22.0,2.0,3.0,13.0,7.0,7.0,7.0,1.0,1.0,1.0,1.0
4168,38,0,1,1.0,0.0,0,13.0,7.0,5.0,4.0,11.0,4.0,7.0,5.0,1.0,1.0,0.0,1.0
4169,44,18,1,0.0,1.0,2,14.0,13.0,6.0,4.0,16.0,12.0,4.0,2.0,3.0,2.0,0.0,0.0
4170,14,29,0,2.0,0.0,0,13.0,10.0,6.0,4.0,15.0,21.0,5.0,4.0,1.0,3.0,0.0,1.0
4171,41,42,2,0.0,1.0,2,13.0,11.0,3.0,5.0,6.0,9.0,8.0,2.0,2.0,1.0,0.0,0.0
4172,40,38,1,1.0,2.0,2,10.0,17.0,5.0,8.0,8.0,8.0,4.0,7.0,2.0,0.0,0.0,0.0
4173,32,21,0,0.0,0.0,1,25.0,10.0,4.0,0.0,8.0,16.0,10.0,8.0,1.0,2.0,0.0,1.0
4174,0,19,0,0.0,0.0,1,22.0,8.0,8.0,2.0,5.0,7.0,4.0,4.0,0.0,0.0,0.0,0.0
4175,16,39,0,0.0,0.0,1,12.0,17.0,6.0,2.0,9.0,13.0,4.0,3.0,0.0,2.0,0.0,0.0
4176,26,1,1,1.0,2.0,2,14.0,12.0,6.0,3.0,14.0,18.0,2.0,3.0,1.0,4.0,0.0,0.0
4177,45,31,2,1.0,2.0,2,11.0,19.0,2.0,9.0,9.0,6.0,4.0,3.0,0.0,0.0,0.0,0.0
4178,28,12,0,2.0,1.0,0,24.0,7.0,9.0,6.0,6.0,5.0,10.0,7.0,2.0,0.0,0.0,0.0
4179,1,0,2,0.0,2.0,2,11.0,8.0,5.0,4.0,12.0,9.0,3.0,5.0,2.0,2.0,0.0,0.0
4180,39,26,2,2.0,2.0,1,13.0,13.0,4.0,9.0,10.0,8.0,11.0,2.0,1.0,1.0,0.0,0.0
4181,31,28,2,0.0,1.0,2,13.0,14.0,5.0,6.0,18.0,15.0,5.0,6.0,4.0,2.0,0.0,0.0
4182,29,41,0,0.0,0.0,1,16.0,13.0,5.0,2.0,9.0,10.0,3.0,5.0,0.0,2.0,0.0,0.0
4183,18,32,0,1.0,0.0,0,23.0,12.0,5.0,3.0,7.0,14.0,10.0,5.0,1.0,2.0,0.0,0.0
4184,12,45,2,0.0,1.0,2,19.0,10.0,7.0,3.0,7.0,16.0,8.0,7.0,1.0,3.0,0.0,1.0
4185,21,14,2,0.0,0.0,1,10.0,14.0,2.0,5.0,12.0,7.0,1.0,7.0,2.0,1.0,0.0,0.0
4186,19,40,2,0.0,2.0,2,17.0,10.0,5.0,6.0,15.0,13.0,10.0,6.0,3.0,3.0,0.0,0.0
4187,38,44,0,0.0,0.0,1,18.0,4.0,5.0,2.0,11.0,17.0,4.0,4.0,1.0,2.0,0.0,0.0
4188,42,16,0,0.0,0.0,1,10.0,14.0,4.0,2.0,12.0,12.0,5.0,11.0,1.0,2.0,0.0,0.0
4189,41,28,2,1.0,1.0,1,15.0,14.0,4.0,4.0,5.0,10.0,8.0,6.0,2.0,5.0,0.0,0.0
4190,40,1,2,0.0,1.0,2,17.0,13.0,1.0,5.0,8.0,11.0,10.0,2.0,4.0,3.0,0.0,0.0
4191,16,32,1,1.0,1.0,1,13.0,8.0,4.0,5.0,12.0,10.0,9.0,4.0,2.0,1.0,0.0,1.0
4192,39,18,1,0.0,0.0,1,10.0,16.0,4.0,4.0,16.0,11.0,2.0,5.0,4.0,1.0,0.0,0.0
4193,29,42,2,0.0,1.0,2,16.0,9.0,6.0,4.0,7.0,7.0,13.0,2.0,2.0,1.0,0.0,0.0
4194,38,14,2,0.0,0.0,1,12.0,11.0,2.0,5.0,13.0,10.0,6.0,8.0,4.0,1.0,0.0,0.0
4195,19,45,0,1.0,1.0,1,30.0,11.0,11.0,3.0,6.0,5.0,12.0,4.0,2.0,1.0,0.0,1.0
4196,44,31,0,0.0,0.0,1,13.0,9.0,4.0,3.0,7.0,15.0,3.0,4.0,0.0,0.0,0.0,1.0
4197,26,21,0,1.0,0.0,0,17.0,10.0,6.0,0.0,15.0,15.0,3.0,4.0,1.0,2.0,0.0,0.0
4198,0,12,0,0.0,0.0,1,28.0,8.0,6.0,2.0,6.0,11.0,12.0,2.0,1.0,2.0,0.0,0.0
4199,18,38,0,1.0,0.0,0,9.0,12.0,4.0,2.0,9.0,14.0,2.0,3.0,2.0,4.0,0.0,0.0
4200,42,39,0,1.0,0.0,0,20.0,2.0,7.0,1.0,6.0,14.0,6.0,1.0,2.0,2.0,0.0,0.0
4201,31,0,2,0.0,0.0,1,11.0,11.0,3.0,5.0,10.0,8.0,4.0,1.0,0.0,3.0,0.0,0.0
4202,14,26,0,2.0,1.0,0,11.0,8.0,5.0,4.0,17.0,17.0,4.0,2.0,4.0,1.0,0.0,0.0
4203,12,40,1,1.0,0.0,0,16.0,21.0,7.0,9.0,14.0,10.0,6.0,6.0,3.0,2.0,0.0,0.0
4204,32,29,2,0.0,0.0,1,15.0,7.0,4.0,3.0,11.0,10.0,8.0,3.0,4.0,3.0,0.0,0.0
4205,21,19,0,0.0,0.0,1,21.0,5.0,13.0,2.0,11.0,9.0,6.0,1.0,0.0,0.0,0.0,0.0
4206,45,44,1,1.0,2.0,2,16.0,22.0,6.0,7.0,10.0,13.0,6.0,5.0,3.0,2.0,0.0,0.0
4207,28,16,0,0.0,0.0,1,23.0,9.0,4.0,4.0,12.0,7.0,12.0,5.0,1.0,1.0,0.0,0.0
4208,1,41,1,1.0,1.0,1,7.0,17.0,3.0,3.0,13.0,9.0,2.0,8.0,3.0,2.0,0.0,0.0
4209,18,40,2,0.0,1.0,2,26.0,13.0,9.0,6.0,11.0,7.0,11.0,2.0,1.0,0.0,1.0,0.0
4210,31,39,0,1.0,1.0,1,27.0,11.0,8.0,3.0,10.0,8.0,8.0,2.0,1.0,1.0,0.0,2.0
4211,32,19,2,1.0,1.0,1,12.0,15.0,3.0,7.0,14.0,10.0,5.0,4.0,3.0,0.0,0.0,0.0
4212,12,38,2,0.0,3.0,2,9.0,11.0,0.0,6.0,11.0,13.0,6.0,3.0,1.0,2.0,0.0,0.0
4213,1,16,2,0.0,0.0,1,10.0,12.0,4.0,7.0,11.0,8.0,7.0,5.0,2.0,2.0,0.0,0.0
4214,14,41,0,1.0,0.0,0,19.0,8.0,7.0,1.0,14.0,9.0,13.0,7.0,1.0,0.0,0.0,0.0
4215,45,0,2,0.0,0.0,1,12.0,29.0,5.0,8.0,11.0,6.0,0.0,10.0,1.0,1.0,0.0,0.0
4216,42,44,1,1.0,1.0,1,20.0,7.0,3.0,4.0,8.0,12.0,12.0,2.0,3.0,2.0,0.0,0.0
4217,28,26,0,2.0,1.0,0,20.0,12.0,6.0,5.0,10.0,9.0,7.0,6.0,1.0,3.0,0.0,0.0
4218,21,29,2,2.0,2.0,1,17.0,13.0,5.0,4.0,12.0,14.0,6.0,5.0,2.0,2.0,0.0,1.0
4219,0,14,1,0.0,0.0,1,7.0,13.0,2.0,4.0,7.0,11.0,8.0,6.0,2.0,1.0,0.0,0.0
4220,38,42,2,1.0,1.0,1,12.0,13.0,5.0,3.0,10.0,18.0,2.0,5.0,1.0,1.0,0.0,0.0
4221,41,18,2,0.0,0.0,1,13.0,14.0,3.0,6.0,11.0,10.0,4.0,8.0,1.0,0.0,0.0,0.0
4222,29,45,0,2.0,0.0,0,21.0,4.0,8.0,1.0,7.0,16.0,8.0,2.0,1.0,4.0,0.0,0.0
4223,39,1,0,0.0,0.0,1,12.0,14.0,2.0,4.0,13.0,17.0,6.0,7.0,1.0,5.0,0.0,0.0
4224,40,32,1,0.0,0.0,1,18.0,14.0,4.0,5.0,13.0,10.0,6.0,7.0,2.0,1.0,1.0,0.0
4225,16,31,2,0.0,2.0,2,9.0,13.0,4.0,6.0,11.0,14.0,3.0,7.0,1.0,2.0,0.0,0.0
4226,26,12,0,3.0,0.0,0,27.0,10.0,7.0,3.0,11.0,13.0,9.0,5.0,2.0,0.0,0.0,0.0
4227,19,28,2,0.0,2.0,2,12.0,17.0,5.0,10.0,7.0,15.0,4.0,4.0,1.0,1.0,0.0,0.0
4228,44,21,1,0.0,1.0,2,14.0,6.0,3.0,3.0,8.0,15.0,9.0,2.0,2.0,1.0,0.0,0.0
4229,32,41,1,1.0,1.0,1,16.0,10.0,3.0,2.0,12.0,11.0,8.0,5.0,0.0,3.0,0.0,0.0
4230,1,29,2,0.0,2.0,2,17.0,14.0,6.0,5.0,15.0,8.0,3.0,4.0,4.0,2.0,0.0,0.0
4231,42,26,2,0.0,2.0,2,9.0,21.0,0.0,10.0,17.0,15.0,2.0,9.0,3.0,0.0,1.0,0.0
4232,12,44,0,0.0,0.0,1,11.0,12.0,3.0,2.0,16.0,12.0,8.0,6.0,2.0,1.0,0.0,0.0
4233,28,0,0,2.0,1.0,0,22.0,12.0,7.0,6.0,12.0,6.0,8.0,8.0,2.0,1.0,0.0,0.0
4234,21,39,1,0.0,0.0,1,13.0,11.0,4.0,2.0,11.0,13.0,7.0,5.0,1.0,0.0,0.0,0.0
4235,31,38,1,1.0,0.0,0,16.0,8.0,5.0,3.0,10.0,16.0,11.0,3.0,1.0,2.0,0.0,0.0
4236,18,19,0,1.0,0.0,0,22.0,16.0,7.0,3.0,10.0,7.0,12.0,2.0,1.0,2.0,0.0,0.0
4237,45,40,1,0.0,0.0,1,11.0,19.0,2.0,6.0,11.0,5.0,2.0,9.0,1.0,0.0,0.0,0.0
4238,14,16,0,2.0,1.0,0,16.0,10.0,7.0,5.0,13.0,7.0,3.0,1.0,2.0,1.0,0.0,0.0
4239,41,21,1,0.0,1.0,2,11.0,9.0,2.0,2.0,8.0,7.0,12.0,1.0,3.0,3.0,0.0,0.0
4240,0,18,1,0.0,0.0,1,11.0,12.0,5.0,4.0,13.0,11.0,3.0,2.0,0.0,4.0,0.0,0.0
4241,19,1,0,2.0,0.0,0,22.0,10.0,10.0,2.0,12.0,13.0,4.0,7.0,0.0,2.0,0.0,0.0
4242,40,42,2,1.0,1.0,1,11.0,22.0,4.0,5.0,14.0,9.0,4.0,10.0,2.0,0.0,0.0,0.0
4243,44,32,2,0.0,1.0,2,26.0,8.0,12.0,3.0,10.0,6.0,10.0,3.0,1.0,3.0,0.0,0.0
4244,29,31,2,0.0,0.0,1,8.0,9.0,4.0,3.0,11.0,18.0,4.0,4.0,0.0,2.0,0.0,0.0
4245,26,45,0,1.0,0.0,0,32.0,8.0,9.0,1.0,9.0,12.0,8.0,4.0,0.0,3.0,0.0,1.0
4246,39,14,0,1.0,1.0,1,9.0,15.0,3.0,6.0,14.0,8.0,5.0,2.0,4.0,1.0,0.0,0.0
4247,38,28,1,1.0,1.0,1,15.0,13.0,4.0,3.0,6.0,9.0,5.0,4.0,0.0,2.0,0.0,0.0
4248,16,12,0,1.0,0.0,0,19.0,10.0,5.0,2.0,9.0,12.0,8.0,3.0,0.0,0.0,0.0,0.0
4249,26,32,0,3.0,0.0,0,28.0,14.0,12.0,5.0,10.0,6.0,4.0,0.0,3.0,1.0,0.0,0.0
4250,38,1,2,0.0,1.0,2,21.0,6.0,9.0,3.0,9.0,13.0,8.0,2.0,3.0,2.0,0.0,0.0
4251,40,14,2,1.0,2.0,2,12.0,19.0,3.0,5.0,15.0,14.0,6.0,5.0,4.0,3.0,0.0,0.0
4252,19,42,2,0.0,0.0,1,16.0,18.0,6.0,5.0,7.0,16.0,9.0,7.0,2.0,1.0,0.0,0.0
4253,29,18,2,0.0,0.0,1,18.0,15.0,6.0,4.0,12.0,12.0,7.0,4.0,2.0,0.0,0.0,0.0
4254,0,21,0,1.0,0.0,0,20.0,7.0,7.0,2.0,9.0,6.0,11.0,1.0,0.0,0.0,0.0,0.0
4255,44,28,2,0.0,2.0,2,12.0,15.0,1.0,5.0,8.0,10.0,3.0,3.0,1.0,1.0,0.0,0.0
4256,41,31,0,1.0,0.0,0,13.0,14.0,5.0,3.0,4.0,8.0,5.0,1.0,0.0,2.0,0.0,0.0
4257,39,12,1,0.0,0.0,1,17.0,14.0,2.0,3.0,11.0,12.0,2.0,5.0,2.0,2.0,0.0,0.0
4258,16,45,0,1.0,0.0,0,10.0,11.0,5.0,2.0,10.0,9.0,3.0,4.0,1.0,2.0,0.0,0.0
4259,42,29,1,1.0,1.0,1,10.0,8.0,4.0,3.0,9.0,15.0,7.0,7.0,1.0,3.0,0.0,0.0
4260,21,26,0,1.0,1.0,1,12.0,9.0,4.0,4.0,10.0,16.0,2.0,6.0,2.0,0.0,0.0,0.0
4261,14,38,0,0.0,1.0,2,16.0,9.0,7.0,1.0,15.0,14.0,8.0,4.0,1.0,4.0,0.0,0.0
4262,28,41,0,1.0,0.0,0,22.0,9.0,7.0,4.0,7.0,8.0,5.0,4.0,1.0,0.0,0.0,0.0
4263,45,19,0,0.0,0.0,1,23.0,10.0,12.0,0.0,11.0,8.0,6.0,3.0,3.0,2.0,0.0,0.0
4264,32,16,0,1.0,0.0,0,10.0,13.0,3.0,3.0,12.0,14.0,5.0,4.0,1.0,2.0,0.0,0.0
4265,1,40,1,0.0,0.0,1,13.0,7.0,4.0,1.0,14.0,12.0,7.0,6.0,2.0,1.0,0.0,0.0
4266,12,0,2,0.0,1.0,2,10.0,15.0,4.0,6.0,6.0,8.0,3.0,3.0,0.0,3.0,0.0,0.0
4267,31,44,0,1.0,0.0,0,14.0,14.0,6.0,1.0,15.0,15.0,3.0,3.0,1.0,2.0,0.0,0.0
4268,18,39,0,1.0,0.0,0,22.0,4.0,12.0,3.0,9.0,16.0,9.0,3.0,0.0,3.0,0.0,0.0
4269,44,1,1,2.0,0.0,0,11.0,15.0,4.0,7.0,9.0,14.0,4.0,2.0,1.0,2.0,0.0,0.0
4270,12,29,1,1.0,2.0,2,14.0,16.0,4.0,5.0,15.0,14.0,2.0,8.0,4.0,2.0,0.0,0.0
4271,28,42,0,3.0,0.0,0,15.0,13.0,10.0,5.0,7.0,11.0,4.0,7.0,1.0,3.0,0.0,0.0
4272,21,16,2,0.0,0.0,1,15.0,9.0,2.0,2.0,8.0,11.0,11.0,4.0,2.0,1.0,0.0,1.0
4273,0,38,0,1.0,0.0,0,9.0,10.0,4.0,4.0,10.0,14.0,5.0,6.0,0.0,3.0,0.0,0.0
4274,19,41,2,0.0,0.0,1,9.0,21.0,3.0,5.0,11.0,9.0,8.0,8.0,3.0,1.0,0.0,0.0
4275,18,26,1,1.0,2.0,2,18.0,11.0,12.0,5.0,16.0,15.0,6.0,7.0,4.0,3.0,0.0,0.0
4276,45,14,2,0.0,2.0,2,8.0,20.0,1.0,8.0,12.0,10.0,8.0,4.0,0.0,0.0,0.0,0.0
4277,39,40,0,1.0,0.0,0,17.0,11.0,5.0,3.0,11.0,5.0,3.0,7.0,2.0,1.0,0.0,1.0
4278,31,32,0,2.0,0.0,0,21.0,10.0,5.0,2.0,8.0,7.0,6.0,5.0,0.0,1.0,0.0,0.0
4279,29,0,0,1.0,0.0,0,5.0,10.0,2.0,2.0,12.0,11.0,5.0,6.0,2.0,3.0,0.0,0.0
4280,41,39,1,0.0,2.0,2,17.0,6.0,6.0,3.0,12.0,15.0,14.0,3.0,5.0,3.0,0.0,0.0
4281,42,31,2,0.0,1.0,2,31.0,8.0,14.0,4.0,5.0,15.0,11.0,4.0,1.0,2.0,0.0,0.0
4282,40,28,0,1.0,0.0,0,5.0,24.0,2.0,4.0,6.0,13.0,0.0,14.0,0.0,1.0,0.0,0.0
4283,26,19,0,3.0,0.0,0,32.0,4.0,10.0,1.0,13.0,9.0,9.0,3.0,0.0,1.0,0.0,0.0
4284,38,21,0,3.0,0.0,0,15.0,10.0,7.0,2.0,10.0,15.0,6.0,5.0,1.0,2.0,0.0,0.0
4285,32,45,0,0.0,1.0,2,15.0,12.0,6.0,4.0,12.0,11.0,4.0,2.0,1.0,1.0,0.0,0.0
4286,1,12,0,0.0,0.0,1,17.0,8.0,6.0,2.0,10.0,3.0,5.0,3.0,1.0,1.0,0.0,0.0
4287,14,44,1,1.0,0.0,0,17.0,11.0,7.0,3.0,11.0,15.0,9.0,4.0,3.0,7.0,0.0,0.0
4288,16,18,1,0.0,0.0,1,9.0,15.0,2.0,2.0,16.0,8.0,4.0,7.0,1.0,0.0,0.0,0.0
4289,12,41,0,0.0,0.0,1,9.0,10.0,3.0,3.0,11.0,7.0,6.0,3.0,1.0,1.0,0.0,1.0
4290,18,42,1,0.0,0.0,1,8.0,16.0,1.0,6.0,11.0,9.0,7.0,4.0,4.0,1.0,0.0,0.0
4291,44,16,0,1.0,0.0,0,9.0,12.0,4.0,4.0,11.0,9.0,10.0,3.0,0.0,1.0,0.0,0.0
4292,19,29,2,0.0,3.0,2,15.0,10.0,6.0,4.0,6.0,12.0,4.0,4.0,2.0,1.0,0.0,0.0
4293,28,32,0,4.0,0.0,0,27.0,7.0,9.0,1.0,6.0,9.0,10.0,3.0,1.0,1.0,0.0,0.0
4294,31,14,0,0.0,0.0,1,15.0,13.0,8.0,2.0,13.0,11.0,3.0,8.0,2.0,2.0,0.0,0.0
4295,45,1,1,0.0,0.0,1,17.0,8.0,4.0,2.0,8.0,15.0,5.0,1.0,0.0,2.0,0.0,0.0
4296,21,40,0,1.0,0.0,0,25.0,9.0,2.0,1.0,17.0,11.0,4.0,2.0,2.0,0.0,0.0,2.0
4297,0,26,0,1.0,0.0,0,12.0,12.0,7.0,4.0,11.0,7.0,3.0,5.0,2.0,1.0,0.0,0.0
4298,39,38,1,1.0,1.0,1,9.0,10.0,3.0,2.0,13.0,13.0,5.0,5.0,3.0,1.0,0.0,0.0
4299,40,31,0,1.0,0.0,0,8.0,16.0,4.0,4.0,13.0,14.0,5.0,3.0,1.0,1.0,0.0,0.0
4300,41,45,1,0.0,0.0,1,10.0,15.0,5.0,4.0,12.0,14.0,9.0,6.0,1.0,3.0,0.0,0.0
4301,42,21,0,0.0,0.0,1,15.0,10.0,6.0,4.0,13.0,10.0,6.0,4.0,3.0,3.0,0.0,0.0
4302,14,28,0,1.0,0.0,0,12.0,15.0,4.0,6.0,11.0,15.0,3.0,6.0,2.0,3.0,0.0,0.0
4303,32,12,1,0.0,0.0,1,31.0,6.0,10.0,4.0,8.0,10.0,13.0,2.0,1.0,1.0,0.0,0.0
4304,16,0,2,0.0,0.0,1,13.0,10.0,4.0,4.0,12.0,8.0,4.0,3.0,0.0,0.0,0.0,1.0
4305,29,39,0,1.0,2.0,2,19.0,10.0,5.0,5.0,8.0,18.0,12.0,2.0,2.0,6.0,0.0,0.0
4306,38,19,0,2.0,0.0,0,20.0,1.0,6.0,0.0,12.0,8.0,10.0,3.0,0.0,2.0,0.0,0.0
4307,26,44,0,2.0,0.0,0,18.0,15.0,7.0,3.0,14.0,11.0,3.0,9.0,0.0,2.0,0.0,0.0
4308,1,18,2,0.0,0.0,1,14.0,15.0,3.0,4.0,14.0,8.0,8.0,6.0,0.0,2.0,0.0,0.0
4309,16,19,2,1.0,2.0,2,14.0,9.0,4.0,6.0,10.0,13.0,5.0,7.0,0.0,1.0,0.0,0.0
4310,1,42,2,0.0,1.0,2,15.0,13.0,2.0,6.0,13.0,12.0,4.0,7.0,3.0,4.0,0.0,0.0
4311,29,38,1,1.0,0.0,0,12.0,18.0,5.0,7.0,10.0,19.0,4.0,4.0,2.0,3.0,0.0,0.0
4312,0,32,0,1.0,0.0,0,20.0,12.0,11.0,6.0,8.0,7.0,10.0,1.0,0.0,0.0,0.0,0.0
4313,14,12,0,1.0,1.0,1,20.0,13.0,7.0,3.0,12.0,5.0,6.0,9.0,1.0,2.0,0.0,0.0
4314,41,40,0,0.0,0.0,1,14.0,6.0,6.0,1.0,12.0,13.0,7.0,2.0,1.0,2.0,0.0,0.0
4315,45,28,2,0.0,1.0,2,11.0,16.0,2.0,9.0,7.0,12.0,5.0,5.0,1.0,2.0,0.0,0.0
4316,39,44,1,0.0,0.0,1,9.0,12.0,3.0,5.0,12.0,10.0,6.0,6.0,1.0,0.0,0.0,0.0
4317,31,26,1,1.0,1.0,1,14.0,23.0,4.0,7.0,8.0,10.0,3.0,13.0,2.0,3.0,1.0,0.0
4318,18,21,0,1.0,1.0,1,14.0,9.0,6.0,1.0,7.0,17.0,5.0,7.0,3.0,1.0,0.0,0.0
4319,42,45,2,0.0,0.0,1,14.0,16.0,4.0,5.0,5.0,9.0,6.0,7.0,0.0,0.0,0.0,0.0
4320,38,41,0,1.0,0.0,0,12.0,17.0,4.0,7.0,13.0,8.0,7.0,4.0,3.0,1.0,0.0,0.0
4321,44,0,1,1.0,0.0,0,12.0,14.0,4.0,5.0,6.0,11.0,6.0,2.0,1.0,2.0,0.0,0.0
4322,32,14,2,0.0,1.0,2,14.0,22.0,3.0,8.0,12.0,9.0,4.0,6.0,1.0,1.0,0.0,0.0
4323,28,18,0,2.0,1.0,0,12.0,6.0,6.0,4.0,15.0,10.0,8.0,1.0,5.0,4.0,0.0,0.0
4324,21,1,1,0.0,0.0,1,6.0,18.0,1.0,4.0,7.0,11.0,7.0,7.0,2.0,1.0,0.0,0.0
4325,19,39,0,0.0,0.0,1,9.0,16.0,2.0,3.0,11.0,13.0,7.0,5.0,3.0,2.0,0.0,0.0
4326,40,29,2,1.0,0.0,0,6.0,13.0,2.0,6.0,15.0,13.0,4.0,4.0,2.0,4.0,0.0,0.0
4327,26,16,0,3.0,0.0,0,13.0,11.0,7.0,2.0,11.0,6.0,11.0,3.0,2.0,1.0,0.0,0.0
4328,12,31,2,0.0,2.0,2,8.0,20.0,2.0,10.0,11.0,8.0,3.0,3.0,1.0,0.0,0.0,0.0
4329,18,31,0,3.0,0.0,0,18.0,15.0,7.0,6.0,5.0,15.0,1.0,1.0,3.0,1.0,0.0,0.0
4330,40,26,2,0.0,2.0,2,23.0,15.0,5.0,6.0,8.0,10.0,10.0,8.0,2.0,1.0,0.0,0.0
4331,39,32,2,0.0,1.0,2,8.0,8.0,1.0,3.0,14.0,12.0,7.0,3.0,2.0,1.0,0.0,0.0
4332,21,45,0,1.0,0.0,0,9.0,18.0,2.0,5.0,11.0,12.0,6.0,6.0,1.0,2.0,0.0,0.0
4333,41,0,2,0.0,0.0,1,10.0,10.0,3.0,4.0,5.0,11.0,4.0,3.0,3.0,2.0,0.0,0.0
4334,38,16,0,0.0,0.0,1,12.0,8.0,3.0,0.0,11.0,12.0,8.0,2.0,1.0,2.0,0.0,0.0
4335,1,28,0,0.0,1.0,2,8.0,20.0,4.0,7.0,13.0,9.0,2.0,13.0,1.0,1.0,0.0,0.0
4336,19,12,2,1.0,1.0,1,9.0,22.0,5.0,4.0,14.0,13.0,11.0,10.0,1.0,1.0,0.0,0.0
4337,29,44,2,0.0,0.0,1,14.0,12.0,6.0,4.0,10.0,14.0,5.0,8.0,3.0,2.0,0.0,0.0
4338,42,14,1,1.0,0.0,0,12.0,11.0,4.0,5.0,14.0,14.0,4.0,5.0,5.0,1.0,0.0,1.0
4339,12,42,2,0.0,0.0,1,6.0,29.0,0.0,12.0,5.0,7.0,2.0,12.0,1.0,4.0,0.0,0.0
4340,0,39,0,2.0,1.0,0,16.0,9.0,8.0,3.0,8.0,15.0,6.0,7.0,0.0,2.0,0.0,0.0
4341,28,29,0,2.0,0.0,0,18.0,14.0,5.0,3.0,8.0,12.0,8.0,4.0,1.0,2.0,0.0,0.0
4342,16,41,2,0.0,1.0,2,9.0,15.0,1.0,7.0,13.0,9.0,6.0,7.0,2.0,2.0,0.0,0.0
4343,45,18,2,1.0,0.0,0,9.0,10.0,1.0,4.0,16.0,12.0,5.0,5.0,2.0,1.0,1.0,0.0
4344,32,1,2,0.0,1.0,2,12.0,16.0,1.0,4.0,15.0,10.0,7.0,4.0,1.0,0.0,0.0,0.0
4345,44,40,0,1.0,0.0,0,13.0,7.0,4.0,0.0,9.0,10.0,5.0,6.0,0.0,2.0,0.0,0.0
4346,31,21,2,2.0,1.0,0,15.0,12.0,2.0,5.0,11.0,8.0,3.0,3.0,1.0,1.0,0.0,0.0
4347,26,38,2,0.0,0.0,1,10.0,12.0,5.0,7.0,6.0,9.0,6.0,6.0,0.0,1.0,0.0,0.0
4348,14,19,0,0.0,0.0,1,26.0,4.0,10.0,1.0,11.0,9.0,13.0,3.0,0.0,0.0,0.0,0.0
4349,41,26,1,1.0,2.0,2,17.0,12.0,8.0,5.0,7.0,10.0,3.0,7.0,2.0,3.0,0.0,0.0
4350,38,45,1,0.0,0.0,1,15.0,6.0,5.0,1.0,12.0,10.0,10.0,4.0,1.0,3.0,0.0,0.0
4351,29,16,0,1.0,0.0,0,19.0,4.0,7.0,0.0,8.0,11.0,10.0,1.0,1.0,2.0,0.0,1.0
4352,39,28,1,0.0,0.0,1,11.0,10.0,3.0,3.0,13.0,11.0,2.0,4.0,1.0,1.0,0.0,0.0
4353,1,31,2,0.0,1.0,2,10.0,17.0,1.0,8.0,9.0,11.0,4.0,2.0,1.0,4.0,0.0,0.0
4354,19,44,1,1.0,0.0,0,12.0,12.0,2.0,4.0,9.0,12.0,4.0,5.0,0.0,1.0,0.0,0.0
4355,42,32,0,1.0,0.0,0,23.0,4.0,7.0,1.0,2.0,12.0,8.0,1.0,1.0,3.0,0.0,0.0
4356,18,14,0,1.0,0.0,0,11.0,22.0,5.0,5.0,10.0,12.0,5.0,7.0,0.0,4.0,0.0,0.0
4357,21,12,1,1.0,0.0,0,18.0,10.0,5.0,2.0,8.0,8.0,6.0,2.0,1.0,2.0,0.0,0.0
4358,40,0,2,0.0,1.0,2,17.0,14.0,2.0,6.0,12.0,10.0,6.0,7.0,1.0,2.0,0.0,0.0
4359,26,29,0,1.0,0.0,0,10.0,10.0,5.0,4.0,15.0,15.0,2.0,7.0,2.0,4.0,0.0,0.0
4360,0,42,0,1.0,0.0,0,12.0,14.0,5.0,4.0,15.0,14.0,3.0,6.0,2.0,2.0,0.0,0.0
4361,44,41,2,0.0,1.0,2,10.0,12.0,1.0,4.0,10.0,14.0,2.0,3.0,4.0,3.0,0.0,0.0
4362,28,21,0,0.0,0.0,1,12.0,7.0,6.0,2.0,15.0,14.0,7.0,4.0,2.0,3.0,0.0,0.0
4363,16,40,0,1.0,0.0,0,17.0,10.0,6.0,2.0,6.0,6.0,6.0,6.0,1.0,0.0,0.0,1.0
4364,32,38,0,0.0,0.0,1,15.0,11.0,4.0,2.0,11.0,15.0,5.0,5.0,0.0,0.0,0.0,0.0
4365,12,18,1,0.0,0.0,1,4.0,13.0,1.0,3.0,11.0,9.0,4.0,5.0,1.0,1.0,0.0,0.0
4366,45,39,2,0.0,0.0,1,9.0,15.0,0.0,5.0,10.0,12.0,3.0,4.0,2.0,1.0,0.0,0.0
4367,31,19,0,0.0,0.0,1,24.0,3.0,9.0,2.0,13.0,9.0,13.0,2.0,2.0,2.0,0.0,0.0
4368,29,14,1,0.0,0.0,1,13.0,8.0,3.0,4.0,9.0,9.0,4.0,1.0,0.0,2.0,0.0,0.0
4369,12,28,0,0.0,0.0,1,9.0,16.0,6.0,5.0,2.0,9.0,3.0,8.0,0.0,0.0,0.0,0.0
4370,42,41,0,0.0,0.0,1,19.0,7.0,5.0,5.0,10.0,15.0,8.0,3.0,1.0,4.0,0.0,0.0
4371,18,44,1,0.0,0.0,1,22.0,7.0,8.0,2.0,14.0,15.0,11.0,1.0,1.0,1.0,0.0,0.0
4372,38,40,1,0.0,1.0,2,17.0,8.0,6.0,3.0,12.0,13.0,5.0,2.0,2.0,2.0,0.0,0.0
4373,39,16,0,0.0,1.0,2,14.0,14.0,5.0,5.0,13.0,6.0,7.0,0.0,3.0,0.0,0.0,0.0
4374,21,32,0,1.0,0.0,0,6.0,13.0,1.0,4.0,14.0,19.0,1.0,5.0,1.0,1.0,1.0,0.0
4375,1,26,2,0.0,1.0,2,17.0,5.0,3.0,1.0,9.0,8.0,8.0,2.0,3.0,3.0,0.0,0.0
4376,31,45,1,0.0,0.0,1,16.0,6.0,0.0,1.0,12.0,14.0,5.0,4.0,0.0,1.0,0.0,0.0
4377,19,0,2,0.0,2.0,2,16.0,18.0,7.0,7.0,10.0,8.0,1.0,8.0,2.0,2.0,0.0,0.0
4378,14,1,0,1.0,1.0,1,15.0,7.0,3.0,3.0,12.0,13.0,1.0,2.0,1.0,4.0,0.0,0.0
4379,28,31,0,2.0,0.0,0,20.0,5.0,11.0,1.0,9.0,7.0,8.0,1.0,2.0,3.0,0.0,1.0
4380,14,21,0,2.0,0.0,0,22.0,7.0,5.0,2.0,7.0,16.0,5.0,1.0,0.0,1.0,0.0,0.0
4381,16,42,2,0.0,0.0,1,5.0,17.0,3.0,2.0,6.0,9.0,3.0,7.0,1.0,0.0,0.0,0.0
4382,26,39,0,1.0,0.0,0,26.0,10.0,11.0,4.0,11.0,11.0,12.0,6.0,1.0,1.0,0.0,0.0
4383,0,1,2,1.0,1.0,1,16.0,9.0,4.0,4.0,15.0,18.0,4.0,3.0,4.0,5.0,1.0,0.0
4384,41,29,2,0.0,2.0,2,17.0,15.0,6.0,7.0,13.0,10.0,7.0,4.0,1.0,3.0,0.0,0.0
4385,44,38,2,0.0,0.0,1,11.0,7.0,1.0,2.0,14.0,24.0,4.0,8.0,4.0,0.0,0.0,0.0
4386,32,18,1,0.0,0.0,1,8.0,19.0,2.0,6.0,13.0,10.0,6.0,8.0,2.0,0.0,0.0,0.0
4387,40,19,2,0.0,0.0,1,20.0,5.0,3.0,1.0,14.0,14.0,6.0,1.0,0.0,3.0,0.0,0.0
4388,45,12,0,1.0,0.0,0,18.0,12.0,4.0,1.0,10.0,7.0,4.0,3.0,0.0,1.0,0.0,0.0
4389,26,35,0,1.0,0.0,0,27.0,10.0,20.0,3.0,7.0,3.0,14.0,0.0,1.0,3.0,0.0,0.0
4390,42,40,0,0.0,0.0,1,23.0,6.0,19.0,4.0,6.0,12.0,14.0,1.0,1.0,3.0,0.0,1.0
4391,46,1,1,2.0,1.0,0,12.0,5.0,6.0,2.0,8.0,12.0,4.0,2.0,2.0,1.0,0.0,0.0
4392,38,39,1,0.0,0.0,1,11.0,7.0,7.0,3.0,9.0,7.0,3.0,4.0,0.0,2.0,0.0,0.0
4393,31,0,2,0.0,0.0,1,7.0,9.0,2.0,3.0,17.0,10.0,4.0,4.0,1.0,2.0,0.0,0.0
4394,41,19,2,0.0,1.0,2,19.0,8.0,11.0,6.0,12.0,9.0,8.0,0.0,2.0,1.0,0.0,0.0
4395,44,29,1,1.0,3.0,2,15.0,12.0,8.0,8.0,10.0,6.0,3.0,5.0,0.0,1.0,0.0,0.0
4396,28,32,2,1.0,1.0,1,12.0,12.0,5.0,7.0,10.0,8.0,7.0,7.0,1.0,0.0,0.0,0.0
4397,14,18,0,1.0,1.0,1,20.0,16.0,10.0,9.0,7.0,8.0,7.0,4.0,2.0,2.0,0.0,0.0
4398,45,36,0,2.0,0.0,0,21.0,17.0,12.0,7.0,14.0,8.0,6.0,4.0,2.0,1.0,0.0,0.0
4399,0,46,0,1.0,1.0,1,19.0,10.0,12.0,5.0,11.0,11.0,7.0,4.0,0.0,2.0,0.0,0.0
4400,36,28,2,0.0,1.0,2,11.0,27.0,7.0,20.0,6.0,7.0,4.0,10.0,0.0,1.0,0.0,0.0
4401,29,41,0,1.0,0.0,0,16.0,5.0,9.0,2.0,5.0,6.0,7.0,5.0,0.0,0.0,0.0,0.0
4402,39,42,2,1.0,1.0,1,6.0,23.0,3.0,15.0,11.0,5.0,2.0,11.0,4.0,1.0,1.0,0.0
4403,35,31,2,1.0,2.0,2,8.0,10.0,3.0,7.0,8.0,8.0,2.0,2.0,1.0,3.0,0.0,1.0
4404,18,45,0,1.0,0.0,0,23.0,7.0,13.0,2.0,8.0,11.0,7.0,1.0,1.0,2.0,0.0,0.0
4405,19,26,2,1.0,1.0,1,10.0,20.0,8.0,14.0,2.0,10.0,7.0,8.0,0.0,1.0,0.0,0.0
4406,32,44,0,1.0,0.0,0,11.0,8.0,8.0,5.0,10.0,7.0,8.0,2.0,2.0,1.0,0.0,0.0
4407,40,38,1,0.0,0.0,1,5.0,15.0,5.0,10.0,9.0,10.0,3.0,10.0,0.0,2.0,0.0,0.0
4408,1,14,2,1.0,0.0,0,12.0,11.0,7.0,8.0,13.0,8.0,6.0,7.0,2.0,3.0,1.0,1.0
4409,14,42,1,2.0,1.0,0,15.0,13.0,8.0,6.0,6.0,16.0,6.0,5.0,1.0,2.0,0.0,0.0
4410,28,44,0,1.0,0.0,0,21.0,20.0,9.0,11.0,10.0,9.0,6.0,8.0,2.0,1.0,0.0,0.0
4411,46,41,2,1.0,0.0,0,14.0,10.0,11.0,6.0,14.0,13.0,4.0,4.0,2.0,2.0,0.0,0.0
4412,40,39,1,0.0,1.0,2,14.0,11.0,7.0,7.0,6.0,12.0,5.0,6.0,2.0,2.0,1.0,0.0
4413,26,18,1,0.0,0.0,1,16.0,11.0,8.0,4.0,10.0,10.0,3.0,5.0,1.0,2.0,0.0,0.0
4414,29,14,2,0.0,0.0,1,10.0,15.0,4.0,6.0,14.0,9.0,2.0,7.0,2.0,1.0,1.0,0.0
4415,44,46,2,1.0,1.0,1,17.0,13.0,11.0,8.0,9.0,7.0,7.0,5.0,4.0,3.0,0.0,0.0
4416,19,36,2,0.0,1.0,2,18.0,20.0,13.0,13.0,14.0,7.0,3.0,3.0,2.0,1.0,0.0,0.0
4417,45,31,1,0.0,0.0,1,9.0,11.0,3.0,6.0,12.0,12.0,7.0,3.0,1.0,1.0,0.0,0.0
4418,41,28,1,0.0,0.0,1,7.0,12.0,1.0,8.0,9.0,10.0,4.0,4.0,0.0,0.0,0.0,0.0
4419,35,0,2,0.0,1.0,2,14.0,13.0,6.0,11.0,8.0,6.0,3.0,7.0,2.0,1.0,0.0,0.0
4420,32,1,2,0.0,0.0,1,9.0,12.0,4.0,6.0,15.0,13.0,6.0,5.0,2.0,3.0,0.0,0.0
4421,42,38,0,0.0,0.0,1,7.0,10.0,4.0,6.0,8.0,9.0,5.0,5.0,1.0,1.0,0.0,0.0
4422,1,40,0,2.0,1.0,0,18.0,7.0,15.0,4.0,10.0,15.0,4.0,4.0,0.0,3.0,0.0,1.0
4423,0,29,1,1.0,1.0,1,19.0,10.0,13.0,5.0,12.0,10.0,7.0,2.0,3.0,5.0,0.0,0.0
4424,36,35,1,0.0,0.0,1,13.0,15.0,7.0,5.0,12.0,14.0,9.0,7.0,0.0,2.0,0.0,0.0
4425,14,41,0,2.0,0.0,0,21.0,11.0,14.0,8.0,9.0,10.0,6.0,3.0,1.0,3.0,0.0,0.0
4426,18,19,0,1.0,0.0,0,17.0,6.0,10.0,2.0,12.0,16.0,7.0,2.0,1.0,3.0,0.0,0.0
4427,38,44,2,0.0,1.0,2,16.0,11.0,4.0,9.0,9.0,11.0,7.0,6.0,2.0,2.0,2.0,1.0
4428,39,32,0,0.0,0.0,1,12.0,5.0,4.0,0.0,10.0,8.0,5.0,3.0,4.0,2.0,0.0,0.0
4429,46,42,1,1.0,1.0,1,6.0,14.0,4.0,7.0,12.0,10.0,3.0,3.0,3.0,1.0,0.0,0.0
4430,31,26,2,0.0,2.0,2,5.0,11.0,1.0,10.0,14.0,7.0,5.0,7.0,3.0,2.0,1.0,0.0
4431,28,45,0,1.0,0.0,0,16.0,9.0,10.0,6.0,9.0,7.0,9.0,4.0,1.0,3.0,0.0,0.0
4432,29,1,0,3.0,0.0,0,10.0,8.0,5.0,5.0,10.0,6.0,5.0,3.0,1.0,0.0,0.0,0.0
4433,42,28,0,0.0,1.0,2,11.0,11.0,8.0,7.0,11.0,10.0,4.0,5.0,3.0,3.0,0.0,0.0
4434,26,14,1,0.0,1.0,2,23.0,9.0,12.0,6.0,8.0,11.0,8.0,5.0,5.0,2.0,0.0,0.0
4435,41,38,1,0.0,0.0,1,14.0,9.0,7.0,5.0,11.0,13.0,7.0,2.0,0.0,0.0,0.0,0.0
4436,45,46,0,1.0,0.0,0,17.0,18.0,11.0,10.0,12.0,11.0,3.0,6.0,3.0,1.0,0.0,0.0
4437,35,39,2,0.0,1.0,2,25.0,11.0,11.0,4.0,8.0,14.0,5.0,5.0,1.0,2.0,0.0,0.0
4438,19,0,2,0.0,1.0,2,7.0,10.0,5.0,7.0,13.0,8.0,7.0,3.0,0.0,2.0,1.0,1.0
4439,40,18,0,1.0,0.0,0,8.0,8.0,4.0,5.0,6.0,15.0,3.0,10.0,1.0,2.0,0.0,0.0
4440,44,31,1,0.0,1.0,2,8.0,10.0,4.0,6.0,9.0,10.0,15.0,2.0,0.0,2.0,0.0,0.0
4441,32,36,0,0.0,0.0,1,19.0,14.0,9.0,6.0,8.0,12.0,8.0,8.0,2.0,3.0,0.0,0.0
4442,28,46,0,0.0,0.0,1,10.0,8.0,4.0,6.0,12.0,5.0,5.0,4.0,2.0,1.0,0.0,0.0
4443,45,29,1,1.0,1.0,1,10.0,15.0,4.0,9.0,9.0,7.0,2.0,5.0,1.0,0.0,0.0,0.0
4444,19,14,2,0.0,2.0,2,11.0,13.0,7.0,10.0,11.0,11.0,6.0,5.0,2.0,1.0,0.0,0.0
4445,0,18,1,0.0,0.0,1,10.0,10.0,6.0,5.0,11.0,12.0,8.0,1.0,2.0,3.0,0.0,0.0
4446,39,29,2,0.0,1.0,2,13.0,9.0,4.0,3.0,9.0,9.0,3.0,7.0,1.0,1.0,0.0,0.0
4447,31,40,2,0.0,1.0,2,15.0,8.0,9.0,7.0,14.0,7.0,10.0,9.0,3.0,2.0,0.0,0.0
4448,36,26,1,0.0,0.0,1,7.0,26.0,5.0,15.0,9.0,8.0,4.0,9.0,2.0,1.0,0.0,0.0
4449,18,35,0,1.0,0.0,0,14.0,8.0,10.0,5.0,6.0,12.0,13.0,5.0,3.0,3.0,0.0,0.0
4450,0,32,0,0.0,0.0,1,10.0,5.0,7.0,5.0,8.0,10.0,9.0,3.0,1.0,2.0,0.0,0.0
4451,1,19,1,0.0,0.0,1,15.0,8.0,7.0,3.0,5.0,15.0,8.0,5.0,1.0,2.0,0.0,0.0
4452,38,45,1,0.0,0.0,1,15.0,6.0,11.0,4.0,9.0,18.0,7.0,4.0,2.0,3.0,0.0,0.0
4453,29,28,2,0.0,0.0,1,16.0,9.0,7.0,5.0,13.0,18.0,9.0,4.0,3.0,5.0,0.0,0.0
4454,26,45,1,0.0,0.0,1,19.0,10.0,12.0,4.0,8.0,4.0,12.0,2.0,0.0,1.0,0.0,0.0
4455,31,19,0,0.0,0.0,1,20.0,5.0,10.0,3.0,13.0,11.0,10.0,3.0,2.0,2.0,0.0,0.0
4456,35,46,1,0.0,0.0,1,6.0,16.0,2.0,10.0,9.0,12.0,2.0,10.0,2.0,3.0,1.0,0.0
4457,14,40,0,0.0,1.0,2,14.0,7.0,7.0,3.0,9.0,15.0,8.0,5.0,0.0,2.0,0.0,0.0
4458,42,18,1,1.0,1.0,1,19.0,9.0,10.0,5.0,14.0,8.0,7.0,6.0,1.0,1.0,0.0,0.0
4459,36,38,2,0.0,1.0,2,8.0,12.0,3.0,4.0,5.0,11.0,8.0,4.0,0.0,0.0,0.0,0.0
4460,32,41,1,1.0,1.0,1,12.0,16.0,9.0,9.0,8.0,16.0,2.0,5.0,5.0,3.0,0.0,0.0
4461,44,0,2,0.0,1.0,2,16.0,11.0,5.0,6.0,7.0,15.0,6.0,4.0,2.0,4.0,0.0,1.0
4462,39,1,2,0.0,1.0,2,6.0,11.0,2.0,8.0,16.0,11.0,4.0,2.0,3.0,1.0,0.0,0.0
4463,19,35,0,3.0,1.0,0,9.0,19.0,5.0,11.0,11.0,7.0,3.0,6.0,2.0,1.0,1.0,0.0
4464,1,26,2,1.0,0.0,0,10.0,16.0,7.0,12.0,9.0,8.0,7.0,8.0,1.0,1.0,0.0,0.0
4465,38,14,0,2.0,1.0,0,13.0,7.0,8.0,4.0,12.0,6.0,7.0,7.0,2.0,1.0,0.0,0.0
4466,0,36,0,1.0,0.0,0,23.0,4.0,14.0,2.0,9.0,14.0,11.0,3.0,0.0,1.0,0.0,0.0
4467,18,39,0,1.0,0.0,0,15.0,10.0,9.0,5.0,13.0,18.0,4.0,3.0,1.0,3.0,0.0,0.0
4468,40,29,2,0.0,1.0,2,9.0,10.0,4.0,6.0,11.0,9.0,3.0,6.0,3.0,1.0,0.0,0.0
4469,28,31,0,2.0,0.0,0,19.0,5.0,11.0,1.0,6.0,8.0,9.0,2.0,0.0,2.0,0.0,0.0
4470,45,44,0,2.0,0.0,0,14.0,17.0,8.0,11.0,10.0,13.0,5.0,3.0,1.0,1.0,0.0,1.0
4471,46,32,0,0.0,0.0,1,13.0,9.0,6.0,5.0,13.0,9.0,10.0,3.0,1.0,2.0,0.0,0.0
4472,41,42,2,0.0,2.0,2,11.0,9.0,3.0,7.0,5.0,10.0,5.0,2.0,2.0,4.0,0.0,0.0
4473,14,45,0,1.0,0.0,0,24.0,15.0,14.0,9.0,5.0,14.0,5.0,5.0,0.0,2.0,0.0,0.0
4474,40,32,1,1.0,1.0,1,16.0,7.0,8.0,3.0,11.0,11.0,5.0,9.0,1.0,3.0,0.0,1.0
4475,46,31,0,1.0,0.0,0,13.0,9.0,10.0,4.0,7.0,12.0,7.0,3.0,1.0,1.0,0.0,0.0
4476,42,19,2,0.0,0.0,1,12.0,6.0,6.0,2.0,10.0,5.0,5.0,5.0,1.0,1.0,0.0,0.0
4477,38,26,0,2.0,1.0,0,17.0,8.0,12.0,6.0,10.0,10.0,7.0,5.0,0.0,1.0,0.0,0.0
4478,29,36,0,1.0,0.0,0,17.0,5.0,8.0,1.0,5.0,16.0,5.0,4.0,0.0,2.0,0.0,0.0
4479,41,0,2,0.0,0.0,1,9.0,15.0,2.0,11.0,2.0,7.0,3.0,7.0,1.0,1.0,0.0,0.0
4480,39,44,1,0.0,0.0,1,13.0,9.0,5.0,5.0,15.0,11.0,7.0,1.0,2.0,2.0,0.0,0.0
4481,1,35,0,1.0,1.0,1,10.0,18.0,6.0,11.0,16.0,10.0,9.0,6.0,3.0,2.0,0.0,0.0
4482,18,28,0,1.0,0.0,0,11.0,17.0,5.0,11.0,15.0,10.0,13.0,6.0,4.0,3.0,1.0,0.0
4483,31,39,0,0.0,0.0,1,14.0,7.0,6.0,4.0,10.0,12.0,14.0,4.0,1.0,1.0,0.0,0.0
4484,26,42,0,1.0,1.0,1,10.0,15.0,4.0,9.0,9.0,8.0,1.0,4.0,1.0,1.0,0.0,0.0
4485,44,41,0,1.0,1.0,1,12.0,9.0,6.0,4.0,9.0,10.0,3.0,3.0,1.0,1.0,0.0,0.0
4486,35,40,0,1.0,1.0,1,15.0,7.0,8.0,3.0,4.0,19.0,4.0,5.0,0.0,2.0,0.0,0.0
4487,36,1,2,1.0,2.0,2,10.0,18.0,4.0,7.0,8.0,7.0,6.0,1.0,2.0,3.0,0.0,0.0
4488,32,38,1,0.0,0.0,1,3.0,15.0,2.0,7.0,9.0,10.0,1.0,7.0,2.0,3.0,0.0,0.0
4489,1,28,2,0.0,1.0,2,10.0,20.0,5.0,12.0,10.0,14.0,6.0,5.0,2.0,0.0,0.0,0.0
4490,42,0,0,2.0,0.0,0,11.0,10.0,5.0,6.0,17.0,13.0,4.0,6.0,3.0,1.0,0.0,0.0
4491,41,31,0,0.0,0.0,1,10.0,14.0,7.0,7.0,9.0,17.0,7.0,7.0,0.0,2.0,0.0,0.0
4492,39,45,2,0.0,1.0,2,10.0,10.0,2.0,7.0,12.0,12.0,4.0,2.0,1.0,2.0,0.0,0.0
4493,38,35,2,1.0,1.0,1,17.0,5.0,9.0,3.0,7.0,15.0,6.0,3.0,1.0,3.0,0.0,0.0
4494,29,32,0,1.0,0.0,0,13.0,1.0,10.0,1.0,5.0,15.0,7.0,3.0,0.0,4.0,0.0,0.0
4495,14,44,0,1.0,0.0,0,25.0,8.0,19.0,4.0,12.0,16.0,9.0,7.0,1.0,2.0,0.0,0.0
4496,46,26,2,0.0,3.0,2,15.0,8.0,11.0,7.0,11.0,15.0,4.0,3.0,2.0,2.0,0.0,0.0
4497,40,19,1,1.0,2.0,2,12.0,7.0,6.0,4.0,9.0,14.0,7.0,3.0,1.0,3.0,0.0,0.0
4498,18,36,0,1.0,0.0,0,18.0,12.0,12.0,6.0,8.0,8.0,9.0,10.0,1.0,1.0,0.0,0.0
4499,45,42,2,1.0,1.0,1,8.0,25.0,6.0,16.0,12.0,7.0,6.0,12.0,4.0,1.0,0.0,0.0
4500,28,14,0,0.0,0.0,1,15.0,4.0,11.0,1.0,19.0,5.0,6.0,6.0,3.0,1.0,0.0,0.0
4501,31,38,0,2.0,1.0,0,11.0,11.0,5.0,7.0,12.0,12.0,7.0,3.0,0.0,4.0,0.0,0.0
4502,19,39,0,1.0,0.0,0,20.0,7.0,9.0,2.0,4.0,9.0,9.0,4.0,1.0,3.0,0.0,0.0
4503,0,1,0,1.0,0.0,0,24.0,5.0,14.0,3.0,7.0,12.0,12.0,3.0,1.0,2.0,0.0,0.0
4504,32,18,0,0.0,1.0,2,10.0,11.0,9.0,5.0,15.0,10.0,7.0,5.0,1.0,1.0,0.0,0.0
4505,44,40,0,1.0,0.0,0,17.0,10.0,7.0,6.0,13.0,9.0,5.0,5.0,2.0,1.0,0.0,0.0
4506,35,29,2,0.0,1.0,2,12.0,13.0,5.0,8.0,10.0,6.0,2.0,4.0,0.0,0.0,0.0,0.0
4507,36,46,2,0.0,2.0,2,7.0,14.0,1.0,8.0,9.0,11.0,2.0,9.0,1.0,1.0,1.0,0.0
4508,26,41,0,1.0,0.0,0,33.0,4.0,18.0,3.0,6.0,9.0,10.0,1.0,0.0,1.0,0.0,0.0
4509,26,44,2,0.0,0.0,1,23.0,4.0,14.0,3.0,9.0,9.0,13.0,5.0,1.0,4.0,0.0,0.0
4510,29,18,0,2.0,0.0,0,10.0,9.0,6.0,8.0,12.0,9.0,7.0,6.0,0.0,2.0,0.0,0.0
4511,1,45,0,0.0,0.0,1,7.0,13.0,2.0,7.0,15.0,12.0,4.0,10.0,3.0,2.0,0.0,0.0
4512,42,31,0,1.0,1.0,1,16.0,9.0,9.0,7.0,5.0,11.0,11.0,5.0,0.0,2.0,0.0,0.0
4513,32,19,1,0.0,0.0,1,15.0,7.0,8.0,5.0,10.0,16.0,3.0,4.0,2.0,2.0,0.0,0.0
4514,39,36,0,0.0,0.0,1,13.0,5.0,10.0,4.0,7.0,4.0,11.0,3.0,2.0,0.0,0.0,0.0
4515,38,28,0,2.0,1.0,0,13.0,7.0,7.0,4.0,9.0,13.0,6.0,6.0,1.0,2.0,0.0,0.0
4516,40,0,2,0.0,1.0,2,12.0,18.0,7.0,9.0,6.0,13.0,11.0,2.0,3.0,2.0,0.0,1.0
4517,41,35,0,2.0,0.0,0,13.0,14.0,12.0,8.0,10.0,9.0,5.0,2.0,1.0,3.0,0.0,0.0
4518,14,46,0,1.0,0.0,0,25.0,13.0,17.0,10.0,9.0,13.0,10.0,6.0,1.0,2.0,0.0,0.0
4519,28,26,1,1.0,1.0,1,9.0,21.0,5.0,12.0,14.0,7.0,9.0,10.0,2.0,4.0,0.0,0.0
4520,44,42,2,0.0,0.0,1,4.0,21.0,3.0,13.0,9.0,9.0,2.0,17.0,1.0,0.0,1.0,0.0
4521,36,40,0,1.0,1.0,1,9.0,10.0,5.0,6.0,12.0,15.0,6.0,8.0,1.0,3.0,0.0,0.0
4522,19,29,2,0.0,0.0,1,15.0,13.0,8.0,8.0,8.0,15.0,5.0,8.0,1.0,1.0,0.0,0.0
4523,18,1,1,1.0,2.0,2,22.0,8.0,13.0,4.0,6.0,23.0,15.0,2.0,1.0,4.0,0.0,0.0
4524,45,41,0,0.0,0.0,1,18.0,11.0,9.0,7.0,7.0,9.0,5.0,3.0,1.0,1.0,0.0,0.0
4525,46,38,1,1.0,0.0,0,5.0,15.0,3.0,7.0,6.0,16.0,8.0,5.0,0.0,2.0,0.0,0.0
4526,31,14,0,1.0,0.0,0,19.0,12.0,13.0,6.0,11.0,5.0,5.0,4.0,2.0,3.0,0.0,0.0
4527,35,32,1,0.0,0.0,1,15.0,14.0,7.0,9.0,6.0,20.0,10.0,8.0,2.0,5.0,0.0,0.0
4528,0,39,0,0.0,0.0,1,15.0,6.0,9.0,2.0,3.0,13.0,11.0,1.0,0.0,3.0,0.0,0.0
4529,29,38,0,2.0,1.0,0,11.0,21.0,7.0,10.0,10.0,10.0,4.0,8.0,2.0,1.0,0.0,0.0
4530,18,44,0,2.0,0.0,0,11.0,7.0,4.0,4.0,9.0,14.0,5.0,2.0,0.0,2.0,0.0,0.0
4531,0,26,1,0.0,1.0,2,14.0,10.0,6.0,5.0,9.0,11.0,8.0,6.0,3.0,1.0,0.0,0.0
4532,19,45,0,1.0,0.0,0,13.0,8.0,6.0,4.0,8.0,9.0,2.0,8.0,2.0,0.0,0.0,0.0
4533,32,42,1,1.0,0.0,0,8.0,12.0,4.0,7.0,13.0,14.0,3.0,6.0,4.0,1.0,0.0,0.0
4534,36,14,1,0.0,1.0,2,5.0,14.0,2.0,5.0,8.0,20.0,0.0,6.0,1.0,2.0,0.0,0.0
4535,1,31,2,0.0,2.0,2,10.0,10.0,4.0,7.0,16.0,9.0,3.0,4.0,5.0,2.0,0.0,0.0
4536,35,28,1,0.0,0.0,1,5.0,15.0,3.0,7.0,9.0,9.0,2.0,10.0,2.0,2.0,0.0,0.0
4537,40,41,1,0.0,0.0,1,4.0,18.0,2.0,8.0,11.0,11.0,3.0,4.0,1.0,2.0,0.0,0.0
4538,39,46,1,1.0,0.0,0,9.0,11.0,4.0,6.0,12.0,10.0,0.0,1.0,1.0,1.0,0.0,0.0
4539,0,45,0,1.0,1.0,1,23.0,7.0,17.0,5.0,9.0,10.0,13.0,5.0,0.0,1.0,0.0,0.0
4540,38,18,1,0.0,0.0,1,14.0,10.0,11.0,7.0,14.0,11.0,10.0,6.0,2.0,1.0,0.0,0.0
4541,42,29,1,0.0,1.0,2,23.0,6.0,18.0,4.0,7.0,14.0,9.0,4.0,1.0,4.0,0.0,0.0
4542,14,0,0,2.0,0.0,0,13.0,12.0,8.0,8.0,10.0,11.0,3.0,9.0,2.0,1.0,0.0,0.0
4543,44,1,1,0.0,2.0,2,25.0,11.0,9.0,7.0,8.0,10.0,8.0,8.0,3.0,3.0,0.0,0.0
4544,28,19,0,1.0,0.0,0,20.0,3.0,11.0,0.0,12.0,6.0,1.0,2.0,1.0,2.0,0.0,0.0
4545,46,40,2,1.0,3.0,2,20.0,10.0,11.0,5.0,10.0,16.0,9.0,0.0,3.0,2.0,0.0,0.0
4546,45,35,1,0.0,1.0,2,22.0,9.0,13.0,6.0,6.0,11.0,12.0,2.0,1.0,0.0,0.0,0.0
4547,31,36,2,1.0,0.0,0,15.0,6.0,10.0,2.0,9.0,10.0,6.0,2.0,2.0,3.0,0.0,0.0
4548,41,39,0,0.0,0.0,1,12.0,7.0,6.0,2.0,11.0,9.0,7.0,6.0,0.0,0.0,0.0,0.0
4549,26,32,0,2.0,0.0,0,17.0,5.0,10.0,3.0,10.0,8.0,10.0,4.0,1.0,1.0,0.0,0.0
4550,14,38,1,2.0,0.0,0,19.0,7.0,10.0,3.0,10.0,11.0,4.0,3.0,1.0,0.0,0.0,0.0
4551,0,28,2,0.0,2.0,2,9.0,16.0,4.0,9.0,11.0,18.0,2.0,7.0,2.0,4.0,1.0,1.0
4552,29,26,0,1.0,0.0,0,15.0,12.0,10.0,5.0,14.0,16.0,3.0,1.0,1.0,4.0,0.0,0.0
4553,40,45,0,1.0,0.0,0,18.0,9.0,14.0,4.0,10.0,13.0,4.0,6.0,0.0,3.0,0.0,0.0
4554,36,44,0,0.0,1.0,2,7.0,11.0,7.0,6.0,6.0,13.0,8.0,4.0,1.0,1.0,0.0,0.0
4555,35,42,1,0.0,0.0,1,4.0,16.0,1.0,8.0,10.0,7.0,2.0,6.0,1.0,1.0,0.0,0.0
4556,1,38,2,0.0,1.0,2,16.0,11.0,10.0,4.0,9.0,6.0,9.0,5.0,1.0,1.0,0.0,0.0
4557,18,41,1,0.0,0.0,1,16.0,4.0,8.0,2.0,13.0,9.0,7.0,1.0,1.0,4.0,0.0,0.0
4558,32,31,1,0.0,0.0,1,12.0,9.0,3.0,4.0,5.0,6.0,5.0,4.0,0.0,1.0,0.0,0.0
4559,39,14,2,0.0,1.0,2,11.0,11.0,5.0,9.0,13.0,9.0,6.0,7.0,1.0,0.0,0.0,0.0
4560,19,46,1,1.0,0.0,0,14.0,15.0,5.0,6.0,8.0,15.0,6.0,8.0,0.0,1.0,0.0,0.0
4561,31,18,2,1.0,1.0,1,14.0,7.0,11.0,6.0,21.0,7.0,4.0,6.0,3.0,2.0,0.0,0.0
4562,14,35,2,0.0,0.0,1,23.0,8.0,11.0,5.0,12.0,8.0,14.0,2.0,1.0,1.0,0.0,0.0
4563,26,40,0,2.0,0.0,0,27.0,6.0,16.0,5.0,8.0,5.0,9.0,5.0,0.0,1.0,0.0,0.0
4564,44,19,2,0.0,1.0,2,17.0,10.0,10.0,5.0,14.0,6.0,10.0,5.0,0.0,0.0,0.0,0.0
4565,42,36,0,1.0,1.0,1,30.0,7.0,20.0,4.0,9.0,9.0,12.0,3.0,0.0,0.0,0.0,0.0
4566,41,1,1,1.0,1.0,1,23.0,8.0,13.0,6.0,7.0,15.0,3.0,2.0,0.0,4.0,0.0,0.0
4567,28,39,0,1.0,0.0,0,17.0,4.0,9.0,3.0,6.0,9.0,7.0,2.0,2.0,2.0,0.0,0.0
4568,46,29,2,0.0,2.0,2,7.0,14.0,3.0,9.0,13.0,5.0,1.0,6.0,1.0,1.0,0.0,0.0
4569,38,0,1,1.0,1.0,1,9.0,6.0,6.0,4.0,9.0,6.0,3.0,3.0,2.0,0.0,0.0,0.0
4570,45,32,0,2.0,0.0,0,14.0,9.0,8.0,3.0,14.0,7.0,11.0,3.0,0.0,0.0,0.0,0.0
4571,18,14,2,1.0,1.0,1,12.0,15.0,6.0,10.0,14.0,12.0,7.0,7.0,2.0,3.0,0.0,0.0
4572,35,26,2,0.0,3.0,2,14.0,16.0,7.0,11.0,10.0,8.0,1.0,9.0,2.0,1.0,0.0,0.0
4573,19,41,2,0.0,1.0,2,22.0,10.0,13.0,9.0,14.0,12.0,9.0,8.0,2.0,1.0,0.0,0.0
4574,39,38,1,1.0,3.0,2,10.0,8.0,8.0,7.0,6.0,9.0,7.0,4.0,1.0,2.0,1.0,0.0
4575,40,42,2,1.0,0.0,0,9.0,18.0,6.0,14.0,9.0,15.0,3.0,8.0,1.0,3.0,0.0,0.0
4576,0,31,0,1.0,1.0,1,16.0,10.0,12.0,8.0,8.0,10.0,5.0,6.0,0.0,1.0,0.0,0.0
4577,1,46,2,0.0,1.0,2,11.0,9.0,4.0,6.0,16.0,8.0,4.0,3.0,3.0,2.0,0.0,0.0
4578,36,45,0,1.0,0.0,0,3.0,11.0,2.0,3.0,17.0,10.0,2.0,2.0,3.0,4.0,0.0,0.0
4579,29,44,0,1.0,0.0,0,17.0,13.0,14.0,9.0,9.0,7.0,9.0,6.0,1.0,0.0,0.0,0.0
4580,32,28,2,1.0,2.0,2,13.0,13.0,8.0,9.0,8.0,10.0,4.0,9.0,3.0,1.0,0.0,1.0
4581,19,38,1,1.0,0.0,0,10.0,7.0,2.0,3.0,14.0,12.0,3.0,5.0,3.0,0.0,0.0,0.0
4582,39,26,0,2.0,1.0,0,7.0,12.0,6.0,6.0,11.0,5.0,6.0,8.0,3.0,1.0,0.0,0.0
4583,29,31,0,1.0,2.0,2,16.0,16.0,10.0,11.0,12.0,16.0,2.0,2.0,3.0,3.0,0.0,0.0
4584,40,28,0,0.0,0.0,1,12.0,19.0,6.0,12.0,14.0,16.0,3.0,7.0,1.0,3.0,0.0,0.0
4585,1,42,2,0.0,0.0,1,4.0,20.0,1.0,16.0,11.0,7.0,2.0,16.0,1.0,0.0,0.0,0.0
4586,35,44,2,0.0,1.0,2,18.0,12.0,8.0,6.0,9.0,10.0,14.0,9.0,1.0,0.0,0.0,0.0
4587,32,14,2,0.0,1.0,2,8.0,20.0,4.0,11.0,7.0,7.0,5.0,7.0,1.0,1.0,0.0,0.0
4588,18,46,0,0.0,0.0,1,17.0,10.0,9.0,6.0,10.0,11.0,11.0,2.0,1.0,3.0,0.0,0.0
4589,36,41,1,0.0,0.0,1,3.0,10.0,2.0,4.0,14.0,17.0,6.0,4.0,2.0,1.0,0.0,0.0
4590,41,29,1,1.0,1.0,1,14.0,19.0,10.0,16.0,11.0,16.0,3.0,6.0,2.0,4.0,0.0,0.0
4591,14,1,0,3.0,0.0,0,24.0,7.0,18.0,4.0,6.0,11.0,8.0,4.0,0.0,0.0,0.0,0.0
4592,26,19,0,2.0,0.0,0,22.0,7.0,12.0,6.0,13.0,6.0,8.0,2.0,1.0,2.0,0.0,0.0
4593,31,35,0,0.0,0.0,1,18.0,5.0,8.0,4.0,9.0,16.0,10.0,3.0,3.0,2.0,0.0,0.0
4594,38,40,2,0.0,1.0,2,13.0,10.0,7.0,6.0,11.0,15.0,8.0,5.0,0.0,3.0,0.0,0.0
4595,42,39,1,0.0,0.0,1,21.0,4.0,14.0,2.0,8.0,11.0,11.0,4.0,2.0,5.0,0.0,0.0
4596,46,0,2,0.0,0.0,1,13.0,10.0,5.0,8.0,14.0,8.0,4.0,4.0,1.0,1.0,0.0,0.0
4597,28,36,0,0.0,0.0,1,17.0,6.0,10.0,1.0,11.0,15.0,12.0,3.0,2.0,3.0,0.0,0.0
4598,44,32,0,1.0,1.0,1,12.0,10.0,8.0,4.0,14.0,9.0,6.0,5.0,1.0,1.0,0.0,0.0
4599,45,18,2,1.0,0.0,0,6.0,15.0,5.0,8.0,12.0,8.0,3.0,5.0,1.0,0.0,1.0,1.0
4600,36,0,2,0.0,3.0,2,7.0,25.0,5.0,17.0,8.0,4.0,3.0,7.0,1.0,1.0,0.0,0.0
4601,42,41,0,0.0,0.0,1,24.0,4.0,16.0,0.0,12.0,8.0,9.0,3.0,2.0,3.0,0.0,0.0
4602,44,45,1,0.0,0.0,1,19.0,10.0,10.0,2.0,12.0,9.0,8.0,2.0,3.0,3.0,0.0,0.0
4603,26,1,2,0.0,2.0,2,26.0,9.0,17.0,6.0,4.0,11.0,7.0,2.0,1.0,2.0,0.0,0.0
4604,31,28,2,0.0,2.0,2,17.0,16.0,8.0,10.0,9.0,16.0,12.0,7.0,3.0,2.0,0.0,0.0
4605,32,46,0,1.0,0.0,0,16.0,12.0,10.0,6.0,7.0,4.0,7.0,3.0,3.0,1.0,0.0,0.0
4606,35,19,0,0.0,0.0,1,19.0,6.0,9.0,3.0,10.0,14.0,3.0,3.0,1.0,2.0,0.0,0.0
4607,29,40,0,2.0,0.0,0,15.0,13.0,6.0,10.0,13.0,10.0,9.0,9.0,0.0,0.0,0.0,0.0
4608,39,18,1,0.0,1.0,2,14.0,9.0,8.0,5.0,11.0,13.0,4.0,8.0,1.0,0.0,0.0,0.0
4609,40,36,0,2.0,0.0,0,16.0,12.0,11.0,5.0,8.0,11.0,6.0,8.0,2.0,1.0,0.0,0.0
4610,19,31,0,1.0,0.0,0,16.0,20.0,7.0,13.0,13.0,11.0,5.0,4.0,0.0,0.0,0.0,0.0
4611,45,26,2,2.0,1.0,0,9.0,16.0,6.0,8.0,12.0,10.0,2.0,5.0,1.0,2.0,0.0,0.0
4612,28,29,2,0.0,2.0,2,16.0,8.0,11.0,3.0,11.0,9.0,8.0,2.0,4.0,3.0,0.0,0.0
4613,18,42,0,0.0,0.0,1,17.0,8.0,11.0,6.0,10.0,9.0,4.0,4.0,2.0,2.0,0.0,0.0
4614,0,44,0,1.0,0.0,0,16.0,7.0,7.0,2.0,11.0,12.0,7.0,4.0,2.0,3.0,0.0,0.0
4615,38,36,0,0.0,0.0,1,18.0,6.0,9.0,2.0,11.0,10.0,7.0,4.0,0.0,0.0,0.0,0.0
4616,46,35,1,1.0,1.0,1,14.0,8.0,9.0,4.0,7.0,11.0,11.0,4.0,0.0,1.0,0.0,0.0
4617,40,14,2,0.0,2.0,2,14.0,11.0,10.0,5.0,11.0,14.0,11.0,1.0,1.0,3.0,0.0,0.0
4618,41,32,2,0.0,3.0,2,21.0,10.0,10.0,8.0,12.0,9.0,6.0,2.0,2.0,1.0,0.0,0.0
4619,1,39,1,0.0,0.0,1,9.0,1.0,5.0,0.0,8.0,13.0,3.0,2.0,0.0,1.0,0.0,1.0
4620,31,46,0,2.0,0.0,0,16.0,9.0,8.0,4.0,12.0,14.0,4.0,4.0,1.0,3.0,0.0,1.0
4621,32,40,0,2.0,1.0,0,7.0,16.0,5.0,6.0,11.0,16.0,2.0,6.0,0.0,2.0,0.0,0.0
4622,0,41,2,0.0,0.0,1,10.0,12.0,8.0,10.0,11.0,9.0,8.0,5.0,1.0,0.0,0.0,0.0
4623,26,38,0,1.0,0.0,0,24.0,8.0,11.0,4.0,10.0,8.0,10.0,4.0,2.0,0.0,0.0,0.0
4624,28,18,1,1.0,1.0,1,9.0,8.0,6.0,5.0,16.0,12.0,5.0,2.0,2.0,1.0,0.0,0.0
4625,35,1,1,1.0,1.0,1,17.0,7.0,12.0,3.0,5.0,6.0,11.0,4.0,1.0,2.0,0.0,0.0
4626,36,29,2,3.0,4.0,2,10.0,10.0,7.0,5.0,10.0,12.0,6.0,1.0,1.0,1.0,0.0,0.0
4627,44,39,2,0.0,0.0,1,14.0,6.0,11.0,4.0,8.0,15.0,5.0,5.0,0.0,3.0,0.0,0.0
4628,19,42,2,0.0,0.0,1,8.0,10.0,2.0,6.0,10.0,8.0,2.0,1.0,0.0,2.0,0.0,0.0
4629,45,14,0,0.0,1.0,2,16.0,16.0,13.0,9.0,15.0,6.0,14.0,5.0,1.0,2.0,0.0,0.0
4630,46,28,2,0.0,0.0,1,9.0,15.0,4.0,6.0,13.0,12.0,6.0,6.0,1.0,1.0,0.0,0.0
4631,41,44,0,3.0,1.0,0,13.0,6.0,8.0,2.0,10.0,16.0,5.0,2.0,0.0,4.0,0.0,0.0
4632,14,19,1,0.0,0.0,1,17.0,8.0,13.0,7.0,10.0,11.0,10.0,2.0,3.0,0.0,0.0,0.0
4633,42,26,0,2.0,0.0,0,14.0,14.0,7.0,9.0,4.0,14.0,1.0,12.0,1.0,2.0,0.0,0.0
4634,38,32,1,1.0,1.0,1,8.0,9.0,2.0,5.0,11.0,7.0,3.0,7.0,1.0,1.0,0.0,0.0
4635,29,45,0,1.0,0.0,0,23.0,9.0,13.0,3.0,7.0,9.0,5.0,5.0,1.0,1.0,0.0,0.0
4636,18,0,1,1.0,1.0,1,14.0,12.0,10.0,9.0,15.0,9.0,6.0,6.0,2.0,1.0,0.0,0.0
4637,39,31,0,0.0,0.0,1,11.0,7.0,5.0,6.0,12.0,12.0,7.0,2.0,2.0,2.0,0.0,0.0
4638,1,36,0,0.0,0.0,1,15.0,11.0,7.0,6.0,10.0,5.0,8.0,3.0,1.0,0.0,0.0,0.0
4639,40,35,1,0.0,0.0,1,13.0,13.0,8.0,9.0,10.0,15.0,5.0,8.0,1.0,3.0,0.0,0.0
4640,41,26,1,0.0,0.0,1,17.0,21.0,8.0,14.0,6.0,10.0,7.0,6.0,1.0,0.0,0.0,0.0
4641,42,45,0,1.0,0.0,0,25.0,10.0,13.0,6.0,9.0,10.0,4.0,2.0,1.0,2.0,0.0,0.0
4642,38,31,0,1.0,0.0,0,17.0,8.0,10.0,3.0,12.0,14.0,4.0,3.0,2.0,2.0,0.0,0.0
4643,14,28,1,0.0,0.0,1,5.0,11.0,1.0,7.0,9.0,16.0,6.0,11.0,0.0,3.0,0.0,0.0
4644,40,44,2,0.0,2.0,2,19.0,11.0,12.0,6.0,12.0,15.0,7.0,2.0,2.0,3.0,0.0,0.0
4645,39,19,0,1.0,0.0,0,12.0,8.0,3.0,5.0,14.0,11.0,7.0,2.0,1.0,1.0,0.0,0.0
4646,29,35,0,0.0,0.0,1,15.0,10.0,10.0,6.0,6.0,10.0,9.0,7.0,1.0,1.0,0.0,0.0
4647,18,32,1,1.0,0.0,0,14.0,8.0,9.0,4.0,10.0,18.0,4.0,2.0,0.0,3.0,0.0,0.0
4648,1,0,1,0.0,0.0,1,10.0,13.0,8.0,6.0,6.0,9.0,7.0,6.0,1.0,0.0,0.0,0.0
4649,46,36,0,0.0,1.0,2,19.0,16.0,11.0,10.0,15.0,9.0,9.0,5.0,2.0,0.0,0.0,0.0
4650,45,39,1,0.0,1.0,2,16.0,12.0,11.0,6.0,8.0,9.0,12.0,4.0,1.0,0.0,0.0,0.0
4651,19,40,2,0.0,0.0,1,18.0,12.0,13.0,9.0,9.0,13.0,4.0,4.0,1.0,3.0,1.0,0.0
4652,26,46,0,0.0,0.0,1,22.0,9.0,11.0,3.0,9.0,11.0,10.0,5.0,0.0,3.0,0.0,0.0
4653,32,29,0,0.0,0.0,1,10.0,12.0,5.0,9.0,10.0,7.0,0.0,12.0,0.0,1.0,0.0,0.0
4654,44,14,0,1.0,1.0,1,8.0,19.0,6.0,12.0,7.0,13.0,0.0,12.0,0.0,0.0,0.0,0.0
4655,31,41,2,0.0,0.0,1,27.0,15.0,10.0,9.0,7.0,7.0,5.0,4.0,1.0,3.0,0.0,0.0
4656,28,1,0,1.0,0.0,0,21.0,10.0,8.0,8.0,9.0,4.0,9.0,4.0,0.0,1.0,0.0,0.0
4657,0,42,0,3.0,1.0,0,13.0,6.0,10.0,4.0,13.0,12.0,6.0,6.0,1.0,2.0,0.0,1.0
4658,36,18,0,0.0,1.0,2,12.0,21.0,4.0,11.0,11.0,11.0,7.0,13.0,3.0,2.0,0.0,0.0
4659,35,38,2,0.0,2.0,2,13.0,21.0,7.0,15.0,12.0,9.0,4.0,13.0,1.0,0.0,0.0,0.0
4660,31,45,2,0.0,1.0,2,14.0,10.0,9.0,5.0,8.0,14.0,11.0,4.0,1.0,2.0,0.0,0.0
4661,14,26,1,1.0,0.0,0,12.0,9.0,3.0,5.0,12.0,13.0,4.0,7.0,1.0,3.0,0.0,0.0
4662,28,42,0,0.0,1.0,2,16.0,6.0,8.0,2.0,16.0,7.0,8.0,2.0,1.0,2.0,0.0,0.0
4663,36,32,1,0.0,0.0,1,7.0,10.0,3.0,3.0,9.0,16.0,10.0,3.0,0.0,1.0,0.0,0.0
4664,38,41,1,0.0,0.0,1,11.0,5.0,5.0,3.0,11.0,10.0,10.0,6.0,2.0,2.0,0.0,0.0
4665,39,35,0,0.0,0.0,1,10.0,17.0,5.0,8.0,11.0,16.0,5.0,5.0,2.0,3.0,0.0,0.0
4666,0,19,1,2.0,2.0,1,15.0,9.0,9.0,5.0,12.0,10.0,8.0,6.0,1.0,2.0,0.0,0.0
4667,1,29,2,1.0,0.0,0,10.0,16.0,7.0,7.0,12.0,7.0,5.0,6.0,1.0,1.0,0.0,0.0
4668,46,44,2,1.0,2.0,2,14.0,7.0,6.0,4.0,9.0,13.0,5.0,8.0,1.0,4.0,0.0,0.0
4669,18,40,0,0.0,1.0,2,16.0,6.0,10.0,4.0,14.0,14.0,6.0,2.0,1.0,3.0,0.0,0.0
4670,44,38,0,1.0,0.0,0,16.0,9.0,6.0,5.0,6.0,12.0,8.0,6.0,1.0,0.0,0.0,0.0
4671,35,36,1,0.0,1.0,2,23.0,18.0,12.0,8.0,11.0,15.0,8.0,8.0,0.0,2.0,0.0,0.0
4672,26,31,1,0.0,1.0,2,20.0,10.0,12.0,3.0,10.0,13.0,14.0,3.0,0.0,1.0,0.0,1.0
4673,42,46,2,0.0,0.0,1,13.0,7.0,10.0,4.0,10.0,11.0,9.0,3.0,1.0,1.0,0.0,0.0
4674,41,14,1,0.0,0.0,1,9.0,11.0,7.0,7.0,12.0,9.0,8.0,6.0,4.0,1.0,0.0,0.0
4675,29,0,0,1.0,0.0,0,11.0,7.0,7.0,3.0,13.0,13.0,6.0,1.0,5.0,3.0,0.0,1.0
4676,45,28,1,0.0,0.0,1,6.0,18.0,1.0,8.0,11.0,12.0,3.0,7.0,3.0,0.0,0.0,0.0
4677,40,1,2,0.0,0.0,1,11.0,9.0,1.0,6.0,10.0,17.0,6.0,7.0,2.0,3.0,0.0,0.0
4678,19,18,1,1.0,0.0,0,8.0,26.0,5.0,15.0,16.0,9.0,5.0,9.0,3.0,1.0,0.0,0.0
4679,32,39,0,1.0,0.0,0,12.0,8.0,8.0,3.0,11.0,13.0,9.0,1.0,1.0,5.0,0.0,0.0
4680,18,26,1,2.0,2.0,1,17.0,12.0,8.0,5.0,16.0,18.0,9.0,5.0,4.0,3.0,0.0,0.0
4681,31,44,0,1.0,0.0,0,10.0,8.0,6.0,4.0,13.0,7.0,6.0,4.0,3.0,2.0,0.0,0.0
4682,14,29,2,1.0,2.0,2,14.0,15.0,11.0,7.0,13.0,11.0,8.0,6.0,2.0,2.0,2.0,0.0
4683,38,42,2,0.0,2.0,2,11.0,11.0,6.0,4.0,14.0,8.0,2.0,3.0,0.0,3.0,0.0,0.0
4684,39,40,1,0.0,0.0,1,11.0,6.0,6.0,3.0,12.0,6.0,7.0,3.0,2.0,2.0,0.0,0.0
4685,0,35,0,0.0,0.0,1,21.0,4.0,11.0,3.0,14.0,9.0,5.0,2.0,1.0,2.0,0.0,1.0
4686,36,19,1,1.0,0.0,0,15.0,16.0,9.0,8.0,6.0,17.0,6.0,8.0,1.0,1.0,0.0,0.0
4687,1,32,1,1.0,0.0,0,7.0,14.0,5.0,6.0,12.0,7.0,3.0,8.0,2.0,0.0,1.0,0.0
4688,28,41,0,0.0,0.0,1,10.0,9.0,5.0,5.0,8.0,10.0,3.0,0.0,1.0,2.0,0.0,0.0
4689,46,45,0,1.0,0.0,0,17.0,15.0,13.0,11.0,10.0,16.0,6.0,6.0,3.0,4.0,0.0,0.0
4690,40,31,1,0.0,1.0,2,16.0,10.0,6.0,7.0,14.0,15.0,8.0,4.0,0.0,4.0,0.0,1.0
4691,35,18,1,1.0,1.0,1,14.0,10.0,6.0,4.0,12.0,18.0,5.0,4.0,2.0,1.0,0.0,1.0
4692,26,36,0,1.0,0.0,0,23.0,8.0,13.0,5.0,13.0,6.0,6.0,5.0,1.0,1.0,0.0,0.0
4693,32,0,0,1.0,0.0,0,7.0,13.0,3.0,7.0,9.0,9.0,2.0,10.0,4.0,0.0,0.0,0.0
4694,19,1,0,0.0,0.0,1,17.0,9.0,8.0,4.0,7.0,11.0,6.0,4.0,1.0,2.0,0.0,0.0
4695,42,14,2,0.0,1.0,2,23.0,11.0,16.0,7.0,7.0,8.0,7.0,4.0,3.0,2.0,0.0,0.0
4696,41,46,0,0.0,0.0,1,18.0,10.0,11.0,7.0,13.0,11.0,9.0,2.0,2.0,3.0,0.0,0.0
4697,29,39,0,2.0,1.0,0,13.0,8.0,8.0,6.0,9.0,10.0,3.0,3.0,1.0,1.0,0.0,0.0
4698,45,38,0,0.0,0.0,1,9.0,11.0,8.0,4.0,10.0,12.0,6.0,3.0,0.0,2.0,0.0,0.0
4699,44,28,2,0.0,0.0,1,16.0,21.0,8.0,13.0,11.0,15.0,6.0,9.0,4.0,3.0,0.0,1.0
4700,31,29,2,0.0,2.0,2,13.0,12.0,3.0,9.0,15.0,12.0,8.0,6.0,4.0,4.0,0.0,0.0
4701,38,19,1,1.0,0.0,0,13.0,14.0,6.0,5.0,13.0,5.0,8.0,8.0,4.0,0.0,0.0,0.0
4702,42,1,0,0.0,0.0,1,23.0,8.0,10.0,5.0,7.0,10.0,8.0,0.0,1.0,3.0,0.0,0.0
4703,26,39,1,0.0,0.0,1,16.0,5.0,5.0,3.0,9.0,16.0,5.0,5.0,0.0,6.0,0.0,0.0
4704,28,40,0,1.0,0.0,0,26.0,8.0,16.0,6.0,10.0,10.0,15.0,4.0,0.0,3.0,0.0,0.0
4705,46,18,1,2.0,1.0,0,10.0,16.0,6.0,11.0,14.0,14.0,7.0,6.0,2.0,5.0,0.0,0.0
4706,45,0,2,1.0,1.0,1,7.0,20.0,3.0,14.0,12.0,7.0,4.0,16.0,3.0,2.0,0.0,0.0
4707,14,32,0,3.0,1.0,0,20.0,7.0,13.0,4.0,7.0,1.0,10.0,2.0,0.0,0.0,0.0,0.0
4708,41,36,1,0.0,2.0,2,25.0,8.0,16.0,6.0,8.0,11.0,11.0,3.0,1.0,3.0,0.0,0.0
4709,44,35,0,2.0,1.0,0,13.0,13.0,8.0,6.0,16.0,12.0,2.0,5.0,2.0,2.0,0.0,0.0
4710,35,45,2,0.0,2.0,2,13.0,17.0,9.0,10.0,9.0,21.0,4.0,13.0,1.0,8.0,1.0,0.0
4711,1,44,1,0.0,0.0,1,19.0,14.0,8.0,7.0,9.0,11.0,11.0,4.0,1.0,1.0,0.0,0.0
4712,40,46,0,0.0,0.0,1,11.0,8.0,6.0,3.0,20.0,16.0,8.0,1.0,2.0,5.0,0.0,1.0
4713,18,38,0,3.0,1.0,0,17.0,8.0,9.0,2.0,2.0,3.0,10.0,3.0,0.0,0.0,0.0,0.0
4714,39,41,0,2.0,0.0,0,10.0,8.0,5.0,0.0,10.0,8.0,6.0,8.0,1.0,1.0,0.0,0.0
4715,32,26,2,0.0,2.0,2,10.0,10.0,7.0,6.0,5.0,2.0,5.0,5.0,1.0,0.0,0.0,0.0
4716,29,42,2,0.0,2.0,2,15.0,10.0,8.0,6.0,5.0,7.0,9.0,5.0,0.0,0.0,0.0,0.0
4717,19,28,2,1.0,1.0,1,7.0,21.0,3.0,12.0,7.0,12.0,2.0,4.0,0.0,1.0,0.0,0.0
4718,0,14,2,1.0,1.0,1,14.0,10.0,5.0,5.0,14.0,13.0,6.0,5.0,2.0,3.0,0.0,0.0
4719,36,31,1,0.0,0.0,1,14.0,8.0,7.0,3.0,6.0,8.0,6.0,3.0,0.0,3.0,0.0,0.0
4720,26,29,2,0.0,0.0,1,13.0,8.0,8.0,4.0,14.0,7.0,7.0,3.0,1.0,2.0,1.0,0.0
4721,31,32,0,1.0,0.0,0,16.0,8.0,8.0,3.0,11.0,19.0,4.0,5.0,1.0,1.0,0.0,0.0
4722,28,0,1,1.0,0.0,0,14.0,10.0,10.0,4.0,11.0,7.0,9.0,4.0,1.0,0.0,0.0,0.0
4723,42,35,0,0.0,1.0,2,18.0,9.0,14.0,6.0,7.0,12.0,10.0,9.0,0.0,2.0,0.0,0.0
4724,46,19,2,0.0,1.0,2,18.0,12.0,9.0,9.0,7.0,13.0,8.0,7.0,0.0,3.0,0.0,0.0
4725,45,40,1,0.0,1.0,2,20.0,4.0,11.0,2.0,12.0,10.0,10.0,1.0,2.0,1.0,0.0,0.0
4726,14,39,0,0.0,0.0,1,17.0,13.0,9.0,6.0,12.0,15.0,13.0,3.0,2.0,1.0,0.0,0.0
4727,38,1,0,0.0,1.0,2,12.0,8.0,4.0,2.0,5.0,13.0,1.0,4.0,1.0,3.0,0.0,0.0
4728,41,18,2,0.0,2.0,2,18.0,30.0,11.0,19.0,23.0,7.0,8.0,3.0,4.0,1.0,1.0,0.0
4729,44,36,0,0.0,0.0,1,9.0,8.0,4.0,1.0,14.0,6.0,9.0,1.0,1.0,0.0,0.0,0.0
4730,18,31,1,1.0,0.0,0,17.0,11.0,10.0,7.0,16.0,12.0,3.0,3.0,3.0,3.0,0.0,0.0
4731,36,42,2,0.0,1.0,2,4.0,22.0,2.0,11.0,4.0,9.0,7.0,4.0,0.0,1.0,0.0,0.0
4732,19,44,0,2.0,0.0,0,23.0,10.0,14.0,8.0,6.0,10.0,5.0,4.0,0.0,0.0,0.0,1.0
4733,35,14,1,0.0,0.0,1,10.0,13.0,6.0,9.0,16.0,17.0,2.0,4.0,0.0,2.0,0.0,0.0
4734,29,46,0,0.0,0.0,1,17.0,8.0,10.0,4.0,10.0,14.0,5.0,5.0,2.0,2.0,0.0,0.0
4735,39,28,1,1.0,1.0,1,4.0,15.0,3.0,11.0,12.0,12.0,6.0,5.0,0.0,1.0,0.0,0.0
4736,1,41,0,1.0,0.0,0,17.0,10.0,13.0,5.0,11.0,4.0,11.0,5.0,3.0,1.0,0.0,0.0
4737,32,45,1,0.0,0.0,1,20.0,9.0,14.0,4.0,10.0,12.0,8.0,5.0,0.0,1.0,0.0,0.0
4738,40,26,1,1.0,0.0,0,6.0,20.0,4.0,9.0,18.0,10.0,2.0,7.0,1.0,2.0,0.0,0.0
4739,0,38,0,4.0,1.0,0,20.0,9.0,12.0,4.0,4.0,7.0,8.0,3.0,0.0,0.0,0.0,0.0
4740,38,29,2,1.0,1.0,1,15.0,18.0,8.0,9.0,9.0,4.0,4.0,7.0,1.0,0.0,0.0,0.0
4741,26,0,2,0.0,1.0,2,17.0,11.0,8.0,7.0,12.0,7.0,10.0,2.0,2.0,2.0,0.0,0.0
4742,31,1,1,0.0,1.0,2,16.0,13.0,6.0,9.0,6.0,20.0,10.0,6.0,1.0,4.0,0.0,0.0
4743,42,32,1,0.0,0.0,1,15.0,10.0,9.0,4.0,7.0,12.0,4.0,2.0,1.0,0.0,1.0,0.0
4744,45,19,0,3.0,0.0,0,17.0,14.0,12.0,13.0,12.0,5.0,6.0,6.0,0.0,0.0,0.0,0.0
4745,44,18,0,0.0,0.0,1,14.0,12.0,8.0,5.0,11.0,15.0,6.0,3.0,1.0,4.0,0.0,0.0
4746,41,40,1,1.0,2.0,2,14.0,4.0,10.0,3.0,11.0,7.0,8.0,0.0,1.0,1.0,1.0,0.0
4747,46,39,1,1.0,1.0,1,9.0,16.0,5.0,8.0,13.0,11.0,2.0,1.0,1.0,2.0,0.0,0.0
4748,28,35,0,1.0,0.0,0,19.0,9.0,12.0,5.0,12.0,3.0,8.0,3.0,2.0,1.0,0.0,0.0
4749,26,28,1,1.0,0.0,0,15.0,11.0,8.0,5.0,10.0,7.0,4.0,4.0,1.0,0.0,0.0,0.0
4750,39,0,1,0.0,0.0,1,7.0,16.0,4.0,6.0,9.0,9.0,0.0,11.0,2.0,0.0,0.0,0.0
4751,29,19,0,3.0,1.0,0,20.0,14.0,11.0,11.0,12.0,7.0,8.0,8.0,0.0,1.0,0.0,0.0
4752,1,18,2,0.0,3.0,2,7.0,19.0,3.0,11.0,10.0,7.0,1.0,9.0,1.0,0.0,1.0,0.0
4753,42,44,1,0.0,0.0,1,18.0,10.0,10.0,5.0,8.0,7.0,7.0,5.0,1.0,2.0,0.0,0.0
4754,41,45,0,2.0,0.0,0,10.0,7.0,7.0,6.0,13.0,17.0,5.0,4.0,2.0,4.0,0.0,0.0
4755,32,35,1,1.0,1.0,1,13.0,6.0,4.0,4.0,15.0,14.0,6.0,2.0,0.0,2.0,0.0,0.0
4756,14,31,0,2.0,0.0,0,11.0,11.0,6.0,5.0,8.0,10.0,2.0,3.0,1.0,0.0,0.0,0.0
4757,38,46,2,0.0,0.0,1,14.0,12.0,9.0,8.0,11.0,9.0,10.0,3.0,0.0,0.0,0.0,0.0
4758,14,36,0,1.0,2.0,2,23.0,7.0,11.0,5.0,11.0,14.0,1.0,5.0,0.0,2.0,0.0,0.0
4759,18,29,0,0.0,0.0,1,16.0,12.0,7.0,7.0,12.0,11.0,6.0,8.0,1.0,2.0,0.0,0.0
4760,28,38,0,1.0,0.0,0,20.0,9.0,15.0,6.0,4.0,6.0,7.0,3.0,1.0,2.0,0.0,0.0
4761,46,14,2,0.0,2.0,2,12.0,5.0,4.0,3.0,16.0,11.0,7.0,1.0,2.0,2.0,0.0,0.0
4762,44,26,0,1.0,0.0,0,15.0,14.0,10.0,7.0,10.0,11.0,7.0,3.0,1.0,4.0,0.0,1.0
4763,35,41,2,0.0,1.0,2,20.0,12.0,11.0,8.0,11.0,14.0,5.0,3.0,2.0,2.0,0.0,0.0
4764,45,1,0,1.0,0.0,0,8.0,10.0,4.0,6.0,17.0,8.0,6.0,4.0,0.0,1.0,0.0,0.0
4765,36,39,1,0.0,1.0,2,9.0,6.0,3.0,3.0,9.0,14.0,4.0,3.0,2.0,4.0,0.0,1.0
4766,19,32,0,2.0,0.0,0,11.0,4.0,9.0,2.0,12.0,11.0,6.0,3.0,0.0,0.0,0.0,0.0
4767,31,42,0,0.0,0.0,1,6.0,12.0,4.0,6.0,12.0,8.0,3.0,5.0,2.0,2.0,0.0,0.0
4768,0,40,1,0.0,0.0,1,14.0,3.0,4.0,2.0,12.0,8.0,7.0,0.0,0.0,0.0,0.0,0.0
4769,28,35,0,1.0,0.0,0,35.0,3.0,24.0,3.0,4.0,6.0,19.0,0.0,1.0,1.0,0.0,1.0
4770,41,26,0,0.0,0.0,1,13.0,14.0,8.0,9.0,5.0,5.0,6.0,5.0,1.0,1.0,0.0,0.0
4771,46,47,0,2.0,1.0,0,14.0,10.0,10.0,7.0,15.0,9.0,9.0,2.0,1.0,2.0,0.0,0.0
4772,39,5,1,1.0,2.0,2,12.0,20.0,8.0,8.0,10.0,5.0,5.0,9.0,1.0,1.0,0.0,0.0
4773,42,19,0,1.0,0.0,0,15.0,10.0,9.0,7.0,8.0,12.0,9.0,3.0,0.0,2.0,0.0,0.0
4774,18,31,0,2.0,0.0,0,17.0,11.0,11.0,5.0,15.0,16.0,4.0,3.0,2.0,1.0,0.0,0.0
4775,44,0,2,2.0,2.0,1,12.0,12.0,8.0,8.0,12.0,10.0,9.0,5.0,0.0,1.0,0.0,0.0
4776,14,3,0,2.0,0.0,0,18.0,8.0,6.0,5.0,13.0,4.0,8.0,2.0,1.0,0.0,0.0,0.0
4777,40,29,2,0.0,1.0,2,6.0,17.0,5.0,9.0,14.0,11.0,1.0,9.0,3.0,3.0,0.0,0.0
4778,32,1,0,2.0,0.0,0,21.0,9.0,12.0,5.0,6.0,10.0,9.0,6.0,1.0,2.0,0.0,0.0
4779,26,14,0,3.0,0.0,0,23.0,9.0,13.0,5.0,15.0,13.0,7.0,4.0,2.0,4.0,0.0,0.0
4780,3,46,2,0.0,0.0,1,12.0,19.0,7.0,9.0,14.0,12.0,5.0,6.0,2.0,1.0,0.0,0.0
4781,29,41,0,2.0,0.0,0,26.0,13.0,18.0,9.0,12.0,6.0,16.0,3.0,1.0,0.0,0.0,0.0
4782,31,28,2,0.0,0.0,1,14.0,19.0,9.0,12.0,12.0,7.0,2.0,6.0,4.0,3.0,0.0,0.0
4783,35,39,0,0.0,0.0,1,21.0,8.0,12.0,1.0,11.0,14.0,7.0,3.0,0.0,0.0,0.0,0.0
4784,47,18,1,0.0,0.0,1,7.0,18.0,1.0,10.0,7.0,10.0,3.0,7.0,0.0,0.0,0.0,0.0
4785,5,44,1,1.0,0.0,0,11.0,17.0,6.0,13.0,14.0,8.0,4.0,4.0,1.0,4.0,0.0,0.0
4786,19,40,0,2.0,1.0,0,20.0,12.0,15.0,7.0,9.0,13.0,8.0,2.0,0.0,0.0,0.0,0.0
4787,1,42,1,1.0,0.0,0,4.0,21.0,2.0,10.0,10.0,8.0,4.0,19.0,1.0,2.0,0.0,1.0
4788,0,32,1,1.0,2.0,2,20.0,12.0,13.0,6.0,8.0,15.0,6.0,1.0,2.0,3.0,0.0,0.0
4789,5,42,2,0.0,1.0,2,14.0,13.0,8.0,10.0,6.0,9.0,4.0,7.0,2.0,1.0,0.0,0.0
4790,14,31,2,0.0,1.0,2,17.0,12.0,6.0,6.0,9.0,5.0,4.0,4.0,0.0,3.0,0.0,0.0
4791,39,18,1,0.0,1.0,2,10.0,11.0,5.0,4.0,6.0,14.0,4.0,6.0,2.0,1.0,0.0,0.0
4792,26,19,2,0.0,1.0,2,18.0,7.0,5.0,4.0,11.0,7.0,5.0,4.0,0.0,0.0,0.0,0.0
4793,28,29,0,1.0,0.0,0,12.0,4.0,5.0,2.0,11.0,14.0,8.0,8.0,3.0,2.0,0.0,0.0
4794,14,35,0,4.0,0.0,0,25.0,11.0,18.0,7.0,9.0,8.0,8.0,5.0,0.0,1.0,0.0,0.0
4795,42,3,0,1.0,0.0,0,19.0,0.0,8.0,0.0,5.0,14.0,6.0,1.0,0.0,0.0,0.0,0.0
4796,44,1,1,0.0,0.0,1,13.0,8.0,7.0,5.0,14.0,16.0,10.0,3.0,0.0,4.0,0.0,0.0
4797,40,5,1,1.0,1.0,1,12.0,16.0,6.0,9.0,8.0,16.0,7.0,5.0,1.0,0.0,0.0,0.0
4798,18,19,0,3.0,0.0,0,11.0,6.0,7.0,5.0,13.0,8.0,3.0,5.0,1.0,1.0,0.0,0.0
4799,39,0,1,1.0,1.0,1,6.0,17.0,4.0,10.0,8.0,10.0,2.0,6.0,1.0,2.0,0.0,0.0
4800,46,31,0,4.0,0.0,0,10.0,11.0,8.0,3.0,14.0,12.0,4.0,1.0,2.0,1.0,0.0,0.0
4801,32,26,2,0.0,2.0,2,8.0,15.0,3.0,9.0,9.0,4.0,5.0,7.0,4.0,0.0,0.0,0.0
4802,41,47,1,4.0,2.0,0,10.0,15.0,8.0,9.0,8.0,8.0,2.0,6.0,2.0,1.0,0.0,0.0
4803,1,5,2,0.0,0.0,1,17.0,12.0,6.0,11.0,9.0,16.0,9.0,6.0,1.0,2.0,0.0,0.0
4804,47,28,2,0.0,1.0,2,7.0,17.0,4.0,9.0,6.0,10.0,7.0,4.0,0.0,1.0,0.0,0.0
4805,26,44,2,0.0,0.0,1,28.0,9.0,12.0,4.0,10.0,8.0,15.0,3.0,2.0,0.0,0.0,0.0
4806,29,18,1,1.0,1.0,1,20.0,17.0,11.0,10.0,8.0,11.0,5.0,2.0,1.0,2.0,0.0,0.0
4807,5,41,1,1.0,1.0,1,7.0,20.0,5.0,12.0,19.0,7.0,8.0,10.0,2.0,1.0,0.0,0.0
4808,1,40,1,0.0,0.0,1,12.0,10.0,7.0,5.0,11.0,8.0,8.0,5.0,0.0,2.0,0.0,1.0
4809,19,46,0,0.0,0.0,1,15.0,9.0,9.0,5.0,11.0,16.0,4.0,0.0,1.0,2.0,0.0,0.0
4810,3,32,0,1.0,0.0,0,9.0,12.0,6.0,5.0,8.0,13.0,9.0,7.0,1.0,1.0,0.0,0.0
4811,0,14,1,0.0,0.0,1,13.0,13.0,8.0,7.0,11.0,11.0,7.0,7.0,3.0,4.0,0.0,0.0
4812,31,39,0,2.0,0.0,0,16.0,7.0,11.0,2.0,8.0,10.0,4.0,5.0,0.0,2.0,0.0,0.0
4813,35,42,0,1.0,0.0,0,12.0,17.0,5.0,8.0,13.0,10.0,4.0,13.0,4.0,0.0,1.0,0.0
4814,0,46,2,1.0,2.0,2,18.0,12.0,8.0,7.0,15.0,13.0,9.0,3.0,2.0,3.0,0.0,0.0
4815,29,1,0,2.0,0.0,0,24.0,10.0,16.0,4.0,9.0,7.0,11.0,4.0,3.0,3.0,0.0,0.0
4816,44,35,0,1.0,0.0,0,15.0,16.0,10.0,6.0,13.0,11.0,6.0,8.0,3.0,1.0,0.0,0.0
4817,32,28,2,0.0,2.0,2,16.0,22.0,8.0,17.0,10.0,5.0,3.0,5.0,1.0,2.0,0.0,0.0
4818,40,47,1,0.0,0.0,1,15.0,12.0,6.0,8.0,4.0,11.0,8.0,4.0,0.0,1.0,0.0,0.0
4819,41,3,0,2.0,0.0,0,16.0,7.0,8.0,2.0,8.0,12.0,7.0,3.0,0.0,2.0,0.0,0.0
4820,46,29,0,0.0,0.0,1,11.0,8.0,8.0,3.0,8.0,14.0,7.0,3.0,1.0,2.0,0.0,0.0
4821,35,41,0,1.0,0.0,0,16.0,9.0,8.0,6.0,9.0,10.0,6.0,9.0,2.0,0.0,0.0,0.0
4822,28,44,0,1.0,0.0,0,17.0,4.0,12.0,1.0,7.0,9.0,6.0,2.0,0.0,0.0,0.0,0.0
4823,47,0,2,0.0,2.0,2,9.0,10.0,6.0,7.0,9.0,4.0,6.0,4.0,3.0,0.0,1.0,0.0
4824,3,26,2,1.0,2.0,2,10.0,16.0,4.0,12.0,16.0,12.0,4.0,4.0,4.0,5.0,0.0,1.0
4825,42,32,2,1.0,1.0,1,13.0,12.0,9.0,6.0,12.0,12.0,10.0,3.0,1.0,2.0,0.0,0.0
4826,31,5,0,0.0,0.0,1,8.0,9.0,4.0,6.0,7.0,18.0,6.0,5.0,1.0,1.0,0.0,0.0
4827,1,39,1,1.0,0.0,0,7.0,7.0,3.0,3.0,9.0,9.0,5.0,4.0,3.0,0.0,0.0,0.0
4828,19,14,1,0.0,1.0,2,11.0,12.0,9.0,4.0,5.0,16.0,7.0,11.0,1.0,3.0,0.0,0.0
4829,18,40,0,0.0,0.0,1,22.0,3.0,12.0,0.0,7.0,12.0,5.0,2.0,0.0,2.0,0.0,0.0
4830,0,28,0,0.0,0.0,1,12.0,7.0,7.0,2.0,13.0,14.0,7.0,6.0,2.0,4.0,0.0,1.0
4831,29,35,0,1.0,0.0,0,24.0,9.0,14.0,7.0,13.0,10.0,11.0,5.0,1.0,0.0,0.0,1.0
4832,5,19,2,0.0,2.0,2,13.0,11.0,7.0,8.0,11.0,9.0,5.0,3.0,1.0,0.0,0.0,0.0
4833,40,42,1,0.0,0.0,1,12.0,15.0,9.0,8.0,12.0,10.0,11.0,4.0,2.0,2.0,0.0,0.0
4834,32,18,1,1.0,1.0,1,14.0,9.0,11.0,5.0,7.0,17.0,2.0,4.0,0.0,3.0,0.0,0.0
4835,44,3,0,1.0,0.0,0,9.0,16.0,6.0,10.0,5.0,7.0,8.0,4.0,1.0,1.0,0.0,1.0
4836,26,1,1,0.0,1.0,2,21.0,5.0,5.0,3.0,4.0,9.0,11.0,3.0,1.0,1.0,0.0,0.0
4837,39,47,0,1.0,1.0,1,14.0,9.0,6.0,5.0,7.0,11.0,3.0,8.0,1.0,1.0,0.0,0.0
4838,14,46,0,0.0,0.0,1,19.0,13.0,10.0,7.0,14.0,11.0,5.0,3.0,2.0,2.0,0.0,0.0
4839,41,31,2,0.0,1.0,2,19.0,5.0,13.0,4.0,10.0,7.0,7.0,0.0,1.0,1.0,0.0,0.0
4840,3,29,2,0.0,0.0,1,11.0,14.0,6.0,6.0,8.0,5.0,2.0,10.0,1.0,1.0,0.0,0.0
4841,31,26,0,1.0,0.0,0,11.0,9.0,7.0,6.0,10.0,11.0,3.0,6.0,3.0,3.0,0.0,1.0
4842,42,41,0,1.0,0.0,0,15.0,11.0,10.0,7.0,11.0,12.0,7.0,7.0,0.0,0.0,0.0,0.0
4843,46,39,0,0.0,0.0,1,13.0,6.0,11.0,2.0,14.0,13.0,8.0,1.0,2.0,4.0,0.0,0.0
4844,19,32,0,2.0,0.0,0,14.0,16.0,9.0,8.0,11.0,9.0,6.0,7.0,1.0,2.0,0.0,0.0
4845,35,0,0,1.0,1.0,1,10.0,13.0,8.0,7.0,13.0,9.0,4.0,6.0,5.0,2.0,0.0,0.0
4846,28,40,1,1.0,2.0,2,19.0,8.0,10.0,4.0,11.0,13.0,17.0,5.0,1.0,1.0,0.0,0.0
4847,1,14,2,0.0,1.0,2,9.0,12.0,5.0,9.0,13.0,5.0,6.0,4.0,1.0,0.0,0.0,0.0
4848,18,44,0,1.0,0.0,0,16.0,9.0,9.0,5.0,8.0,12.0,5.0,2.0,2.0,1.0,0.0,0.0
4849,47,5,2,0.0,0.0,1,14.0,19.0,8.0,11.0,11.0,11.0,13.0,4.0,1.0,1.0,0.0,0.0
4850,29,19,0,1.0,0.0,0,19.0,5.0,16.0,4.0,17.0,6.0,7.0,1.0,1.0,0.0,0.0,0.0
4851,44,31,2,0.0,3.0,2,14.0,10.0,6.0,7.0,10.0,4.0,10.0,4.0,0.0,1.0,0.0,0.0
4852,5,3,0,2.0,0.0,0,12.0,10.0,6.0,4.0,8.0,3.0,11.0,4.0,0.0,2.0,0.0,0.0
4853,32,47,0,2.0,1.0,0,15.0,10.0,11.0,6.0,13.0,7.0,5.0,5.0,2.0,2.0,1.0,0.0
4854,26,46,2,0.0,1.0,2,12.0,6.0,9.0,5.0,14.0,10.0,6.0,0.0,1.0,2.0,0.0,0.0
4855,14,42,1,0.0,0.0,1,10.0,19.0,5.0,7.0,9.0,11.0,6.0,5.0,1.0,2.0,0.0,0.0
4856,41,18,2,0.0,0.0,1,10.0,15.0,3.0,8.0,10.0,10.0,3.0,3.0,1.0,2.0,0.0,0.0
4857,0,1,0,2.0,0.0,0,20.0,3.0,12.0,2.0,6.0,13.0,15.0,5.0,0.0,5.0,0.0,0.0
4858,40,35,0,1.0,0.0,0,15.0,10.0,8.0,6.0,11.0,9.0,5.0,2.0,2.0,3.0,0.0,1.0
4859,39,28,1,0.0,0.0,1,10.0,16.0,3.0,11.0,15.0,12.0,5.0,7.0,1.0,2.0,0.0,0.0
4860,35,26,0,0.0,0.0,1,10.0,18.0,5.0,11.0,8.0,6.0,7.0,17.0,0.0,0.0,0.0,0.0
4861,28,14,0,0.0,0.0,1,20.0,6.0,10.0,5.0,8.0,7.0,11.0,4.0,1.0,2.0,0.0,0.0
4862,42,39,1,0.0,0.0,1,24.0,8.0,18.0,2.0,10.0,10.0,13.0,1.0,1.0,1.0,0.0,0.0
4863,18,0,2,0.0,1.0,2,7.0,12.0,2.0,8.0,11.0,11.0,4.0,6.0,2.0,1.0,0.0,0.0
4864,3,40,0,0.0,0.0,1,16.0,2.0,9.0,0.0,13.0,10.0,7.0,8.0,0.0,1.0,0.0,0.0
4865,47,29,2,0.0,3.0,2,7.0,22.0,3.0,18.0,6.0,11.0,4.0,7.0,1.0,1.0,1.0,0.0
4866,31,32,0,1.0,0.0,0,15.0,12.0,10.0,5.0,8.0,15.0,4.0,5.0,0.0,3.0,0.0,0.0
4867,46,44,1,0.0,0.0,1,20.0,8.0,6.0,2.0,8.0,10.0,13.0,5.0,2.0,4.0,0.0,0.0
4868,19,41,2,0.0,1.0,2,14.0,10.0,7.0,7.0,8.0,7.0,6.0,2.0,0.0,0.0,0.0,0.0
4869,26,18,0,1.0,0.0,0,15.0,5.0,10.0,3.0,6.0,7.0,4.0,4.0,1.0,4.0,0.0,0.0
4870,0,31,0,1.0,1.0,1,21.0,5.0,13.0,3.0,11.0,12.0,6.0,3.0,2.0,3.0,0.0,0.0
4871,32,46,1,1.0,0.0,0,13.0,18.0,6.0,9.0,12.0,7.0,3.0,5.0,4.0,4.0,0.0,0.0
4872,29,44,0,1.0,0.0,0,20.0,6.0,9.0,3.0,5.0,13.0,8.0,5.0,0.0,1.0,0.0,1.0
4873,41,28,0,0.0,0.0,1,8.0,18.0,5.0,13.0,9.0,14.0,7.0,9.0,0.0,2.0,0.0,0.0
4874,14,39,0,0.0,0.0,1,21.0,8.0,11.0,3.0,12.0,15.0,14.0,1.0,1.0,2.0,0.0,1.0
4875,40,26,0,0.0,0.0,1,6.0,9.0,1.0,5.0,13.0,15.0,3.0,2.0,1.0,1.0,0.0,0.0
4876,47,3,2,0.0,1.0,2,14.0,12.0,7.0,8.0,10.0,10.0,3.0,4.0,1.0,2.0,0.0,0.0
4877,18,42,0,1.0,0.0,0,9.0,21.0,5.0,9.0,13.0,11.0,0.0,8.0,2.0,2.0,0.0,0.0
4878,5,35,0,1.0,0.0,0,11.0,17.0,7.0,11.0,13.0,13.0,10.0,6.0,2.0,2.0,0.0,0.0
4879,1,19,0,0.0,0.0,1,19.0,5.0,8.0,1.0,9.0,11.0,10.0,4.0,2.0,0.0,0.0,0.0
4880,42,29,2,0.0,1.0,2,18.0,6.0,9.0,5.0,8.0,10.0,7.0,3.0,1.0,2.0,0.0,0.0
4881,19,47,0,2.0,0.0,0,25.0,8.0,19.0,3.0,7.0,9.0,7.0,7.0,1.0,2.0,0.0,0.0
4882,31,40,1,0.0,1.0,2,24.0,7.0,12.0,6.0,14.0,14.0,19.0,4.0,5.0,3.0,0.0,1.0
4883,26,0,2,1.0,1.0,1,12.0,10.0,4.0,7.0,11.0,9.0,12.0,0.0,0.0,1.0,0.0,0.0
4884,35,18,1,1.0,1.0,1,22.0,8.0,10.0,5.0,16.0,15.0,7.0,7.0,1.0,2.0,0.0,0.0
4885,46,41,2,0.0,1.0,2,14.0,12.0,8.0,8.0,15.0,7.0,8.0,4.0,2.0,2.0,0.0,1.0
4886,28,5,0,1.0,0.0,0,23.0,8.0,10.0,5.0,13.0,8.0,7.0,4.0,0.0,0.0,0.0,0.0
4887,44,14,0,0.0,0.0,1,19.0,13.0,11.0,6.0,9.0,10.0,14.0,5.0,3.0,1.0,0.0,0.0
4888,3,1,1,0.0,1.0,2,15.0,17.0,9.0,12.0,9.0,5.0,4.0,8.0,1.0,0.0,0.0,0.0
4889,39,32,0,0.0,0.0,1,11.0,7.0,7.0,5.0,10.0,16.0,8.0,2.0,0.0,2.0,0.0,0.0
4890,0,42,0,2.0,2.0,1,21.0,8.0,13.0,4.0,15.0,12.0,7.0,5.0,3.0,3.0,0.0,1.0
4891,39,41,0,2.0,0.0,0,9.0,11.0,6.0,6.0,13.0,7.0,8.0,4.0,1.0,0.0,0.0,0.0
4892,32,29,2,0.0,1.0,2,16.0,11.0,7.0,9.0,9.0,10.0,4.0,4.0,1.0,2.0,0.0,0.0
4893,31,47,1,2.0,0.0,0,13.0,7.0,8.0,6.0,8.0,8.0,3.0,3.0,1.0,1.0,0.0,0.0
4894,46,1,1,0.0,0.0,1,14.0,10.0,6.0,3.0,8.0,8.0,14.0,7.0,0.0,4.0,0.0,0.0
4895,35,19,2,0.0,1.0,2,17.0,7.0,8.0,3.0,17.0,12.0,6.0,5.0,1.0,4.0,1.0,0.0
4896,14,5,0,0.0,0.0,1,25.0,8.0,16.0,1.0,7.0,13.0,14.0,7.0,0.0,1.0,0.0,0.0
4897,44,40,0,2.0,0.0,0,18.0,10.0,13.0,4.0,6.0,8.0,7.0,0.0,1.0,1.0,0.0,0.0
4898,28,3,0,1.0,0.0,0,20.0,2.0,13.0,2.0,6.0,10.0,10.0,3.0,0.0,2.0,0.0,0.0
4899,1,28,2,0.0,0.0,1,9.0,17.0,5.0,10.0,15.0,5.0,5.0,8.0,3.0,0.0,0.0,0.0
4900,47,44,2,1.0,1.0,1,10.0,26.0,8.0,16.0,6.0,11.0,12.0,8.0,1.0,0.0,0.0,0.0
4901,41,32,2,1.0,0.0,0,16.0,18.0,9.0,11.0,6.0,12.0,6.0,8.0,0.0,2.0,0.0,0.0
4902,29,26,0,0.0,0.0,1,11.0,9.0,6.0,6.0,10.0,11.0,4.0,3.0,1.0,1.0,0.0,0.0
4903,40,0,2,0.0,0.0,1,8.0,10.0,5.0,8.0,7.0,7.0,7.0,3.0,2.0,1.0,0.0,0.0
4904,3,35,0,3.0,0.0,0,7.0,25.0,5.0,13.0,11.0,10.0,5.0,6.0,1.0,1.0,0.0,0.0
4905,5,46,2,0.0,1.0,2,13.0,10.0,8.0,6.0,19.0,10.0,7.0,7.0,3.0,2.0,0.0,0.0
4906,18,14,0,1.0,0.0,0,10.0,8.0,7.0,7.0,13.0,12.0,2.0,4.0,0.0,3.0,0.0,0.0
4907,19,39,0,2.0,0.0,0,11.0,12.0,4.0,4.0,12.0,6.0,5.0,4.0,1.0,2.0,0.0,0.0
4908,42,31,0,4.0,0.0,0,18.0,7.0,9.0,3.0,7.0,9.0,4.0,3.0,2.0,1.0,0.0,0.0
4909,26,42,1,0.0,0.0,1,15.0,9.0,10.0,6.0,6.0,11.0,7.0,4.0,2.0,2.0,0.0,0.0
4910,14,29,1,1.0,0.0,0,19.0,14.0,10.0,10.0,14.0,13.0,6.0,6.0,2.0,1.0,0.0,0.0
4911,31,1,0,1.0,1.0,1,16.0,13.0,8.0,8.0,6.0,11.0,4.0,4.0,1.0,2.0,0.0,0.0
4912,35,47,2,1.0,0.0,0,13.0,14.0,8.0,6.0,7.0,14.0,7.0,3.0,0.0,3.0,1.0,0.0
4913,0,3,0,3.0,1.0,0,20.0,3.0,11.0,3.0,9.0,14.0,11.0,1.0,2.0,3.0,0.0,1.0
4914,46,18,1,0.0,0.0,1,2.0,8.0,1.0,4.0,12.0,8.0,4.0,3.0,2.0,0.0,0.0,0.0
4915,44,41,2,0.0,0.0,1,18.0,15.0,11.0,8.0,11.0,6.0,8.0,7.0,2.0,1.0,0.0,0.0
4916,28,19,0,2.0,0.0,0,16.0,11.0,10.0,8.0,8.0,7.0,4.0,6.0,1.0,3.0,0.0,0.0
4917,32,5,0,0.0,0.0,1,22.0,10.0,9.0,6.0,6.0,6.0,4.0,7.0,0.0,0.0,0.0,0.0
4918,39,40,2,0.0,0.0,1,9.0,4.0,6.0,2.0,12.0,6.0,5.0,5.0,0.0,1.0,1.0,0.0
4919,3,31,2,0.0,1.0,2,23.0,9.0,12.0,5.0,9.0,17.0,14.0,2.0,1.0,2.0,0.0,0.0
4920,5,0,1,0.0,0.0,1,14.0,16.0,8.0,7.0,8.0,10.0,6.0,6.0,1.0,1.0,0.0,0.0
4921,1,35,1,1.0,2.0,2,23.0,3.0,15.0,3.0,3.0,12.0,9.0,3.0,0.0,1.0,0.0,0.0
4922,19,44,1,0.0,0.0,1,13.0,15.0,6.0,11.0,6.0,7.0,8.0,7.0,1.0,0.0,0.0,0.0
4923,40,32,0,2.0,0.0,0,10.0,12.0,6.0,4.0,6.0,14.0,3.0,6.0,1.0,1.0,0.0,0.0
4924,18,28,0,0.0,0.0,1,9.0,17.0,4.0,11.0,12.0,9.0,3.0,9.0,1.0,2.0,0.0,0.0
4925,47,26,2,0.0,0.0,1,5.0,23.0,1.0,14.0,6.0,8.0,5.0,4.0,1.0,3.0,0.0,0.0
4926,41,14,1,1.0,0.0,0,7.0,20.0,5.0,10.0,10.0,19.0,1.0,11.0,2.0,3.0,0.0,1.0
4927,42,46,0,2.0,0.0,0,20.0,10.0,13.0,6.0,7.0,7.0,5.0,0.0,0.0,1.0,0.0,0.0
4928,29,39,0,1.0,0.0,0,11.0,8.0,7.0,3.0,9.0,14.0,9.0,2.0,1.0,3.0,0.0,0.0
4929,28,42,0,0.0,0.0,1,13.0,12.0,7.0,7.0,7.0,10.0,9.0,4.0,2.0,1.0,0.0,0.0
4930,0,29,2,0.0,1.0,2,12.0,9.0,6.0,5.0,15.0,6.0,0.0,5.0,5.0,2.0,0.0,0.0
4931,18,3,1,1.0,0.0,0,15.0,14.0,8.0,8.0,15.0,13.0,5.0,8.0,2.0,2.0,0.0,0.0
4932,5,26,0,2.0,1.0,0,15.0,11.0,8.0,8.0,10.0,13.0,5.0,5.0,0.0,2.0,0.0,0.0
4933,40,41,0,1.0,0.0,0,7.0,11.0,2.0,4.0,9.0,6.0,2.0,4.0,0.0,0.0,0.0,0.0
4934,32,14,1,0.0,0.0,1,5.0,19.0,3.0,9.0,5.0,4.0,1.0,11.0,0.0,0.0,0.0,0.0
4935,35,46,0,2.0,0.0,0,16.0,9.0,8.0,4.0,10.0,15.0,7.0,1.0,2.0,2.0,0.0,0.0
4936,19,31,0,0.0,1.0,2,10.0,15.0,7.0,9.0,8.0,12.0,2.0,6.0,0.0,4.0,0.0,0.0
4937,47,1,2,2.0,1.0,0,13.0,11.0,9.0,5.0,11.0,8.0,12.0,3.0,1.0,0.0,1.0,0.0
4938,39,44,2,0.0,1.0,2,10.0,15.0,3.0,6.0,10.0,10.0,5.0,1.0,0.0,0.0,0.0,0.0
4939,46,28,2,0.0,1.0,2,7.0,12.0,4.0,8.0,16.0,15.0,4.0,5.0,3.0,3.0,0.0,0.0
4940,31,35,0,1.0,0.0,0,9.0,15.0,4.0,9.0,5.0,9.0,3.0,2.0,0.0,4.0,0.0,0.0
4941,41,0,0,1.0,1.0,1,9.0,14.0,5.0,9.0,9.0,9.0,9.0,2.0,0.0,0.0,0.0,0.0
4942,42,47,1,0.0,1.0,2,22.0,5.0,10.0,3.0,6.0,12.0,8.0,1.0,1.0,3.0,0.0,0.0
4943,29,5,0,1.0,0.0,0,19.0,11.0,9.0,5.0,7.0,7.0,11.0,3.0,0.0,1.0,0.0,0.0
4944,14,40,0,1.0,0.0,0,21.0,9.0,10.0,4.0,9.0,9.0,8.0,2.0,3.0,1.0,0.0,0.0
4945,26,39,1,0.0,0.0,1,13.0,3.0,5.0,1.0,6.0,11.0,11.0,1.0,0.0,3.0,0.0,0.0
4946,44,32,2,0.0,1.0,2,16.0,7.0,8.0,4.0,6.0,14.0,10.0,5.0,0.0,1.0,0.0,0.0
4947,3,19,0,1.0,0.0,0,15.0,17.0,11.0,7.0,14.0,11.0,0.0,9.0,1.0,1.0,1.0,0.0
4948,1,18,1,0.0,0.0,1,17.0,7.0,11.0,4.0,12.0,11.0,9.0,3.0,1.0,1.0,0.0,0.0
4949,42,18,0,1.0,0.0,0,14.0,11.0,7.0,4.0,5.0,15.0,6.0,4.0,1.0,3.0,0.0,0.0
4950,31,29,0,1.0,0.0,0,10.0,6.0,6.0,6.0,16.0,15.0,4.0,4.0,1.0,2.0,0.0,0.0
4951,18,5,2,0.0,0.0,1,10.0,12.0,4.0,7.0,7.0,11.0,5.0,10.0,1.0,3.0,0.0,0.0
4952,28,26,0,2.0,0.0,0,10.0,18.0,8.0,10.0,13.0,7.0,5.0,6.0,1.0,2.0,1.0,0.0
4953,46,40,2,0.0,1.0,2,20.0,10.0,10.0,9.0,9.0,6.0,9.0,6.0,1.0,0.0,0.0,0.0
4954,42,44,0,0.0,0.0,1,20.0,8.0,14.0,2.0,3.0,14.0,14.0,7.0,0.0,5.0,0.0,0.0
4955,1,41,2,0.0,1.0,2,10.0,8.0,2.0,4.0,11.0,6.0,14.0,0.0,2.0,4.0,0.0,0.0
4956,47,14,2,0.0,0.0,1,9.0,15.0,5.0,10.0,9.0,10.0,0.0,5.0,3.0,2.0,0.0,0.0
4957,19,0,0,0.0,1.0,2,21.0,17.0,8.0,10.0,6.0,12.0,4.0,3.0,0.0,1.0,0.0,1.0
4958,3,39,2,0.0,2.0,2,14.0,8.0,7.0,3.0,8.0,7.0,8.0,3.0,2.0,1.0,0.0,0.0
4959,35,32,2,1.0,1.0,1,9.0,13.0,6.0,6.0,12.0,12.0,2.0,5.0,2.0,1.0,1.0,0.0
4960,40,28,0,0.0,0.0,1,8.0,25.0,5.0,11.0,7.0,6.0,1.0,10.0,1.0,1.0,0.0,0.0
4961,44,18,2,0.0,0.0,1,10.0,13.0,2.0,8.0,10.0,8.0,2.0,7.0,0.0,2.0,0.0,0.0
4962,14,1,2,1.0,1.0,1,16.0,12.0,5.0,9.0,7.0,13.0,9.0,2.0,1.0,1.0,0.0,0.0
4963,5,47,1,1.0,0.0,0,13.0,8.0,9.0,5.0,11.0,8.0,3.0,6.0,0.0,0.0,0.0,0.0
4964,29,3,2,0.0,1.0,2,26.0,10.0,13.0,5.0,8.0,10.0,17.0,3.0,2.0,2.0,0.0,0.0
4965,0,35,0,0.0,0.0,1,16.0,6.0,7.0,3.0,11.0,13.0,12.0,4.0,2.0,2.0,0.0,0.0
4966,41,42,1,0.0,1.0,2,14.0,12.0,8.0,7.0,8.0,4.0,10.0,5.0,1.0,2.0,0.0,0.0
4967,39,46,1,0.0,1.0,2,12.0,10.0,3.0,6.0,14.0,5.0,8.0,5.0,2.0,3.0,0.0,1.0
4968,32,19,1,0.0,1.0,2,18.0,11.0,9.0,6.0,9.0,6.0,4.0,3.0,0.0,0.0,0.0,0.0
4969,26,31,0,1.0,1.0,1,15.0,5.0,7.0,2.0,7.0,11.0,7.0,0.0,0.0,2.0,0.0,0.0
4970,0,47,1,1.0,1.0,1,23.0,6.0,17.0,4.0,3.0,12.0,13.0,3.0,2.0,3.0,0.0,1.0
4971,32,42,2,0.0,0.0,1,8.0,19.0,4.0,8.0,7.0,6.0,3.0,10.0,1.0,1.0,0.0,0.0
4972,41,35,1,1.0,0.0,0,7.0,12.0,4.0,7.0,9.0,12.0,5.0,11.0,1.0,3.0,0.0,0.0
4973,26,3,1,0.0,1.0,2,28.0,5.0,13.0,2.0,5.0,15.0,9.0,2.0,1.0,0.0,0.0,0.0
4974,40,18,1,1.0,0.0,0,12.0,9.0,8.0,3.0,6.0,14.0,5.0,6.0,0.0,1.0,0.0,0.0
4975,39,1,1,0.0,0.0,1,7.0,10.0,2.0,4.0,13.0,10.0,7.0,7.0,3.0,0.0,0.0,0.0
4976,44,28,1,0.0,0.0,1,7.0,18.0,3.0,9.0,8.0,8.0,5.0,9.0,0.0,1.0,0.0,0.0
4977,5,31,2,0.0,0.0,1,4.0,12.0,3.0,7.0,9.0,11.0,4.0,4.0,1.0,1.0,0.0,0.0
4978,29,46,0,2.0,0.0,0,17.0,9.0,9.0,5.0,12.0,10.0,10.0,2.0,2.0,1.0,0.0,1.0
4979,14,19,1,0.0,0.0,1,24.0,9.0,15.0,6.0,10.0,12.0,9.0,3.0,1.0,1.0,0.0,0.0
4980,42,14,1,1.0,1.0,1,16.0,20.0,10.0,10.0,14.0,8.0,7.0,4.0,2.0,2.0,0.0,0.0
4981,18,41,0,0.0,0.0,1,13.0,4.0,6.0,4.0,8.0,13.0,9.0,2.0,1.0,2.0,0.0,0.0
4982,19,29,2,0.0,3.0,2,13.0,14.0,8.0,12.0,7.0,8.0,3.0,10.0,1.0,0.0,0.0,0.0
4983,46,26,1,0.0,0.0,1,15.0,18.0,10.0,10.0,16.0,12.0,7.0,14.0,1.0,2.0,0.0,0.0
4984,31,44,2,1.0,2.0,2,21.0,14.0,11.0,8.0,9.0,10.0,10.0,1.0,1.0,0.0,0.0,0.0
4985,28,39,0,2.0,0.0,0,20.0,2.0,16.0,0.0,7.0,5.0,5.0,2.0,2.0,1.0,0.0,0.0
4986,1,0,2,0.0,1.0,2,10.0,8.0,4.0,6.0,10.0,8.0,7.0,15.0,2.0,3.0,1.0,0.0
4987,35,40,2,0.0,1.0,2,17.0,17.0,9.0,13.0,10.0,11.0,8.0,11.0,2.0,2.0,0.0,0.0
4988,47,32,1,1.0,1.0,1,18.0,18.0,9.0,14.0,5.0,11.0,4.0,6.0,2.0,2.0,0.0,0.0
4989,3,5,2,0.0,2.0,2,17.0,8.0,7.0,5.0,10.0,7.0,5.0,9.0,3.0,0.0,0.0,0.0
4990,28,0,0,0.0,0.0,1,15.0,12.0,9.0,8.0,13.0,10.0,4.0,6.0,2.0,3.0,0.0,0.0
4991,35,29,2,0.0,1.0,2,11.0,19.0,3.0,12.0,5.0,7.0,5.0,10.0,1.0,2.0,0.0,0.0
4992,42,40,0,0.0,0.0,1,16.0,8.0,12.0,4.0,6.0,8.0,6.0,0.0,1.0,2.0,0.0,0.0
4993,1,26,2,0.0,2.0,2,16.0,19.0,8.0,12.0,5.0,14.0,4.0,10.0,1.0,2.0,0.0,0.0
4994,31,41,1,0.0,0.0,1,17.0,3.0,6.0,0.0,11.0,11.0,9.0,1.0,1.0,1.0,0.0,0.0
4995,3,44,2,0.0,0.0,1,17.0,13.0,14.0,6.0,7.0,10.0,3.0,7.0,1.0,1.0,0.0,0.0
4996,19,5,0,2.0,0.0,0,16.0,14.0,9.0,6.0,6.0,11.0,8.0,4.0,1.0,3.0,0.0,0.0
4997,18,32,1,0.0,1.0,2,28.0,7.0,15.0,1.0,9.0,12.0,13.0,0.0,1.0,1.0,0.0,0.0
4998,46,14,1,0.0,0.0,1,15.0,10.0,7.0,5.0,8.0,6.0,7.0,5.0,0.0,0.0,0.0,0.0
4999,47,39,2,1.0,0.0,0,10.0,8.0,5.0,4.0,8.0,11.0,7.0,5.0,2.0,4.0,0.0,0.0
5000,14,28,0,1.0,1.0,1,13.0,7.0,7.0,4.0,11.0,18.0,5.0,1.0,4.0,2.0,0.0,1.0
5001,40,3,0,0.0,1.0,2,22.0,3.0,12.0,2.0,11.0,7.0,9.0,0.0,2.0,2.0,0.0,0.0
5002,39,42,0,2.0,0.0,0,10.0,15.0,7.0,12.0,8.0,7.0,7.0,12.0,2.0,2.0,0.0,1.0
5003,26,35,0,0.0,0.0,1,21.0,6.0,15.0,2.0,12.0,5.0,17.0,5.0,2.0,0.0,0.0,0.0
5004,29,47,0,2.0,0.0,0,22.0,11.0,18.0,8.0,7.0,8.0,8.0,2.0,1.0,0.0,0.0,0.0
5005,32,31,0,1.0,1.0,1,13.0,11.0,11.0,8.0,9.0,8.0,7.0,2.0,3.0,2.0,0.0,1.0
5006,0,18,0,0.0,0.0,1,12.0,7.0,7.0,1.0,7.0,14.0,7.0,4.0,2.0,2.0,0.0,0.0
5007,5,1,2,0.0,2.0,2,17.0,17.0,12.0,11.0,10.0,7.0,6.0,10.0,1.0,2.0,0.0,0.0
5008,41,19,0,0.0,0.0,1,16.0,12.0,8.0,7.0,8.0,7.0,6.0,5.0,1.0,1.0,0.0,0.0
5009,44,46,2,1.0,1.0,1,13.0,7.0,8.0,4.0,9.0,7.0,13.0,2.0,1.0,1.0,0.0,0.0
5010,19,26,0,0.0,0.0,1,19.0,17.0,13.0,9.0,12.0,9.0,2.0,10.0,3.0,1.0,0.0,1.0
5011,47,40,0,0.0,0.0,1,15.0,18.0,10.0,12.0,10.0,12.0,8.0,3.0,2.0,3.0,0.0,0.0
5012,18,39,2,0.0,1.0,2,11.0,7.0,4.0,4.0,14.0,13.0,10.0,6.0,0.0,1.0,0.0,0.0
5013,1,29,2,0.0,1.0,2,7.0,11.0,3.0,5.0,4.0,11.0,5.0,5.0,0.0,0.0,0.0,0.0
5014,42,5,0,1.0,0.0,0,25.0,13.0,16.0,9.0,10.0,5.0,7.0,6.0,0.0,2.0,0.0,1.0
5015,28,32,0,1.0,0.0,0,21.0,5.0,16.0,2.0,8.0,7.0,12.0,4.0,0.0,1.0,0.0,0.0
5016,46,0,2,0.0,2.0,2,7.0,16.0,4.0,10.0,8.0,12.0,4.0,5.0,3.0,2.0,0.0,0.0
5017,35,44,1,1.0,0.0,0,14.0,15.0,4.0,10.0,7.0,9.0,3.0,5.0,0.0,3.0,0.0,0.0
5018,3,41,0,2.0,1.0,0,14.0,10.0,9.0,5.0,12.0,13.0,3.0,4.0,1.0,1.0,0.0,1.0
5019,31,14,2,0.0,1.0,2,16.0,21.0,9.0,13.0,7.0,6.0,6.0,5.0,2.0,3.0,0.0,0.0
5020,26,28,1,1.0,1.0,1,17.0,7.0,9.0,3.0,11.0,13.0,8.0,5.0,1.0,4.0,0.0,1.0
5021,41,1,1,0.0,0.0,1,6.0,9.0,2.0,4.0,9.0,17.0,4.0,6.0,3.0,4.0,0.0,0.0
5022,14,47,0,3.0,0.0,0,17.0,7.0,11.0,2.0,10.0,10.0,9.0,2.0,1.0,2.0,0.0,0.0
5023,32,35,0,1.0,0.0,0,15.0,13.0,8.0,4.0,15.0,7.0,6.0,4.0,1.0,0.0,0.0,0.0
5024,5,18,2,0.0,0.0,1,8.0,17.0,7.0,14.0,9.0,10.0,2.0,4.0,1.0,1.0,1.0,0.0
5025,44,42,2,1.0,1.0,1,9.0,23.0,5.0,14.0,11.0,13.0,1.0,10.0,2.0,1.0,0.0,0.0
5026,40,46,2,1.0,1.0,1,17.0,7.0,11.0,4.0,12.0,13.0,3.0,2.0,3.0,1.0,0.0,0.0
5027,39,3,0,1.0,0.0,0,8.0,16.0,5.0,12.0,10.0,5.0,2.0,6.0,0.0,0.0,0.0,0.0
5028,0,19,1,0.0,0.0,1,20.0,10.0,12.0,6.0,9.0,7.0,13.0,4.0,1.0,3.0,0.0,0.0
5029,29,31,1,0.0,0.0,1,23.0,8.0,13.0,6.0,12.0,15.0,11.0,3.0,1.0,4.0,0.0,1.0
5030,42,1,0,2.0,0.0,0,20.0,5.0,9.0,1.0,4.0,5.0,11.0,3.0,0.0,2.0,0.0,0.0
5031,14,26,2,0.0,1.0,2,18.0,9.0,5.0,3.0,13.0,11.0,6.0,5.0,3.0,2.0,0.0,0.0
5032,41,29,2,0.0,1.0,2,9.0,13.0,6.0,7.0,6.0,9.0,6.0,2.0,0.0,1.0,0.0,0.0
5033,32,0,2,1.0,1.0,1,7.0,20.0,4.0,14.0,11.0,9.0,1.0,6.0,3.0,0.0,0.0,0.0
5034,18,47,0,1.0,1.0,1,13.0,4.0,9.0,1.0,14.0,13.0,9.0,1.0,1.0,2.0,0.0,0.0
5035,40,19,1,0.0,0.0,1,13.0,13.0,8.0,9.0,8.0,12.0,6.0,7.0,1.0,1.0,0.0,0.0
5036,28,31,0,2.0,0.0,0,12.0,10.0,9.0,7.0,10.0,7.0,4.0,5.0,0.0,0.0,0.0,0.0
5037,44,5,0,1.0,1.0,1,16.0,8.0,9.0,6.0,12.0,12.0,7.0,5.0,1.0,0.0,0.0,0.0
5038,39,35,2,1.0,2.0,2,17.0,9.0,7.0,8.0,17.0,10.0,9.0,5.0,4.0,2.0,0.0,0.0
5039,46,3,1,2.0,1.0,0,21.0,6.0,11.0,2.0,14.0,13.0,7.0,3.0,2.0,3.0,0.0,1.0
5040,47,46,0,1.0,1.0,1,13.0,13.0,12.0,7.0,11.0,13.0,5.0,6.0,2.0,1.0,0.0,0.0
5041,5,39,0,2.0,0.0,0,20.0,9.0,16.0,6.0,10.0,9.0,12.0,4.0,0.0,1.0,0.0,0.0
5042,19,42,2,0.0,2.0,2,26.0,8.0,20.0,8.0,5.0,9.0,11.0,1.0,0.0,1.0,0.0,0.0
5043,1,32,0,1.0,1.0,1,12.0,9.0,6.0,7.0,11.0,9.0,6.0,6.0,1.0,5.0,0.0,0.0
5044,29,40,0,1.0,0.0,0,15.0,9.0,9.0,3.0,6.0,14.0,6.0,2.0,0.0,2.0,0.0,0.0
5045,3,14,2,0.0,0.0,1,13.0,12.0,8.0,8.0,12.0,10.0,5.0,8.0,4.0,2.0,0.0,0.0
5046,26,41,1,0.0,0.0,1,18.0,9.0,10.0,3.0,13.0,5.0,11.0,4.0,2.0,1.0,0.0,0.0
5047,35,28,2,1.0,1.0,1,18.0,16.0,9.0,8.0,5.0,14.0,3.0,1.0,1.0,1.0,0.0,0.0
5048,31,18,0,2.0,1.0,0,10.0,14.0,6.0,6.0,12.0,15.0,5.0,3.0,2.0,3.0,0.0,0.0
5049,0,44,0,2.0,0.0,0,12.0,9.0,7.0,4.0,12.0,12.0,4.0,1.0,0.0,0.0,0.0,0.0
5050,39,31,2,0.0,2.0,2,10.0,6.0,4.0,2.0,8.0,14.0,8.0,2.0,0.0,1.0,0.0,0.0
5051,42,35,0,2.0,0.0,0,22.0,12.0,13.0,8.0,12.0,14.0,4.0,8.0,0.0,0.0,0.0,0.0
5052,32,3,1,0.0,1.0,2,13.0,12.0,6.0,7.0,9.0,10.0,6.0,2.0,2.0,1.0,0.0,0.0
5053,14,0,2,2.0,1.0,0,12.0,13.0,10.0,8.0,7.0,18.0,3.0,2.0,2.0,3.0,0.0,0.0
5054,41,5,0,0.0,0.0,1,20.0,8.0,12.0,3.0,9.0,14.0,10.0,2.0,3.0,4.0,0.0,1.0
5055,18,29,2,0.0,1.0,2,18.0,7.0,11.0,6.0,12.0,8.0,4.0,1.0,3.0,0.0,0.0,0.0
5056,40,1,1,1.0,1.0,1,13.0,10.0,8.0,5.0,7.0,13.0,5.0,6.0,1.0,3.0,0.0,0.0
5057,28,47,0,0.0,0.0,1,18.0,9.0,9.0,2.0,17.0,5.0,5.0,4.0,2.0,1.0,1.0,0.0
5058,44,26,2,0.0,2.0,2,10.0,17.0,6.0,7.0,12.0,9.0,3.0,10.0,1.0,0.0,0.0,0.0
5059,46,19,2,0.0,1.0,2,18.0,7.0,9.0,5.0,17.0,14.0,9.0,0.0,2.0,5.0,0.0,0.0
5060,29,28,2,0.0,1.0,2,12.0,19.0,8.0,12.0,15.0,11.0,7.0,4.0,4.0,4.0,1.0,0.0
5061,0,39,0,1.0,1.0,1,9.0,5.0,5.0,2.0,9.0,13.0,10.0,1.0,0.0,2.0,0.0,0.0
5062,3,42,2,1.0,1.0,1,19.0,9.0,8.0,7.0,19.0,7.0,8.0,5.0,4.0,1.0,0.0,0.0
5063,35,14,0,1.0,0.0,0,8.0,14.0,3.0,7.0,17.0,17.0,0.0,6.0,2.0,7.0,0.0,2.0
5064,19,18,2,0.0,1.0,2,15.0,11.0,8.0,7.0,12.0,8.0,5.0,1.0,3.0,1.0,0.0,0.0
5065,31,46,0,0.0,0.0,1,13.0,12.0,10.0,5.0,7.0,22.0,7.0,3.0,3.0,2.0,0.0,0.0
5066,47,41,1,0.0,2.0,2,20.0,16.0,13.0,14.0,14.0,11.0,8.0,13.0,2.0,0.0,0.0,0.0
5067,1,44,2,1.0,1.0,1,3.0,8.0,0.0,5.0,11.0,8.0,3.0,8.0,2.0,3.0,1.0,0.0
5068,26,32,1,1.0,0.0,0,25.0,12.0,15.0,10.0,6.0,8.0,10.0,3.0,0.0,1.0,0.0,0.0
5069,5,40,2,0.0,0.0,1,15.0,18.0,8.0,10.0,15.0,14.0,2.0,11.0,0.0,3.0,0.0,0.0
5070,0,40,0,1.0,1.0,1,20.0,8.0,11.0,4.0,9.0,19.0,9.0,2.0,3.0,3.0,0.0,0.0
5071,44,47,0,1.0,0.0,0,17.0,13.0,11.0,10.0,14.0,12.0,2.0,11.0,0.0,1.0,0.0,0.0
5072,31,42,1,0.0,1.0,2,12.0,11.0,7.0,8.0,11.0,15.0,5.0,2.0,1.0,2.0,0.0,0.0
5073,14,18,0,2.0,0.0,0,7.0,9.0,5.0,5.0,13.0,11.0,2.0,2.0,2.0,2.0,0.0,0.0
5074,28,1,0,1.0,0.0,0,15.0,8.0,10.0,6.0,10.0,6.0,5.0,1.0,1.0,1.0,0.0,0.0
5075,32,41,0,2.0,1.0,0,15.0,12.0,8.0,4.0,6.0,5.0,4.0,4.0,0.0,1.0,0.0,0.0
5076,46,5,2,1.0,2.0,2,13.0,14.0,9.0,11.0,16.0,14.0,5.0,4.0,4.0,4.0,0.0,0.0
5077,26,29,1,0.0,0.0,1,14.0,10.0,8.0,3.0,8.0,11.0,8.0,3.0,1.0,3.0,0.0,0.0
5078,39,19,0,0.0,0.0,1,14.0,4.0,6.0,1.0,14.0,15.0,5.0,2.0,4.0,4.0,0.0,0.0
5079,35,3,1,1.0,1.0,1,12.0,10.0,6.0,9.0,10.0,13.0,5.0,7.0,3.0,2.0,0.0,0.0
5080,5,14,2,0.0,4.0,2,14.0,21.0,10.0,14.0,10.0,11.0,4.0,5.0,1.0,2.0,0.0,0.0
5081,19,35,0,3.0,0.0,0,19.0,17.0,13.0,10.0,10.0,7.0,4.0,4.0,2.0,3.0,0.0,0.0
5082,42,0,0,1.0,0.0,0,16.0,13.0,8.0,7.0,11.0,8.0,9.0,7.0,2.0,1.0,0.0,0.0
5083,41,39,0,1.0,0.0,0,9.0,11.0,5.0,6.0,14.0,18.0,6.0,5.0,3.0,5.0,0.0,0.0
5084,47,31,2,0.0,2.0,2,25.0,10.0,12.0,6.0,7.0,10.0,10.0,5.0,1.0,2.0,0.0,0.0
5085,18,26,2,0.0,0.0,1,12.0,15.0,4.0,9.0,15.0,9.0,5.0,9.0,1.0,1.0,1.0,0.0
5086,3,28,2,0.0,0.0,1,5.0,19.0,4.0,12.0,9.0,14.0,4.0,5.0,1.0,1.0,0.0,0.0
5087,40,44,1,2.0,2.0,1,12.0,7.0,7.0,3.0,9.0,13.0,7.0,4.0,2.0,0.0,0.0,0.0
5088,1,46,0,1.0,0.0,0,16.0,14.0,10.0,9.0,12.0,6.0,5.0,10.0,0.0,1.0,0.0,0.0
5089,29,32,0,0.0,0.0,1,17.0,13.0,9.0,6.0,9.0,6.0,10.0,3.0,1.0,0.0,0.0,0.0
5090,32,40,0,1.0,0.0,0,11.0,12.0,8.0,6.0,3.0,7.0,7.0,4.0,2.0,1.0,0.0,0.0
5091,35,1,1,0.0,0.0,1,17.0,8.0,9.0,4.0,14.0,19.0,11.0,8.0,1.0,6.0,1.0,0.0
5092,28,18,0,0.0,0.0,1,18.0,7.0,8.0,3.0,9.0,13.0,7.0,5.0,1.0,5.0,0.0,0.0
5093,44,19,1,0.0,0.0,1,8.0,18.0,5.0,9.0,6.0,14.0,1.0,1.0,0.0,3.0,0.0,0.0
5094,46,42,2,0.0,2.0,2,5.0,14.0,4.0,7.0,13.0,6.0,1.0,9.0,3.0,1.0,1.0,0.0
5095,31,3,0,2.0,1.0,0,19.0,4.0,8.0,1.0,6.0,16.0,4.0,2.0,0.0,4.0,0.0,1.0
5096,26,47,0,2.0,0.0,0,14.0,11.0,6.0,6.0,15.0,6.0,7.0,2.0,3.0,4.0,0.0,0.0
5097,14,41,0,2.0,0.0,0,15.0,5.0,7.0,4.0,15.0,11.0,1.0,6.0,3.0,3.0,1.0,0.0
5098,39,29,1,0.0,1.0,2,14.0,13.0,8.0,9.0,10.0,3.0,8.0,8.0,1.0,0.0,0.0,0.0
5099,0,5,0,0.0,0.0,1,23.0,3.0,14.0,3.0,7.0,9.0,9.0,2.0,0.0,1.0,0.0,1.0
5100,42,26,0,1.0,0.0,0,24.0,5.0,16.0,2.0,10.0,9.0,4.0,1.0,1.0,4.0,0.0,2.0
5101,40,39,0,3.0,0.0,0,8.0,9.0,7.0,5.0,15.0,12.0,6.0,5.0,1.0,2.0,0.0,0.0
5102,19,28,1,0.0,1.0,2,14.0,18.0,11.0,11.0,10.0,9.0,6.0,9.0,1.0,1.0,0.0,0.0
5103,29,14,0,3.0,0.0,0,12.0,20.0,7.0,9.0,11.0,12.0,4.0,10.0,2.0,3.0,0.0,0.0
5104,3,0,0,1.0,2.0,2,10.0,24.0,5.0,16.0,14.0,9.0,2.0,13.0,2.0,1.0,0.0,0.0
5105,47,35,2,0.0,2.0,2,13.0,17.0,6.0,12.0,15.0,13.0,4.0,8.0,2.0,3.0,0.0,0.0
5106,18,46,0,1.0,1.0,1,17.0,9.0,10.0,4.0,14.0,8.0,4.0,9.0,2.0,1.0,0.0,0.0
5107,1,31,1,1.0,0.0,0,10.0,21.0,2.0,13.0,13.0,10.0,4.0,9.0,1.0,1.0,0.0,0.0
5108,41,44,0,2.0,0.0,0,7.0,13.0,5.0,8.0,4.0,9.0,2.0,8.0,1.0,2.0,0.0,0.0
5109,5,32,2,0.0,2.0,2,7.0,11.0,7.0,5.0,8.0,8.0,6.0,9.0,3.0,1.0,1.0,0.0
5110,35,31,1,0.0,0.0,1,14.0,8.0,5.0,3.0,10.0,15.0,6.0,4.0,1.0,3.0,0.0,0.0
5111,32,44,2,0.0,1.0,2,17.0,14.0,5.0,9.0,10.0,11.0,1.0,3.0,1.0,2.0,0.0,0.0
5112,19,3,1,1.0,1.0,1,13.0,10.0,8.0,5.0,7.0,12.0,11.0,2.0,3.0,1.0,0.0,0.0
5113,5,29,2,0.0,3.0,2,20.0,13.0,13.0,9.0,14.0,1.0,5.0,7.0,2.0,0.0,0.0,0.0
5114,0,41,0,1.0,0.0,0,18.0,10.0,8.0,5.0,10.0,7.0,4.0,5.0,3.0,2.0,0.0,0.0
5115,18,1,1,1.0,0.0,0,17.0,7.0,10.0,3.0,13.0,11.0,8.0,0.0,1.0,1.0,0.0,0.0
5116,47,42,2,0.0,0.0,1,10.0,17.0,6.0,11.0,5.0,12.0,4.0,10.0,3.0,2.0,0.0,0.0
5117,40,14,2,0.0,1.0,2,14.0,16.0,7.0,8.0,7.0,3.0,4.0,7.0,1.0,1.0,0.0,0.0
5118,28,46,0,1.0,0.0,0,23.0,9.0,10.0,5.0,6.0,9.0,8.0,3.0,0.0,0.0,0.0,0.0
5119,39,26,0,1.0,0.0,0,3.0,20.0,1.0,11.0,12.0,13.0,2.0,12.0,0.0,1.0,0.0,0.0
5120,29,0,0,3.0,1.0,0,25.0,19.0,15.0,13.0,9.0,7.0,3.0,5.0,2.0,3.0,0.0,1.0
5121,44,39,2,0.0,0.0,1,16.0,7.0,7.0,1.0,9.0,12.0,5.0,1.0,0.0,0.0,0.0,0.0
5122,42,28,2,0.0,2.0,2,15.0,22.0,10.0,12.0,11.0,9.0,10.0,5.0,2.0,4.0,0.0,0.0
5123,31,19,0,0.0,0.0,1,13.0,16.0,9.0,9.0,19.0,8.0,6.0,6.0,2.0,1.0,0.0,0.0
5124,46,35,0,1.0,0.0,0,13.0,19.0,10.0,9.0,13.0,8.0,8.0,7.0,2.0,0.0,0.0,0.0
5125,41,40,1,0.0,0.0,1,15.0,12.0,6.0,8.0,7.0,10.0,7.0,4.0,1.0,1.0,0.0,0.0
5126,14,32,0,1.0,0.0,0,16.0,9.0,8.0,6.0,17.0,14.0,8.0,6.0,2.0,2.0,0.0,1.0
5127,3,18,2,0.0,0.0,1,14.0,9.0,6.0,4.0,17.0,13.0,5.0,4.0,5.0,2.0,0.0,0.0
5128,1,47,1,0.0,0.0,1,15.0,3.0,5.0,2.0,10.0,9.0,11.0,8.0,1.0,3.0,0.0,0.0
5129,26,5,0,1.0,0.0,0,17.0,7.0,9.0,4.0,5.0,7.0,12.0,6.0,0.0,2.0,0.0,0.0
5130,29,42,0,0.0,0.0,1,27.0,20.0,21.0,12.0,12.0,9.0,11.0,3.0,1.0,2.0,0.0,0.0
5131,32,39,1,1.0,0.0,0,9.0,15.0,7.0,5.0,13.0,12.0,3.0,6.0,0.0,2.0,1.0,0.0
5132,47,19,0,2.0,0.0,0,17.0,8.0,7.0,4.0,7.0,10.0,7.0,8.0,2.0,2.0,0.0,0.0
5133,5,28,2,1.0,2.0,2,6.0,17.0,4.0,9.0,19.0,14.0,7.0,8.0,2.0,0.0,0.0,0.0
5134,0,26,2,0.0,0.0,1,10.0,13.0,6.0,8.0,11.0,6.0,9.0,5.0,2.0,2.0,1.0,0.0
5135,41,46,1,0.0,0.0,1,12.0,10.0,6.0,4.0,8.0,18.0,7.0,7.0,0.0,3.0,0.0,0.0
5136,14,44,0,0.0,1.0,2,22.0,6.0,12.0,4.0,12.0,8.0,7.0,4.0,2.0,4.0,0.0,0.0
5137,18,35,2,0.0,1.0,2,14.0,4.0,7.0,3.0,12.0,9.0,2.0,1.0,1.0,1.0,0.0,0.0
5138,40,31,2,0.0,0.0,1,15.0,12.0,5.0,10.0,17.0,7.0,7.0,6.0,3.0,3.0,1.0,0.0
5139,1,3,0,2.0,0.0,0,9.0,10.0,6.0,6.0,9.0,13.0,5.0,4.0,3.0,0.0,0.0,0.0
5140,28,41,0,0.0,0.0,1,26.0,8.0,19.0,5.0,9.0,2.0,7.0,4.0,0.0,0.0,0.0,0.0
5141,39,14,1,0.0,0.0,1,6.0,20.0,3.0,11.0,12.0,12.0,4.0,6.0,2.0,2.0,0.0,0.0
5142,44,29,2,1.0,1.0,1,14.0,11.0,8.0,5.0,16.0,9.0,6.0,5.0,3.0,2.0,0.0,0.0
5143,35,5,2,0.0,1.0,2,13.0,13.0,7.0,7.0,9.0,16.0,3.0,2.0,1.0,2.0,1.0,0.0
5144,46,32,1,1.0,1.0,1,18.0,13.0,11.0,3.0,11.0,8.0,7.0,3.0,2.0,2.0,0.0,0.0
5145,31,0,1,0.0,0.0,1,6.0,9.0,1.0,4.0,9.0,11.0,2.0,5.0,3.0,5.0,0.0,1.0
5146,19,1,1,0.0,0.0,1,13.0,7.0,9.0,1.0,10.0,18.0,2.0,3.0,2.0,4.0,0.0,0.0
5147,26,40,1,1.0,0.0,0,11.0,15.0,4.0,6.0,17.0,12.0,6.0,3.0,4.0,4.0,0.0,0.0
5148,3,47,2,1.0,1.0,1,16.0,13.0,8.0,4.0,14.0,10.0,12.0,6.0,4.0,2.0,0.0,0.0
5149,45,40,2,0.0,1.0,2,17.0,17.0,12.0,12.0,7.0,8.0,4.0,6.0,0.0,2.0,0.0,0.0
5150,29,4,0,1.0,1.0,1,18.0,14.0,11.0,7.0,8.0,5.0,8.0,8.0,2.0,1.0,0.0,0.0
5151,39,46,2,0.0,0.0,1,11.0,11.0,5.0,9.0,10.0,9.0,5.0,3.0,1.0,4.0,0.0,0.0
5152,31,44,1,2.0,0.0,0,15.0,13.0,10.0,7.0,5.0,8.0,7.0,6.0,0.0,0.0,0.0,0.0
5153,1,26,0,1.0,0.0,0,10.0,9.0,8.0,4.0,12.0,12.0,4.0,5.0,2.0,2.0,0.0,0.0
5154,47,3,2,0.0,3.0,2,12.0,13.0,5.0,10.0,12.0,9.0,8.0,3.0,3.0,1.0,0.0,0.0
5155,5,28,2,0.0,1.0,2,16.0,16.0,8.0,10.0,11.0,10.0,6.0,5.0,1.0,1.0,1.0,0.0
5156,18,14,0,0.0,0.0,1,11.0,19.0,3.0,9.0,12.0,14.0,6.0,5.0,3.0,2.0,1.0,0.0
5157,42,2,0,0.0,0.0,1,22.0,7.0,16.0,3.0,5.0,15.0,7.0,5.0,0.0,3.0,0.0,0.0
5158,19,0,1,1.0,1.0,1,10.0,12.0,6.0,6.0,12.0,5.0,5.0,3.0,2.0,1.0,1.0,0.0
5159,28,39,0,1.0,0.0,0,16.0,4.0,9.0,2.0,6.0,9.0,4.0,3.0,0.0,3.0,0.0,0.0
5160,26,42,2,0.0,1.0,2,10.0,8.0,2.0,4.0,13.0,7.0,11.0,5.0,2.0,1.0,0.0,0.0
5161,0,1,2,0.0,2.0,2,24.0,8.0,15.0,5.0,9.0,10.0,13.0,2.0,1.0,4.0,0.0,0.0
5162,2,19,2,0.0,1.0,2,7.0,18.0,2.0,9.0,7.0,15.0,5.0,5.0,0.0,5.0,0.0,0.0
5163,46,45,0,0.0,2.0,2,19.0,13.0,10.0,10.0,7.0,10.0,10.0,6.0,1.0,1.0,0.0,0.0
5164,14,31,1,1.0,1.0,1,15.0,13.0,7.0,9.0,17.0,13.0,7.0,4.0,4.0,2.0,0.0,0.0
5165,44,18,0,1.0,0.0,0,14.0,23.0,9.0,10.0,15.0,9.0,2.0,12.0,2.0,2.0,0.0,1.0
5166,40,47,2,1.0,1.0,1,14.0,10.0,9.0,6.0,8.0,19.0,5.0,5.0,0.0,0.0,0.0,0.0
5167,3,29,1,1.0,0.0,0,6.0,9.0,2.0,4.0,11.0,11.0,2.0,6.0,3.0,0.0,0.0,0.0
5168,4,5,0,3.0,2.0,0,12.0,17.0,8.0,9.0,16.0,12.0,5.0,6.0,2.0,4.0,0.0,0.0
5169,28,42,0,1.0,0.0,0,7.0,14.0,4.0,7.0,7.0,8.0,2.0,8.0,1.0,1.0,0.0,0.0
5170,19,26,2,0.0,3.0,2,10.0,16.0,7.0,11.0,18.0,11.0,6.0,5.0,5.0,2.0,0.0,0.0
5171,39,0,0,2.0,0.0,0,12.0,14.0,7.0,5.0,7.0,10.0,2.0,5.0,1.0,2.0,0.0,0.0
5172,29,14,0,2.0,0.0,0,13.0,19.0,8.0,11.0,12.0,14.0,7.0,2.0,2.0,4.0,0.0,0.0
5173,47,44,0,2.0,0.0,0,14.0,14.0,10.0,6.0,9.0,7.0,8.0,4.0,3.0,1.0,0.0,0.0
5174,18,28,0,0.0,1.0,2,10.0,12.0,6.0,7.0,13.0,15.0,11.0,6.0,4.0,2.0,0.0,0.0
5175,1,46,1,1.0,1.0,1,10.0,7.0,7.0,4.0,6.0,11.0,2.0,5.0,2.0,0.0,0.0,0.0
5176,31,2,0,2.0,1.0,0,19.0,5.0,14.0,2.0,10.0,12.0,8.0,2.0,1.0,4.0,0.0,1.0
5177,5,40,2,0.0,1.0,2,17.0,10.0,9.0,6.0,14.0,10.0,5.0,5.0,1.0,0.0,0.0,0.0
5178,42,4,1,0.0,0.0,1,20.0,13.0,11.0,7.0,5.0,13.0,7.0,6.0,3.0,2.0,0.0,0.0
5179,45,3,1,0.0,1.0,2,24.0,8.0,15.0,4.0,7.0,14.0,7.0,3.0,3.0,0.0,0.0,0.0
5180,0,29,0,0.0,0.0,1,9.0,11.0,2.0,7.0,15.0,7.0,3.0,6.0,2.0,3.0,0.0,0.0
5181,28,45,0,2.0,1.0,0,19.0,7.0,12.0,4.0,13.0,8.0,8.0,5.0,3.0,1.0,0.0,0.0
5182,2,47,1,1.0,1.0,1,8.0,7.0,1.0,2.0,10.0,16.0,0.0,2.0,3.0,3.0,1.0,0.0
5183,26,31,0,1.0,0.0,0,9.0,7.0,5.0,3.0,15.0,10.0,3.0,12.0,1.0,2.0,0.0,0.0
5184,44,1,0,0.0,1.0,2,8.0,11.0,4.0,6.0,12.0,12.0,3.0,7.0,3.0,1.0,1.0,0.0
5185,4,39,1,0.0,0.0,1,11.0,9.0,6.0,6.0,10.0,11.0,4.0,8.0,0.0,0.0,0.0,0.0
5186,14,42,0,1.0,1.0,1,16.0,12.0,10.0,7.0,11.0,11.0,6.0,5.0,3.0,1.0,0.0,0.0
5187,3,5,0,1.0,0.0,0,17.0,11.0,8.0,3.0,7.0,9.0,3.0,10.0,2.0,1.0,0.0,0.0
5188,46,18,1,1.0,0.0,0,13.0,3.0,9.0,3.0,12.0,12.0,3.0,8.0,2.0,2.0,0.0,0.0
5189,40,19,2,0.0,1.0,2,11.0,9.0,7.0,6.0,7.0,12.0,5.0,4.0,1.0,0.0,0.0,0.0
5190,19,5,0,1.0,0.0,0,18.0,14.0,7.0,6.0,12.0,8.0,10.0,7.0,1.0,1.0,0.0,0.0
5191,39,47,0,2.0,0.0,0,17.0,5.0,8.0,1.0,12.0,10.0,7.0,11.0,3.0,2.0,0.0,0.0
5192,3,28,2,0.0,0.0,1,12.0,10.0,6.0,5.0,15.0,15.0,4.0,6.0,2.0,3.0,0.0,0.0
5193,5,0,0,1.0,0.0,0,11.0,17.0,10.0,7.0,13.0,14.0,3.0,9.0,3.0,3.0,0.0,0.0
5194,42,44,1,1.0,1.0,1,19.0,10.0,9.0,4.0,8.0,9.0,11.0,1.0,1.0,1.0,0.0,0.0
5195,40,46,0,0.0,0.0,1,11.0,11.0,7.0,7.0,11.0,9.0,7.0,3.0,1.0,2.0,0.0,0.0
5196,29,18,0,0.0,0.0,1,21.0,5.0,12.0,3.0,10.0,9.0,13.0,1.0,1.0,2.0,0.0,0.0
5197,14,45,0,1.0,0.0,0,16.0,12.0,11.0,7.0,7.0,13.0,5.0,7.0,1.0,2.0,0.0,0.0
5198,1,39,1,1.0,1.0,1,7.0,4.0,2.0,3.0,9.0,9.0,7.0,8.0,0.0,3.0,0.0,0.0
5199,47,19,1,1.0,0.0,0,12.0,15.0,3.0,5.0,15.0,17.0,3.0,5.0,2.0,2.0,0.0,0.0
5200,4,31,1,1.0,1.0,1,18.0,9.0,7.0,6.0,17.0,8.0,4.0,4.0,1.0,1.0,0.0,0.0
5201,26,2,0,2.0,0.0,0,17.0,10.0,13.0,6.0,7.0,12.0,5.0,2.0,1.0,0.0,0.0,0.0
5202,14,2,0,2.0,0.0,0,17.0,6.0,7.0,3.0,9.0,11.0,7.0,4.0,0.0,1.0,0.0,0.0
5203,42,0,1,2.0,3.0,2,16.0,13.0,9.0,9.0,8.0,13.0,7.0,6.0,0.0,3.0,0.0,0.0
5204,31,29,1,0.0,0.0,1,12.0,18.0,5.0,8.0,9.0,10.0,6.0,7.0,2.0,2.0,0.0,0.0
5205,0,26,1,0.0,0.0,1,12.0,9.0,6.0,5.0,13.0,13.0,10.0,3.0,2.0,4.0,0.0,0.0
5206,2,40,0,1.0,0.0,0,10.0,15.0,4.0,7.0,7.0,10.0,4.0,9.0,0.0,0.0,0.0,0.0
5207,45,1,2,1.0,1.0,1,12.0,21.0,7.0,11.0,8.0,3.0,5.0,11.0,0.0,0.0,0.0,0.0
5208,44,14,2,1.0,3.0,2,12.0,19.0,6.0,11.0,7.0,10.0,3.0,5.0,1.0,0.0,0.0,0.0
5209,18,3,0,0.0,0.0,1,17.0,4.0,7.0,2.0,9.0,17.0,10.0,1.0,2.0,3.0,0.0,0.0
5210,4,46,2,0.0,2.0,2,14.0,9.0,9.0,5.0,13.0,12.0,5.0,3.0,2.0,2.0,0.0,0.0
5211,26,28,0,3.0,0.0,0,15.0,13.0,7.0,4.0,6.0,3.0,6.0,2.0,1.0,0.0,0.0,0.0
5212,4,0,2,0.0,2.0,2,12.0,16.0,6.0,7.0,13.0,9.0,6.0,4.0,2.0,2.0,0.0,0.0
5213,1,31,0,1.0,0.0,0,13.0,6.0,7.0,4.0,8.0,10.0,9.0,2.0,2.0,2.0,0.0,0.0
5214,47,18,2,0.0,3.0,2,11.0,9.0,7.0,6.0,13.0,14.0,13.0,6.0,0.0,1.0,0.0,0.0
5215,3,2,1,1.0,1.0,1,15.0,6.0,5.0,5.0,10.0,10.0,8.0,2.0,2.0,3.0,0.0,0.0
5216,40,44,2,2.0,1.0,0,7.0,12.0,4.0,8.0,10.0,11.0,5.0,2.0,3.0,1.0,0.0,0.0
5217,14,46,0,0.0,0.0,1,21.0,11.0,13.0,7.0,11.0,12.0,10.0,5.0,1.0,2.0,0.0,0.0
5218,5,45,0,2.0,0.0,0,23.0,14.0,12.0,8.0,6.0,10.0,5.0,10.0,1.0,0.0,0.0,0.0
5219,29,19,0,2.0,0.0,0,16.0,12.0,12.0,5.0,12.0,8.0,8.0,3.0,0.0,0.0,0.0,0.0
5220,42,39,0,3.0,2.0,0,9.0,10.0,8.0,5.0,11.0,16.0,10.0,5.0,1.0,3.0,0.0,0.0
5221,19,4,0,2.0,0.0,0,13.0,10.0,11.0,6.0,14.0,5.0,4.0,7.0,2.0,1.0,0.0,0.0
5222,28,40,0,2.0,0.0,0,14.0,8.0,12.0,4.0,9.0,20.0,6.0,5.0,2.0,3.0,0.0,0.0
5223,0,3,1,0.0,0.0,1,19.0,7.0,11.0,2.0,10.0,9.0,11.0,4.0,1.0,2.0,0.0,1.0
5224,39,14,1,1.0,1.0,1,13.0,20.0,6.0,10.0,9.0,10.0,5.0,12.0,1.0,2.0,0.0,0.0
5225,18,1,1,1.0,0.0,0,14.0,7.0,7.0,5.0,13.0,16.0,5.0,7.0,3.0,2.0,0.0,0.0
5226,46,42,1,0.0,0.0,1,14.0,10.0,5.0,6.0,11.0,13.0,8.0,2.0,1.0,1.0,0.0,0.0
5227,44,26,0,0.0,0.0,1,17.0,13.0,14.0,9.0,10.0,15.0,0.0,5.0,2.0,3.0,0.0,0.0
5228,31,47,0,2.0,0.0,0,17.0,13.0,13.0,9.0,19.0,10.0,5.0,4.0,5.0,3.0,0.0,0.0
5229,2,5,0,1.0,0.0,0,9.0,19.0,6.0,12.0,11.0,16.0,8.0,9.0,0.0,2.0,0.0,0.0
5230,45,29,2,2.0,0.0,0,6.0,18.0,2.0,9.0,10.0,9.0,0.0,16.0,1.0,2.0,0.0,0.0
5231,40,26,2,0.0,1.0,2,3.0,10.0,1.0,4.0,11.0,7.0,3.0,6.0,3.0,3.0,1.0,0.0
5232,14,28,0,0.0,0.0,1,16.0,5.0,11.0,2.0,16.0,13.0,5.0,1.0,2.0,5.0,0.0,0.0
5233,42,45,1,0.0,0.0,1,26.0,11.0,14.0,5.0,6.0,13.0,6.0,2.0,0.0,4.0,0.0,0.0
5234,39,31,0,1.0,0.0,0,8.0,14.0,6.0,9.0,16.0,9.0,3.0,7.0,1.0,1.0,0.0,0.0
5235,18,19,0,1.0,0.0,0,16.0,12.0,12.0,6.0,15.0,19.0,7.0,5.0,2.0,0.0,0.0,0.0
5236,44,0,1,1.0,0.0,0,4.0,18.0,3.0,11.0,9.0,7.0,2.0,7.0,1.0,3.0,0.0,0.0
5237,3,4,1,0.0,2.0,2,24.0,8.0,7.0,6.0,15.0,12.0,8.0,3.0,1.0,1.0,0.0,0.0
5238,46,2,0,1.0,1.0,1,16.0,7.0,13.0,4.0,13.0,13.0,9.0,4.0,3.0,1.0,0.0,0.0
5239,29,5,0,0.0,0.0,1,14.0,11.0,8.0,6.0,8.0,11.0,12.0,5.0,0.0,0.0,1.0,0.0
5240,1,47,2,0.0,1.0,2,11.0,8.0,5.0,5.0,15.0,19.0,8.0,3.0,1.0,3.0,0.0,0.0
5241,18,2,1,1.0,1.0,1,17.0,5.0,11.0,3.0,8.0,12.0,9.0,1.0,1.0,3.0,0.0,0.0
5242,4,14,2,0.0,1.0,2,14.0,18.0,5.0,11.0,5.0,8.0,3.0,13.0,0.0,0.0,0.0,0.0
5243,47,42,1,2.0,2.0,1,13.0,15.0,4.0,10.0,10.0,11.0,7.0,4.0,0.0,3.0,0.0,0.0
5244,26,29,0,2.0,0.0,0,17.0,12.0,10.0,7.0,12.0,12.0,6.0,4.0,2.0,3.0,0.0,0.0
5245,28,46,0,1.0,0.0,0,7.0,12.0,3.0,5.0,17.0,8.0,4.0,6.0,3.0,1.0,0.0,0.0
5246,31,18,2,1.0,2.0,2,10.0,13.0,8.0,8.0,12.0,14.0,5.0,4.0,2.0,4.0,0.0,0.0
5247,0,40,1,0.0,0.0,1,14.0,6.0,7.0,3.0,13.0,10.0,5.0,6.0,3.0,3.0,0.0,0.0
5248,2,44,2,0.0,0.0,1,9.0,9.0,4.0,5.0,8.0,10.0,7.0,3.0,3.0,1.0,0.0,0.0
5249,19,3,0,1.0,1.0,1,15.0,12.0,11.0,9.0,12.0,17.0,9.0,7.0,2.0,3.0,0.0,0.0
5250,45,39,0,2.0,0.0,0,15.0,7.0,10.0,5.0,9.0,10.0,7.0,3.0,0.0,3.0,0.0,0.0
5251,5,1,0,1.0,1.0,1,15.0,10.0,9.0,6.0,18.0,11.0,8.0,5.0,5.0,2.0,0.0,0.0
5252,14,29,0,0.0,1.0,2,17.0,12.0,11.0,7.0,11.0,14.0,10.0,2.0,3.0,2.0,0.0,1.0
5253,39,44,1,0.0,0.0,1,6.0,16.0,3.0,11.0,17.0,14.0,4.0,0.0,2.0,2.0,0.0,0.0
5254,28,19,1,1.0,0.0,0,14.0,11.0,4.0,5.0,17.0,13.0,10.0,1.0,1.0,2.0,0.0,0.0
5255,45,26,0,2.0,0.0,0,17.0,12.0,11.0,8.0,10.0,8.0,6.0,8.0,0.0,1.0,0.0,0.0
5256,31,5,1,1.0,1.0,1,13.0,17.0,6.0,10.0,7.0,11.0,3.0,6.0,0.0,2.0,1.0,0.0
5257,18,40,0,2.0,0.0,0,17.0,12.0,9.0,7.0,11.0,8.0,4.0,1.0,0.0,0.0,0.0,0.0
5258,47,4,0,1.0,0.0,0,15.0,2.0,11.0,1.0,16.0,10.0,11.0,4.0,1.0,1.0,0.0,1.0
5259,46,29,2,0.0,1.0,2,10.0,14.0,4.0,9.0,13.0,11.0,8.0,4.0,0.0,1.0,0.0,0.0
5260,1,3,0,0.0,0.0,1,17.0,5.0,10.0,2.0,4.0,12.0,10.0,2.0,0.0,3.0,0.0,1.0
5261,0,39,0,1.0,0.0,0,9.0,7.0,4.0,4.0,8.0,9.0,5.0,3.0,1.0,2.0,0.0,0.0
5262,4,42,0,2.0,0.0,0,8.0,25.0,4.0,10.0,11.0,8.0,1.0,7.0,2.0,0.0,0.0,0.0
5263,44,47,1,0.0,1.0,2,19.0,6.0,11.0,2.0,6.0,6.0,12.0,1.0,0.0,0.0,0.0,0.0
5264,2,31,2,0.0,1.0,2,11.0,10.0,5.0,7.0,13.0,14.0,4.0,6.0,1.0,3.0,0.0,0.0
5265,19,14,1,0.0,0.0,1,12.0,23.0,8.0,9.0,10.0,13.0,4.0,6.0,2.0,1.0,0.0,0.0
5266,5,18,0,1.0,0.0,0,11.0,9.0,5.0,4.0,15.0,12.0,4.0,4.0,1.0,0.0,0.0,0.0
5267,26,46,1,1.0,0.0,0,13.0,8.0,5.0,2.0,11.0,17.0,8.0,5.0,1.0,3.0,0.0,0.0
5268,44,45,1,3.0,0.0,0,15.0,18.0,11.0,11.0,12.0,13.0,4.0,9.0,2.0,3.0,0.0,0.0
5269,40,42,2,1.0,1.0,1,16.0,11.0,10.0,5.0,14.0,12.0,2.0,3.0,2.0,4.0,0.0,0.0
5270,3,31,1,0.0,0.0,1,4.0,12.0,0.0,6.0,11.0,11.0,2.0,11.0,1.0,3.0,0.0,0.0
5271,29,28,0,1.0,0.0,0,11.0,13.0,6.0,8.0,15.0,13.0,4.0,7.0,2.0,2.0,0.0,0.0
5272,2,39,0,0.0,0.0,1,10.0,15.0,4.0,5.0,15.0,14.0,3.0,5.0,1.0,0.0,0.0,0.0
5273,4,1,1,1.0,1.0,1,14.0,7.0,5.0,4.0,13.0,14.0,4.0,8.0,2.0,1.0,0.0,1.0
5274,0,47,0,1.0,0.0,0,17.0,2.0,8.0,0.0,15.0,9.0,3.0,6.0,0.0,1.0,0.0,0.0
5275,45,2,2,0.0,0.0,1,16.0,9.0,9.0,3.0,18.0,13.0,5.0,5.0,3.0,1.0,0.0,0.0
5276,14,26,2,0.0,0.0,1,14.0,7.0,4.0,4.0,9.0,9.0,4.0,3.0,1.0,1.0,0.0,0.0
5277,18,4,0,1.0,1.0,1,23.0,11.0,16.0,7.0,8.0,17.0,9.0,5.0,0.0,1.0,0.0,0.0
5278,46,3,0,1.0,1.0,1,11.0,9.0,7.0,5.0,11.0,12.0,4.0,9.0,1.0,2.0,0.0,0.0
5279,42,5,0,1.0,0.0,0,13.0,8.0,7.0,3.0,13.0,11.0,6.0,7.0,1.0,3.0,0.0,0.0
5280,1,19,1,1.0,0.0,0,10.0,13.0,5.0,9.0,15.0,11.0,3.0,6.0,3.0,2.0,0.0,0.0
5281,47,29,0,2.0,1.0,0,6.0,14.0,5.0,7.0,6.0,11.0,4.0,6.0,2.0,2.0,0.0,0.0
5282,39,40,0,1.0,1.0,1,18.0,11.0,9.0,7.0,7.0,15.0,12.0,4.0,1.0,3.0,0.0,0.0
5283,28,44,0,3.0,0.0,0,13.0,17.0,9.0,9.0,13.0,10.0,8.0,8.0,1.0,2.0,0.0,0.0
5284,31,0,1,0.0,4.0,2,16.0,13.0,8.0,10.0,13.0,15.0,12.0,6.0,2.0,3.0,0.0,1.0
5285,3,42,2,0.0,1.0,2,17.0,6.0,9.0,5.0,14.0,11.0,4.0,4.0,2.0,1.0,0.0,0.0
5286,19,31,0,0.0,0.0,1,11.0,4.0,9.0,3.0,14.0,19.0,4.0,7.0,0.0,3.0,0.0,0.0
5287,26,39,0,0.0,0.0,1,13.0,6.0,9.0,1.0,6.0,8.0,7.0,0.0,1.0,4.0,0.0,0.0
5288,5,47,0,0.0,0.0,1,13.0,11.0,8.0,5.0,16.0,8.0,8.0,3.0,1.0,3.0,0.0,0.0
5289,4,45,2,1.0,3.0,2,13.0,12.0,8.0,10.0,9.0,12.0,10.0,7.0,0.0,1.0,0.0,0.0
5290,2,28,1,1.0,2.0,2,14.0,12.0,7.0,9.0,9.0,12.0,6.0,4.0,0.0,2.0,0.0,0.0
5291,29,1,0,2.0,0.0,0,18.0,9.0,11.0,5.0,6.0,6.0,5.0,5.0,0.0,0.0,0.0,0.0
5292,0,18,0,0.0,1.0,2,19.0,4.0,10.0,4.0,12.0,14.0,5.0,7.0,3.0,5.0,0.0,0.0
5293,40,14,2,2.0,2.0,1,4.0,21.0,3.0,14.0,10.0,10.0,0.0,6.0,1.0,2.0,0.0,0.0
5294,44,46,1,1.0,2.0,2,21.0,11.0,10.0,7.0,13.0,12.0,8.0,5.0,4.0,5.0,0.0,0.0
5295,26,19,0,0.0,0.0,1,11.0,12.0,7.0,8.0,11.0,10.0,6.0,2.0,0.0,0.0,0.0,0.0
5296,4,29,2,2.0,0.0,0,6.0,17.0,4.0,13.0,10.0,10.0,6.0,7.0,1.0,2.0,0.0,0.0
5297,46,1,2,0.0,0.0,1,19.0,11.0,8.0,10.0,9.0,13.0,7.0,4.0,2.0,3.0,0.0,0.0
5298,5,14,2,0.0,2.0,2,11.0,14.0,8.0,11.0,7.0,4.0,4.0,3.0,0.0,0.0,0.0,0.0
5299,3,44,0,1.0,0.0,0,17.0,24.0,12.0,20.0,4.0,6.0,9.0,9.0,0.0,1.0,0.0,0.0
5300,4,40,2,0.0,2.0,2,13.0,11.0,7.0,6.0,13.0,9.0,10.0,4.0,2.0,0.0,0.0,0.0
5301,47,26,2,0.0,1.0,2,11.0,15.0,4.0,10.0,6.0,17.0,5.0,4.0,0.0,3.0,0.0,0.0
5302,0,46,0,1.0,0.0,0,23.0,3.0,15.0,1.0,6.0,14.0,8.0,1.0,0.0,1.0,0.0,1.0
5303,1,28,0,1.0,0.0,0,10.0,24.0,8.0,14.0,11.0,11.0,2.0,13.0,1.0,1.0,0.0,0.0
5304,18,45,1,0.0,1.0,2,11.0,13.0,6.0,5.0,8.0,12.0,12.0,2.0,1.0,2.0,0.0,1.0
5305,29,2,0,3.0,0.0,0,23.0,6.0,9.0,1.0,10.0,5.0,10.0,3.0,0.0,0.0,0.0,0.0
5306,31,42,1,0.0,0.0,1,13.0,14.0,6.0,9.0,13.0,7.0,1.0,4.0,0.0,0.0,0.0,0.0
5307,19,39,0,1.0,0.0,0,10.0,9.0,7.0,1.0,11.0,10.0,3.0,2.0,1.0,1.0,0.0,1.0
5308,42,29,1,0.0,0.0,1,16.0,7.0,6.0,4.0,9.0,18.0,8.0,2.0,2.0,4.0,0.0,1.0
5309,2,1,1,0.0,0.0,1,14.0,13.0,4.0,3.0,14.0,14.0,5.0,7.0,1.0,2.0,0.0,0.0
5310,26,18,1,1.0,0.0,0,19.0,10.0,14.0,5.0,16.0,17.0,10.0,6.0,3.0,0.0,0.0,0.0
5311,40,31,1,0.0,0.0,1,10.0,9.0,7.0,2.0,17.0,5.0,4.0,6.0,1.0,1.0,0.0,0.0
5312,14,3,0,0.0,0.0,1,27.0,3.0,11.0,2.0,10.0,6.0,14.0,1.0,1.0,0.0,0.0,0.0
5313,39,5,0,1.0,0.0,0,12.0,13.0,5.0,6.0,8.0,13.0,5.0,5.0,0.0,2.0,0.0,0.0
5314,45,0,2,0.0,2.0,2,7.0,19.0,6.0,13.0,8.0,7.0,4.0,10.0,1.0,0.0,0.0,0.0
5315,46,19,1,0.0,0.0,1,8.0,14.0,5.0,5.0,21.0,7.0,3.0,11.0,4.0,2.0,0.0,0.0
5316,28,47,0,1.0,1.0,1,15.0,10.0,12.0,7.0,9.0,9.0,11.0,8.0,0.0,0.0,0.0,0.0
5317,44,4,0,1.0,1.0,1,18.0,9.0,11.0,2.0,10.0,11.0,4.0,4.0,1.0,2.0,0.0,0.0
5318,4,26,0,1.0,1.0,1,13.0,10.0,9.0,6.0,6.0,13.0,3.0,3.0,1.0,3.0,0.0,0.0
5319,31,45,0,3.0,0.0,0,11.0,13.0,7.0,6.0,10.0,10.0,4.0,3.0,0.0,4.0,0.0,0.0
5320,47,14,0,1.0,0.0,0,3.0,17.0,2.0,8.0,15.0,12.0,4.0,9.0,0.0,1.0,0.0,0.0
5321,5,46,1,0.0,0.0,1,14.0,10.0,7.0,7.0,9.0,8.0,8.0,4.0,0.0,4.0,0.0,0.0
5322,0,28,1,0.0,0.0,1,13.0,5.0,8.0,0.0,6.0,12.0,7.0,2.0,0.0,2.0,1.0,1.0
5323,1,40,2,0.0,0.0,1,8.0,11.0,2.0,5.0,9.0,12.0,5.0,9.0,3.0,3.0,1.0,1.0
5324,3,26,0,2.0,0.0,0,10.0,13.0,4.0,9.0,14.0,13.0,0.0,7.0,1.0,1.0,0.0,0.0
5325,18,42,0,1.0,1.0,1,19.0,13.0,12.0,5.0,16.0,12.0,4.0,3.0,1.0,0.0,0.0,0.0
5326,29,39,0,1.0,0.0,0,18.0,5.0,7.0,1.0,6.0,11.0,6.0,1.0,0.0,0.0,0.0,0.0
5327,19,44,0,1.0,0.0,0,12.0,12.0,6.0,4.0,7.0,9.0,7.0,4.0,0.0,1.0,0.0,0.0
5328,4,2,2,0.0,1.0,2,19.0,11.0,13.0,7.0,9.0,6.0,3.0,7.0,0.0,1.0,0.0,0.0
5329,46,31,2,0.0,1.0,2,9.0,13.0,4.0,5.0,15.0,14.0,3.0,3.0,2.0,2.0,0.0,0.0
5330,14,1,1,1.0,1.0,1,15.0,16.0,10.0,10.0,17.0,11.0,9.0,6.0,2.0,7.0,0.0,0.0
5331,45,47,0,0.0,0.0,1,11.0,15.0,6.0,10.0,7.0,14.0,5.0,10.0,0.0,1.0,0.0,0.0
5332,28,4,0,1.0,0.0,0,15.0,8.0,4.0,6.0,11.0,9.0,10.0,4.0,0.0,0.0,0.0,0.0
5333,2,0,2,0.0,1.0,2,2.0,18.0,1.0,11.0,7.0,9.0,4.0,5.0,3.0,1.0,0.0,0.0
5334,42,19,0,1.0,0.0,0,13.0,12.0,9.0,4.0,11.0,9.0,5.0,1.0,2.0,1.0,0.0,0.0
5335,40,3,0,2.0,0.0,0,13.0,11.0,7.0,3.0,13.0,9.0,3.0,2.0,1.0,2.0,0.0,0.0
5336,44,29,2,1.0,1.0,1,17.0,5.0,8.0,3.0,8.0,13.0,4.0,5.0,1.0,3.0,0.0,0.0
5337,39,18,0,1.0,0.0,0,7.0,15.0,3.0,10.0,14.0,8.0,1.0,5.0,4.0,1.0,0.0,0.0
5338,26,5,0,0.0,1.0,2,16.0,10.0,7.0,4.0,11.0,16.0,7.0,4.0,2.0,2.0,0.0,0.0
5339,46,0,1,1.0,2.0,2,7.0,15.0,5.0,9.0,16.0,11.0,3.0,4.0,1.0,0.0,1.0,0.0
5340,26,47,2,0.0,0.0,1,9.0,7.0,5.0,3.0,8.0,11.0,2.0,8.0,1.0,1.0,0.0,0.0
5341,14,5,0,0.0,0.0,1,12.0,6.0,7.0,2.0,12.0,24.0,6.0,3.0,1.0,1.0,0.0,0.0
5342,42,31,0,0.0,0.0,1,13.0,12.0,8.0,8.0,9.0,16.0,9.0,7.0,2.0,4.0,1.0,0.0
5343,44,3,2,1.0,1.0,1,21.0,6.0,11.0,4.0,9.0,13.0,8.0,5.0,1.0,3.0,1.0,1.0
5344,28,1,0,3.0,0.0,0,11.0,9.0,8.0,4.0,14.0,12.0,8.0,6.0,1.0,2.0,0.0,0.0
5345,2,29,1,0.0,0.0,1,8.0,10.0,3.0,4.0,10.0,11.0,4.0,4.0,3.0,3.0,0.0,0.0
5346,45,18,1,1.0,1.0,1,11.0,13.0,2.0,5.0,12.0,15.0,4.0,7.0,1.0,0.0,0.0,0.0
5347,40,4,2,0.0,0.0,1,32.0,9.0,16.0,4.0,6.0,5.0,9.0,2.0,2.0,0.0,0.0,0.0
5348,39,19,2,0.0,2.0,2,14.0,4.0,8.0,3.0,8.0,12.0,9.0,2.0,1.0,2.0,0.0,0.0
5349,0,14,0,1.0,0.0,0,10.0,10.0,8.0,4.0,12.0,16.0,4.0,6.0,2.0,3.0,0.0,0.0
5350,29,40,0,1.0,0.0,0,14.0,6.0,10.0,2.0,9.0,10.0,5.0,3.0,0.0,2.0,0.0,0.0
5351,31,28,2,0.0,2.0,2,20.0,9.0,10.0,6.0,7.0,15.0,6.0,3.0,1.0,5.0,0.0,0.0
5352,47,46,2,0.0,2.0,2,8.0,13.0,4.0,8.0,7.0,14.0,7.0,3.0,1.0,3.0,0.0,0.0
5353,5,44,0,1.0,0.0,0,12.0,15.0,8.0,9.0,8.0,8.0,5.0,7.0,1.0,1.0,0.0,0.0
5354,3,39,2,0.0,0.0,1,12.0,11.0,8.0,9.0,12.0,20.0,5.0,3.0,1.0,4.0,0.0,0.0
5355,19,45,2,1.0,2.0,2,13.0,10.0,6.0,7.0,12.0,10.0,8.0,4.0,1.0,1.0,0.0,0.0
5356,1,42,2,0.0,1.0,2,26.0,13.0,15.0,8.0,13.0,11.0,8.0,4.0,3.0,3.0,0.0,1.0
5357,28,18,2,0.0,2.0,2,25.0,4.0,15.0,3.0,8.0,13.0,11.0,0.0,3.0,2.0,1.0,1.0
5358,3,45,1,0.0,0.0,1,13.0,11.0,5.0,3.0,12.0,10.0,9.0,4.0,2.0,3.0,0.0,0.0
5359,40,5,0,1.0,0.0,0,13.0,12.0,5.0,8.0,6.0,13.0,2.0,5.0,1.0,3.0,0.0,0.0
5360,29,0,0,1.0,0.0,0,14.0,11.0,10.0,6.0,7.0,16.0,5.0,4.0,0.0,4.0,0.0,0.0
5361,5,3,0,0.0,0.0,1,12.0,16.0,7.0,11.0,12.0,13.0,3.0,10.0,4.0,3.0,1.0,0.0
5362,47,2,0,1.0,0.0,0,14.0,3.0,9.0,0.0,9.0,15.0,7.0,2.0,2.0,4.0,0.0,0.0
5363,42,14,1,1.0,0.0,0,10.0,13.0,3.0,7.0,9.0,13.0,1.0,7.0,2.0,2.0,0.0,0.0
5364,31,26,0,1.0,0.0,0,8.0,16.0,5.0,7.0,19.0,13.0,2.0,5.0,2.0,1.0,0.0,0.0
5365,45,28,2,0.0,1.0,2,13.0,12.0,3.0,7.0,10.0,13.0,2.0,6.0,1.0,3.0,0.0,0.0
5366,39,4,2,0.0,0.0,1,16.0,10.0,5.0,5.0,12.0,11.0,10.0,4.0,0.0,2.0,0.0,0.0
5367,1,44,0,1.0,0.0,0,6.0,11.0,3.0,4.0,8.0,14.0,6.0,13.0,0.0,2.0,0.0,0.0
5368,19,40,1,0.0,0.0,1,14.0,11.0,13.0,2.0,14.0,10.0,4.0,3.0,0.0,1.0,0.0,0.0
5369,18,46,1,0.0,0.0,1,16.0,5.0,8.0,4.0,13.0,18.0,9.0,4.0,2.0,4.0,0.0,0.0
5370,26,1,0,2.0,0.0,0,12.0,5.0,7.0,2.0,12.0,13.0,4.0,3.0,0.0,1.0,0.0,0.0
5371,44,31,0,1.0,0.0,0,20.0,11.0,12.0,7.0,11.0,9.0,7.0,3.0,0.0,5.0,0.0,0.0
5372,40,45,0,1.0,0.0,0,17.0,8.0,12.0,2.0,6.0,8.0,9.0,3.0,1.0,3.0,0.0,0.0
5373,14,18,1,1.0,0.0,0,12.0,16.0,5.0,7.0,7.0,11.0,7.0,2.0,1.0,4.0,0.0,0.0
5374,3,47,0,2.0,0.0,0,10.0,10.0,7.0,7.0,9.0,11.0,8.0,11.0,0.0,2.0,0.0,0.0
5375,46,39,1,2.0,2.0,1,15.0,11.0,8.0,7.0,11.0,10.0,5.0,4.0,1.0,4.0,0.0,0.0
5376,2,42,1,0.0,1.0,2,13.0,10.0,5.0,5.0,14.0,7.0,6.0,11.0,1.0,1.0,0.0,0.0
5377,0,19,0,1.0,1.0,1,15.0,11.0,9.0,7.0,7.0,5.0,3.0,7.0,0.0,0.0,0.0,0.0
5378,28,5,0,1.0,0.0,0,19.0,7.0,10.0,2.0,12.0,18.0,8.0,8.0,3.0,2.0,1.0,0.0
5379,42,26,0,0.0,1.0,2,20.0,12.0,13.0,8.0,6.0,16.0,5.0,8.0,0.0,5.0,0.0,0.0
5380,31,14,1,1.0,1.0,1,5.0,17.0,3.0,13.0,9.0,11.0,6.0,7.0,2.0,1.0,0.0,0.0
5381,18,44,2,1.0,2.0,2,12.0,7.0,4.0,3.0,11.0,18.0,2.0,2.0,1.0,3.0,1.0,1.0
5382,1,0,2,0.0,2.0,2,6.0,17.0,4.0,10.0,10.0,7.0,3.0,8.0,1.0,1.0,0.0,0.0
5383,47,40,0,0.0,0.0,1,14.0,15.0,8.0,9.0,11.0,10.0,11.0,5.0,2.0,3.0,0.0,0.0
5384,39,28,1,0.0,0.0,1,16.0,9.0,9.0,4.0,8.0,10.0,6.0,2.0,2.0,2.0,0.0,0.0
5385,45,46,0,1.0,0.0,0,15.0,10.0,9.0,10.0,8.0,8.0,7.0,2.0,0.0,0.0,0.0,0.0
5386,29,3,0,3.0,0.0,0,15.0,3.0,11.0,2.0,6.0,6.0,5.0,2.0,0.0,2.0,0.0,0.0
5387,19,2,1,0.0,1.0,2,11.0,7.0,7.0,3.0,10.0,9.0,7.0,4.0,1.0,0.0,0.0,0.0
5388,5,4,1,0.0,1.0,2,24.0,16.0,14.0,10.0,8.0,14.0,4.0,4.0,2.0,2.0,0.0,0.0
5389,40,18,1,1.0,1.0,1,13.0,10.0,8.0,8.0,5.0,7.0,4.0,4.0,0.0,2.0,0.0,0.0
5390,19,28,2,0.0,3.0,2,9.0,11.0,3.0,8.0,13.0,16.0,7.0,7.0,2.0,1.0,0.0,0.0
5391,3,1,0,1.0,0.0,0,14.0,16.0,5.0,11.0,15.0,10.0,5.0,8.0,0.0,1.0,0.0,0.0
5392,44,39,2,0.0,0.0,1,15.0,6.0,8.0,4.0,10.0,9.0,8.0,3.0,0.0,0.0,0.0,0.0
5393,4,47,0,2.0,0.0,0,13.0,19.0,9.0,10.0,7.0,9.0,4.0,11.0,0.0,2.0,0.0,0.0
5394,29,46,0,1.0,0.0,0,17.0,10.0,12.0,4.0,10.0,14.0,11.0,1.0,0.0,2.0,0.0,2.0
5395,5,31,0,2.0,0.0,0,18.0,6.0,9.0,1.0,13.0,9.0,2.0,3.0,0.0,2.0,0.0,1.0
5396,26,45,0,3.0,0.0,0,19.0,6.0,11.0,1.0,8.0,8.0,10.0,2.0,0.0,1.0,0.0,0.0
5397,0,42,2,2.0,0.0,0,12.0,10.0,7.0,6.0,17.0,16.0,2.0,6.0,3.0,1.0,0.0,0.0
5398,2,14,0,1.0,0.0,0,1.0,24.0,1.0,9.0,9.0,2.0,4.0,14.0,2.0,0.0,0.0,0.0
5399,14,40,2,0.0,1.0,2,14.0,19.0,7.0,9.0,9.0,13.0,6.0,3.0,1.0,2.0,0.0,0.0
5400,18,0,2,0.0,1.0,2,14.0,13.0,7.0,8.0,15.0,14.0,9.0,2.0,2.0,2.0,0.0,0.0
5401,47,5,2,0.0,1.0,2,10.0,13.0,6.0,7.0,10.0,10.0,12.0,3.0,1.0,0.0,0.0,0.0
5402,1,29,1,0.0,0.0,1,12.0,16.0,6.0,10.0,11.0,9.0,9.0,7.0,3.0,4.0,0.0,0.0
5403,31,19,1,0.0,0.0,1,13.0,10.0,7.0,8.0,11.0,19.0,5.0,5.0,2.0,2.0,0.0,0.0
5404,28,2,1,0.0,0.0,1,21.0,5.0,11.0,3.0,15.0,11.0,6.0,4.0,2.0,0.0,0.0,0.0
5405,46,44,0,0.0,0.0,1,13.0,12.0,4.0,6.0,13.0,13.0,5.0,5.0,1.0,1.0,0.0,0.0
5406,45,4,1,0.0,0.0,1,17.0,16.0,4.0,5.0,7.0,7.0,8.0,7.0,0.0,1.0,0.0,0.0
5407,42,3,0,2.0,0.0,0,20.0,12.0,12.0,8.0,11.0,11.0,12.0,6.0,2.0,2.0,0.0,0.0
5408,39,26,0,0.0,0.0,1,14.0,10.0,7.0,6.0,14.0,10.0,4.0,3.0,2.0,3.0,0.0,1.0
5409,31,3,2,0.0,1.0,2,9.0,7.0,3.0,5.0,16.0,15.0,4.0,1.0,3.0,4.0,0.0,0.0
5410,46,26,1,0.0,1.0,2,10.0,8.0,8.0,3.0,7.0,10.0,5.0,4.0,0.0,2.0,0.0,0.0
5411,45,44,1,1.0,1.0,1,8.0,14.0,5.0,6.0,13.0,5.0,6.0,7.0,3.0,0.0,0.0,0.0
5412,18,5,1,0.0,0.0,1,23.0,10.0,12.0,5.0,8.0,12.0,15.0,10.0,0.0,3.0,1.0,0.0
5413,28,29,1,0.0,0.0,1,6.0,7.0,4.0,4.0,10.0,12.0,8.0,5.0,0.0,2.0,0.0,0.0
5414,47,0,2,0.0,1.0,2,14.0,12.0,7.0,8.0,7.0,14.0,5.0,2.0,1.0,2.0,0.0,0.0
5415,14,19,0,1.0,0.0,0,19.0,5.0,10.0,3.0,14.0,15.0,4.0,4.0,2.0,0.0,1.0,0.0
5416,1,4,0,1.0,1.0,1,19.0,12.0,12.0,6.0,7.0,10.0,11.0,8.0,2.0,3.0,0.0,0.0
5417,42,40,1,0.0,0.0,1,20.0,8.0,12.0,4.0,6.0,15.0,17.0,3.0,2.0,1.0,0.0,0.0
5418,39,2,0,1.0,0.0,0,19.0,14.0,12.0,10.0,6.0,8.0,10.0,4.0,0.0,0.0,0.0,0.0
5419,0,31,2,0.0,1.0,2,11.0,7.0,8.0,2.0,16.0,12.0,12.0,2.0,3.0,1.0,1.0,0.0
5420,26,14,0,2.0,0.0,0,9.0,11.0,7.0,7.0,15.0,17.0,2.0,5.0,0.0,2.0,0.0,0.0
5421,44,28,2,0.0,2.0,2,13.0,9.0,7.0,5.0,15.0,16.0,6.0,1.0,3.0,4.0,1.0,1.0
5422,29,47,0,1.0,0.0,0,14.0,8.0,10.0,6.0,6.0,11.0,3.0,2.0,1.0,0.0,0.0,0.0
5423,2,45,1,0.0,0.0,1,8.0,16.0,5.0,8.0,12.0,14.0,3.0,4.0,0.0,1.0,0.0,0.0
5424,3,46,0,0.0,0.0,1,10.0,16.0,3.0,10.0,16.0,15.0,3.0,6.0,0.0,2.0,0.0,0.0
5425,4,18,1,1.0,1.0,1,11.0,20.0,8.0,14.0,14.0,12.0,3.0,7.0,2.0,1.0,0.0,0.0
5426,5,42,0,1.0,0.0,0,18.0,11.0,8.0,6.0,13.0,9.0,7.0,6.0,1.0,0.0,0.0,0.0
5427,40,39,0,1.0,0.0,0,14.0,11.0,7.0,5.0,10.0,13.0,6.0,9.0,0.0,5.0,0.0,0.0
5428,19,1,1,0.0,1.0,2,14.0,15.0,10.0,8.0,12.0,4.0,3.0,3.0,1.0,0.0,0.0,0.0
5429,4,44,0,1.0,0.0,0,21.0,12.0,8.0,5.0,16.0,13.0,8.0,2.0,2.0,3.0,0.0,2.0
5430,31,40,0,3.0,0.0,0,16.0,11.0,12.0,5.0,8.0,18.0,8.0,6.0,3.0,6.0,0.0,1.0
5431,1,2,1,0.0,0.0,1,7.0,10.0,3.0,6.0,13.0,11.0,1.0,4.0,2.0,3.0,0.0,0.0
5432,5,26,2,0.0,0.0,1,14.0,10.0,10.0,4.0,15.0,13.0,1.0,4.0,2.0,2.0,0.0,0.0
5433,0,45,0,0.0,0.0,1,20.0,6.0,13.0,3.0,14.0,18.0,7.0,4.0,2.0,2.0,0.0,0.0
5434,3,14,2,1.0,1.0,1,13.0,16.0,6.0,9.0,12.0,14.0,4.0,5.0,2.0,2.0,0.0,0.0
5435,19,46,0,2.0,0.0,0,15.0,8.0,9.0,3.0,7.0,12.0,7.0,1.0,0.0,0.0,0.0,0.0
5436,47,28,0,1.0,1.0,1,10.0,17.0,6.0,9.0,5.0,14.0,5.0,7.0,1.0,2.0,0.0,0.0
5437,29,42,0,1.0,0.0,0,18.0,11.0,10.0,5.0,12.0,10.0,1.0,4.0,0.0,3.0,0.0,0.0
5438,18,39,0,0.0,0.0,1,18.0,9.0,10.0,1.0,16.0,14.0,6.0,2.0,1.0,1.0,0.0,0.0
5439,39,29,2,0.0,1.0,2,6.0,12.0,2.0,5.0,6.0,13.0,5.0,6.0,2.0,2.0,0.0,0.0
5440,28,0,2,0.0,1.0,2,9.0,12.0,6.0,8.0,11.0,10.0,6.0,7.0,2.0,4.0,1.0,0.0
5441,26,3,0,0.0,0.0,1,17.0,4.0,10.0,2.0,17.0,12.0,15.0,4.0,2.0,3.0,0.0,0.0
5442,45,31,2,1.0,1.0,1,5.0,13.0,1.0,8.0,12.0,6.0,2.0,6.0,0.0,0.0,0.0,0.0
5443,42,18,1,1.0,1.0,1,13.0,7.0,8.0,3.0,15.0,14.0,4.0,4.0,3.0,1.0,0.0,0.0
5444,14,47,0,1.0,0.0,0,17.0,12.0,10.0,9.0,8.0,8.0,8.0,8.0,1.0,2.0,0.0,0.0
5445,44,19,0,2.0,1.0,0,14.0,9.0,7.0,3.0,3.0,8.0,7.0,5.0,0.0,0.0,0.0,0.0
5446,40,1,0,1.0,0.0,0,13.0,11.0,6.0,7.0,11.0,13.0,4.0,11.0,1.0,2.0,0.0,0.0
5447,2,4,0,1.0,0.0,0,17.0,14.0,8.0,6.0,8.0,16.0,9.0,10.0,1.0,1.0,0.0,0.0
5448,46,5,1,0.0,0.0,1,15.0,9.0,9.0,2.0,8.0,14.0,5.0,0.0,0.0,2.0,0.0,0.0
5449,3,40,1,0.0,0.0,1,9.0,16.0,3.0,7.0,12.0,11.0,5.0,3.0,2.0,1.0,1.0,0.0
5450,4,28,2,0.0,0.0,1,16.0,13.0,5.0,8.0,9.0,9.0,3.0,9.0,0.0,2.0,0.0,0.0
5451,18,26,0,1.0,0.0,0,9.0,15.0,6.0,9.0,10.0,9.0,8.0,7.0,2.0,2.0,0.0,0.0
5452,1,14,1,0.0,0.0,1,11.0,13.0,5.0,6.0,11.0,11.0,9.0,5.0,4.0,3.0,0.0,0.0
5453,19,42,2,1.0,1.0,1,11.0,14.0,5.0,6.0,9.0,10.0,4.0,11.0,1.0,1.0,0.0,0.0
5454,29,44,1,2.0,0.0,0,16.0,7.0,9.0,2.0,10.0,7.0,3.0,2.0,1.0,2.0,0.0,0.0
5455,0,2,0,1.0,1.0,1,18.0,6.0,13.0,4.0,16.0,9.0,7.0,3.0,2.0,2.0,1.0,0.0
5456,5,39,0,1.0,0.0,0,11.0,8.0,6.0,3.0,10.0,8.0,5.0,6.0,2.0,2.0,1.0,0.0
5457,31,46,1,0.0,2.0,2,9.0,8.0,4.0,4.0,13.0,14.0,6.0,3.0,2.0,1.0,0.0,0.0
5458,47,45,1,1.0,0.0,0,9.0,9.0,5.0,7.0,10.0,8.0,8.0,3.0,0.0,1.0,0.0,0.0
5459,26,4,2,0.0,2.0,2,19.0,11.0,10.0,7.0,11.0,10.0,5.0,2.0,2.0,1.0,0.0,0.0
5460,28,31,0,1.0,1.0,1,9.0,8.0,5.0,4.0,11.0,13.0,4.0,4.0,3.0,2.0,0.0,0.0
5461,14,0,0,1.0,0.0,0,11.0,13.0,6.0,5.0,7.0,12.0,10.0,10.0,1.0,1.0,0.0,0.0
5462,39,3,0,0.0,0.0,1,18.0,7.0,11.0,4.0,8.0,13.0,8.0,6.0,2.0,3.0,0.0,0.0
5463,40,29,1,0.0,0.0,1,14.0,10.0,8.0,4.0,10.0,6.0,10.0,4.0,1.0,2.0,0.0,0.0
5464,45,19,1,0.0,1.0,2,12.0,17.0,5.0,5.0,15.0,8.0,2.0,3.0,3.0,1.0,0.0,0.0
5465,46,47,0,0.0,0.0,1,24.0,2.0,17.0,0.0,9.0,12.0,3.0,3.0,1.0,2.0,0.0,1.0
5466,42,1,0,1.0,1.0,1,19.0,13.0,10.0,4.0,12.0,19.0,10.0,4.0,1.0,3.0,0.0,0.0
5467,2,18,2,0.0,0.0,1,6.0,11.0,3.0,6.0,5.0,11.0,6.0,5.0,0.0,0.0,0.0,0.0
5468,44,5,1,0.0,0.0,1,17.0,10.0,9.0,5.0,8.0,10.0,7.0,4.0,3.0,2.0,0.0,0.0
5469,31,39,2,1.0,0.0,0,11.0,8.0,7.0,2.0,8.0,11.0,3.0,4.0,0.0,1.0,0.0,0.0
5470,47,1,2,0.0,1.0,2,14.0,10.0,12.0,8.0,15.0,19.0,5.0,4.0,1.0,2.0,0.0,0.0
5471,5,29,1,1.0,1.0,1,15.0,12.0,9.0,6.0,16.0,18.0,7.0,12.0,1.0,2.0,0.0,0.0
5472,19,18,1,0.0,0.0,1,12.0,15.0,2.0,7.0,15.0,13.0,4.0,5.0,2.0,1.0,0.0,0.0
5473,28,14,0,0.0,0.0,1,8.0,15.0,6.0,4.0,10.0,12.0,3.0,4.0,2.0,3.0,0.0,0.0
5474,0,44,2,0.0,0.0,1,24.0,7.0,12.0,5.0,15.0,14.0,16.0,4.0,4.0,3.0,0.0,0.0
5475,26,40,1,1.0,1.0,1,13.0,10.0,5.0,1.0,15.0,7.0,3.0,3.0,3.0,1.0,0.0,0.0
5476,2,46,1,0.0,0.0,1,10.0,17.0,4.0,10.0,12.0,18.0,3.0,7.0,2.0,3.0,1.0,0.0
5477,4,3,2,0.0,1.0,2,11.0,13.0,8.0,8.0,12.0,11.0,8.0,8.0,2.0,1.0,0.0,0.0
5478,45,42,0,1.0,0.0,0,22.0,17.0,15.0,11.0,10.0,11.0,14.0,7.0,2.0,0.0,0.0,0.0
5479,29,26,0,1.0,0.0,0,16.0,7.0,7.0,1.0,15.0,10.0,6.0,1.0,4.0,1.0,0.0,0.0
5480,46,28,2,0.0,1.0,2,9.0,11.0,3.0,5.0,10.0,14.0,3.0,1.0,1.0,2.0,0.0,0.0
5481,14,4,0,4.0,0.0,0,27.0,11.0,15.0,4.0,7.0,4.0,9.0,6.0,1.0,2.0,0.0,0.0
5482,39,45,1,0.0,1.0,2,9.0,13.0,3.0,6.0,14.0,8.0,6.0,3.0,3.0,2.0,0.0,0.0
5483,44,2,0,0.0,1.0,2,16.0,6.0,10.0,3.0,11.0,8.0,5.0,0.0,1.0,1.0,0.0,0.0
5484,3,19,1,1.0,0.0,0,9.0,9.0,5.0,4.0,15.0,10.0,3.0,3.0,0.0,1.0,0.0,0.0
5485,1,5,1,1.0,1.0,1,13.0,13.0,6.0,7.0,15.0,8.0,8.0,4.0,1.0,2.0,0.0,0.0
5486,18,31,2,0.0,1.0,2,6.0,9.0,3.0,4.0,15.0,21.0,3.0,6.0,2.0,3.0,0.0,0.0
5487,42,47,0,0.0,1.0,2,20.0,5.0,11.0,2.0,7.0,11.0,5.0,4.0,3.0,3.0,0.0,0.0
5488,40,0,1,0.0,1.0,2,16.0,16.0,5.0,7.0,11.0,13.0,11.0,3.0,2.0,2.0,0.0,1.0
5489,39,1,0,0.0,1.0,2,20.0,10.0,12.0,6.0,11.0,14.0,8.0,7.0,1.0,2.0,0.0,0.0
5490,2,26,1,0.0,0.0,1,15.0,14.0,3.0,8.0,8.0,9.0,4.0,3.0,1.0,0.0,0.0,0.0
5491,45,14,2,0.0,2.0,2,13.0,17.0,7.0,9.0,13.0,10.0,1.0,5.0,2.0,2.0,0.0,0.0
5492,28,3,1,0.0,1.0,2,20.0,4.0,14.0,2.0,12.0,10.0,14.0,2.0,2.0,1.0,0.0,0.0
5493,19,47,0,0.0,1.0,2,13.0,4.0,6.0,2.0,9.0,17.0,6.0,6.0,3.0,6.0,0.0,1.0
5494,31,4,2,0.0,1.0,2,16.0,7.0,13.0,4.0,15.0,14.0,3.0,2.0,2.0,3.0,0.0,0.0
5495,0,5,0,1.0,1.0,1,23.0,7.0,14.0,6.0,11.0,11.0,9.0,6.0,2.0,2.0,0.0,1.0
5496,18,29,1,1.0,1.0,1,23.0,13.0,14.0,8.0,11.0,18.0,7.0,5.0,1.0,1.0,0.0,0.0
5497,46,40,1,0.0,0.0,1,17.0,4.0,4.0,2.0,19.0,11.0,5.0,1.0,4.0,2.0,0.0,1.0
5498,44,42,1,1.0,1.0,1,15.0,16.0,8.0,9.0,12.0,9.0,9.0,4.0,2.0,1.0,0.0,0.0
5499,26,44,0,0.0,0.0,1,11.0,14.0,7.0,5.0,9.0,8.0,7.0,6.0,0.0,0.0,0.0,1.0
5500,5,2,1,0.0,1.0,2,11.0,9.0,8.0,5.0,19.0,17.0,6.0,1.0,2.0,3.0,1.0,0.0
5501,1,18,0,1.0,0.0,0,12.0,15.0,6.0,9.0,19.0,10.0,4.0,16.0,4.0,0.0,0.0,0.0
5502,40,28,0,0.0,0.0,1,12.0,9.0,4.0,7.0,5.0,9.0,3.0,7.0,0.0,3.0,0.0,0.0
5503,29,45,0,1.0,0.0,0,18.0,7.0,11.0,2.0,6.0,11.0,9.0,3.0,1.0,2.0,0.0,0.0
5504,4,19,1,0.0,1.0,2,14.0,12.0,5.0,7.0,13.0,16.0,4.0,5.0,1.0,0.0,0.0,0.0
5505,42,46,2,0.0,0.0,1,12.0,13.0,7.0,5.0,10.0,11.0,16.0,7.0,3.0,2.0,0.0,0.0
5506,3,0,2,1.0,1.0,1,15.0,14.0,7.0,9.0,9.0,7.0,4.0,8.0,1.0,0.0,0.0,0.0
5507,14,39,0,1.0,0.0,0,15.0,9.0,6.0,3.0,5.0,10.0,6.0,1.0,0.0,2.0,0.0,0.0
5508,47,31,1,1.0,0.0,0,5.0,11.0,2.0,6.0,20.0,17.0,5.0,3.0,7.0,4.0,0.0,0.0
5509,28,26,0,1.0,0.0,0,8.0,13.0,3.0,7.0,13.0,12.0,5.0,4.0,1.0,1.0,0.0,0.0
5510,31,1,0,3.0,0.0,0,20.0,3.0,14.0,1.0,15.0,12.0,10.0,2.0,3.0,1.0,0.0,0.0
5511,19,29,1,0.0,1.0,2,16.0,14.0,8.0,7.0,7.0,6.0,5.0,11.0,2.0,2.0,0.0,0.0
5512,0,4,0,3.0,0.0,0,26.0,3.0,16.0,1.0,9.0,3.0,8.0,2.0,0.0,0.0,0.0,1.0
5513,39,42,2,1.0,2.0,2,15.0,7.0,10.0,6.0,15.0,4.0,6.0,2.0,3.0,1.0,0.0,0.0
5514,44,40,0,0.0,0.0,1,11.0,10.0,5.0,4.0,16.0,12.0,4.0,6.0,2.0,2.0,0.0,0.0
5515,18,47,1,1.0,0.0,0,14.0,9.0,6.0,4.0,18.0,15.0,3.0,3.0,1.0,2.0,0.0,0.0
5516,2,3,0,0.0,0.0,1,10.0,7.0,7.0,2.0,13.0,14.0,4.0,12.0,2.0,3.0,0.0,0.0
5517,45,5,2,0.0,0.0,1,17.0,12.0,10.0,8.0,11.0,18.0,8.0,5.0,2.0,4.0,0.0,0.0
5518,46,14,2,0.0,1.0,2,17.0,10.0,12.0,8.0,12.0,7.0,0.0,0.0,1.0,2.0,0.0,0.0
5519,29,31,0,2.0,0.0,0,18.0,7.0,10.0,3.0,9.0,5.0,5.0,3.0,2.0,2.0,0.0,0.0
5520,26,0,1,0.0,0.0,1,7.0,14.0,4.0,7.0,13.0,15.0,9.0,11.0,1.0,3.0,1.0,1.0
5521,14,44,0,2.0,0.0,0,18.0,10.0,13.0,4.0,10.0,10.0,3.0,1.0,1.0,0.0,0.0,0.0
5522,1,45,0,2.0,0.0,0,23.0,12.0,11.0,2.0,15.0,15.0,16.0,7.0,1.0,2.0,0.0,0.0
5523,3,18,0,1.0,0.0,0,7.0,17.0,2.0,12.0,19.0,14.0,1.0,3.0,2.0,1.0,0.0,0.0
5524,42,28,1,0.0,0.0,1,22.0,11.0,18.0,7.0,13.0,16.0,10.0,3.0,0.0,2.0,0.0,0.0
5525,46,4,2,0.0,3.0,2,11.0,9.0,6.0,7.0,8.0,11.0,6.0,4.0,1.0,1.0,0.0,0.0
5526,40,2,1,1.0,0.0,0,6.0,13.0,2.0,7.0,13.0,10.0,3.0,6.0,3.0,3.0,1.0,0.0
5527,47,39,0,2.0,0.0,0,13.0,10.0,7.0,6.0,17.0,13.0,5.0,5.0,0.0,2.0,0.0,0.0
5528,5,19,1,0.0,0.0,1,13.0,12.0,9.0,7.0,12.0,13.0,4.0,8.0,1.0,3.0,0.0,0.0
5529,11,42,0,1.0,2.0,2,16.0,16.0,12.0,11.0,9.0,8.0,5.0,6.0,0.0,0.0,0.0,0.0
5530,45,28,1,1.0,1.0,1,12.0,17.0,8.0,6.0,12.0,7.0,4.0,3.0,2.0,0.0,0.0,0.0
5531,5,2,0,1.0,0.0,0,14.0,10.0,8.0,5.0,14.0,17.0,3.0,6.0,2.0,5.0,0.0,0.0
5532,0,19,0,3.0,0.0,0,16.0,5.0,11.0,2.0,11.0,10.0,5.0,2.0,2.0,2.0,0.0,0.0
5533,21,26,1,0.0,0.0,1,11.0,19.0,6.0,7.0,15.0,11.0,2.0,6.0,1.0,0.0,0.0,0.0
5534,29,39,0,2.0,0.0,0,18.0,4.0,13.0,4.0,10.0,4.0,10.0,2.0,2.0,0.0,0.0,0.0
5535,14,46,0,2.0,0.0,0,17.0,4.0,10.0,3.0,14.0,9.0,2.0,3.0,2.0,2.0,0.0,1.0
5536,1,3,2,0.0,0.0,1,16.0,9.0,12.0,3.0,14.0,12.0,11.0,5.0,2.0,1.0,0.0,0.0
5537,18,34,0,0.0,0.0,1,21.0,10.0,13.0,4.0,12.0,11.0,14.0,1.0,0.0,0.0,0.0,0.0
5538,47,40,0,1.0,1.0,1,14.0,11.0,7.0,5.0,11.0,19.0,4.0,1.0,1.0,2.0,0.0,2.0
5539,28,42,2,0.0,0.0,1,10.0,10.0,5.0,6.0,12.0,14.0,9.0,7.0,0.0,3.0,0.0,0.0
5540,19,39,2,0.0,0.0,1,12.0,5.0,6.0,2.0,7.0,6.0,8.0,3.0,1.0,3.0,0.0,0.0
5541,46,21,1,1.0,1.0,1,13.0,6.0,7.0,3.0,11.0,14.0,8.0,1.0,2.0,0.0,0.0,0.0
5542,3,0,0,1.0,1.0,1,11.0,6.0,7.0,4.0,19.0,15.0,5.0,8.0,2.0,2.0,0.0,0.0
5543,40,29,2,0.0,1.0,2,10.0,14.0,2.0,9.0,10.0,9.0,9.0,4.0,3.0,2.0,0.0,0.0
5544,26,14,2,0.0,1.0,2,7.0,15.0,2.0,11.0,7.0,7.0,9.0,5.0,1.0,2.0,0.0,0.0
5545,19,45,0,1.0,0.0,0,5.0,7.0,3.0,5.0,10.0,14.0,9.0,3.0,0.0,0.0,0.0,0.0
5546,28,1,0,2.0,1.0,0,17.0,10.0,12.0,6.0,6.0,9.0,13.0,5.0,1.0,2.0,0.0,0.0
5547,39,18,1,0.0,0.0,1,12.0,11.0,6.0,9.0,10.0,10.0,6.0,5.0,0.0,0.0,0.0,0.0
5548,2,11,0,2.0,0.0,0,13.0,12.0,4.0,7.0,11.0,10.0,6.0,8.0,2.0,1.0,0.0,0.0
5549,34,47,0,2.0,1.0,0,12.0,18.0,8.0,11.0,10.0,13.0,7.0,9.0,0.0,1.0,0.0,0.0
5550,42,5,0,1.0,0.0,0,25.0,11.0,12.0,7.0,11.0,10.0,11.0,7.0,0.0,3.0,0.0,0.0
5551,18,19,0,0.0,1.0,2,15.0,8.0,9.0,6.0,7.0,12.0,9.0,3.0,0.0,1.0,0.0,0.0
5552,14,39,0,3.0,0.0,0,29.0,3.0,18.0,2.0,14.0,12.0,7.0,0.0,0.0,3.0,0.0,0.0
5553,1,2,0,0.0,0.0,1,10.0,16.0,6.0,14.0,12.0,16.0,7.0,5.0,1.0,4.0,0.0,0.0
5554,11,26,2,0.0,0.0,1,12.0,12.0,6.0,10.0,13.0,11.0,4.0,5.0,2.0,1.0,0.0,0.0
5555,47,3,1,0.0,1.0,2,14.0,12.0,5.0,8.0,9.0,8.0,4.0,4.0,0.0,1.0,0.0,0.0
5556,45,46,0,2.0,1.0,0,9.0,12.0,7.0,10.0,9.0,10.0,4.0,5.0,1.0,2.0,0.0,0.0
5557,21,40,2,0.0,1.0,2,14.0,10.0,8.0,5.0,12.0,17.0,3.0,6.0,1.0,3.0,1.0,1.0
5558,5,34,1,2.0,0.0,0,14.0,13.0,10.0,6.0,16.0,13.0,12.0,5.0,1.0,1.0,0.0,0.0
5559,29,42,0,0.0,0.0,1,15.0,9.0,8.0,3.0,13.0,10.0,4.0,4.0,1.0,0.0,0.0,0.0
5560,0,28,1,0.0,0.0,1,9.0,3.0,4.0,2.0,13.0,14.0,5.0,1.0,4.0,2.0,0.0,0.0
5561,21,1,2,0.0,1.0,2,14.0,11.0,10.0,5.0,8.0,7.0,11.0,9.0,2.0,2.0,0.0,0.0
5562,26,45,0,2.0,0.0,0,17.0,6.0,8.0,2.0,8.0,12.0,9.0,2.0,0.0,2.0,0.0,0.0
5563,34,1,2,1.0,1.0,1,16.0,12.0,12.0,9.0,5.0,10.0,7.0,6.0,0.0,0.0,0.0,0.0
5564,46,0,0,0.0,1.0,2,16.0,11.0,11.0,8.0,15.0,13.0,8.0,3.0,2.0,1.0,0.0,0.0
5565,2,21,1,0.0,0.0,1,10.0,11.0,7.0,4.0,11.0,12.0,8.0,1.0,0.0,0.0,0.0,0.0
5566,3,18,2,0.0,1.0,2,15.0,11.0,10.0,4.0,15.0,10.0,4.0,2.0,3.0,2.0,0.0,0.0
5567,40,11,0,2.0,0.0,0,16.0,9.0,11.0,4.0,14.0,17.0,3.0,3.0,3.0,2.0,0.0,0.0
5568,42,14,0,2.0,0.0,0,20.0,9.0,10.0,6.0,7.0,14.0,13.0,4.0,2.0,4.0,0.0,1.0
5569,39,5,2,1.0,0.0,0,11.0,13.0,5.0,8.0,10.0,5.0,5.0,1.0,1.0,2.0,0.0,0.0
5570,19,47,1,0.0,0.0,1,11.0,5.0,4.0,1.0,9.0,11.0,5.0,9.0,1.0,0.0,0.0,0.0
5571,28,29,2,0.0,0.0,1,8.0,13.0,5.0,3.0,8.0,12.0,7.0,5.0,2.0,1.0,0.0,0.0
5572,1,18,1,0.0,1.0,2,10.0,13.0,7.0,10.0,11.0,9.0,7.0,6.0,2.0,2.0,0.0,0.0
5573,42,0,0,1.0,0.0,0,13.0,19.0,10.0,11.0,13.0,10.0,4.0,6.0,3.0,1.0,0.0,0.0
5574,46,34,1,0.0,0.0,1,24.0,6.0,14.0,2.0,16.0,9.0,10.0,3.0,2.0,1.0,0.0,0.0
5575,14,5,0,1.0,0.0,0,18.0,7.0,8.0,2.0,13.0,22.0,5.0,2.0,1.0,4.0,0.0,0.0
5576,26,19,1,0.0,0.0,1,18.0,2.0,9.0,2.0,6.0,16.0,10.0,1.0,1.0,3.0,0.0,0.0
5577,47,39,1,0.0,0.0,1,10.0,9.0,8.0,1.0,7.0,4.0,7.0,6.0,0.0,0.0,0.0,0.0
5578,28,2,0,3.0,1.0,0,17.0,5.0,8.0,3.0,12.0,9.0,8.0,4.0,0.0,3.0,0.0,0.0
5579,3,29,1,0.0,0.0,1,8.0,13.0,7.0,6.0,14.0,12.0,1.0,7.0,1.0,2.0,0.0,0.0
5580,21,11,2,1.0,1.0,1,11.0,9.0,4.0,7.0,19.0,14.0,6.0,1.0,5.0,1.0,0.0,0.0
5581,45,40,0,0.0,0.0,1,10.0,9.0,6.0,7.0,12.0,20.0,2.0,7.0,1.0,3.0,0.0,0.0
5582,18,45,1,1.0,0.0,0,10.0,10.0,5.0,5.0,7.0,17.0,2.0,8.0,2.0,3.0,0.0,0.0
5583,19,46,0,0.0,1.0,2,7.0,12.0,5.0,7.0,11.0,10.0,6.0,3.0,1.0,2.0,0.0,0.0
5584,2,26,1,0.0,0.0,1,8.0,16.0,3.0,8.0,14.0,9.0,5.0,4.0,2.0,1.0,0.0,0.0
5585,29,14,2,0.0,1.0,2,9.0,11.0,3.0,5.0,14.0,11.0,3.0,3.0,3.0,1.0,0.0,0.0
5586,5,1,2,0.0,1.0,2,14.0,13.0,10.0,9.0,13.0,14.0,6.0,8.0,2.0,0.0,0.0,0.0
5587,34,3,1,0.0,0.0,1,6.0,16.0,3.0,8.0,11.0,10.0,1.0,9.0,2.0,1.0,1.0,0.0
5588,39,21,0,1.0,0.0,0,9.0,5.0,3.0,3.0,12.0,12.0,3.0,2.0,3.0,2.0,0.0,0.0
5589,11,28,2,0.0,5.0,2,14.0,20.0,7.0,14.0,5.0,8.0,6.0,7.0,0.0,0.0,0.0,0.0
5590,40,42,0,2.0,0.0,0,11.0,12.0,10.0,9.0,16.0,15.0,6.0,6.0,2.0,0.0,0.0,0.0
5591,0,47,0,0.0,0.0,1,23.0,3.0,13.0,2.0,10.0,13.0,10.0,4.0,0.0,2.0,0.0,1.0
5592,28,46,0,0.0,0.0,1,10.0,9.0,8.0,3.0,12.0,13.0,3.0,4.0,3.0,2.0,0.0,1.0
5593,11,3,2,0.0,1.0,2,7.0,12.0,3.0,5.0,15.0,12.0,7.0,2.0,3.0,2.0,0.0,0.0
5594,26,40,0,2.0,0.0,0,25.0,7.0,16.0,2.0,11.0,9.0,9.0,2.0,0.0,1.0,0.0,0.0
5595,45,39,2,0.0,0.0,1,17.0,12.0,7.0,7.0,14.0,17.0,6.0,7.0,0.0,2.0,0.0,0.0
5596,14,1,0,2.0,1.0,0,13.0,7.0,11.0,5.0,12.0,5.0,8.0,6.0,3.0,2.0,0.0,0.0
5597,2,0,1,0.0,0.0,1,7.0,13.0,3.0,8.0,13.0,13.0,3.0,6.0,3.0,2.0,0.0,0.0
5598,42,34,0,2.0,0.0,0,16.0,8.0,8.0,3.0,5.0,9.0,11.0,2.0,0.0,1.0,0.0,0.0
5599,21,19,0,1.0,0.0,0,7.0,12.0,4.0,9.0,11.0,15.0,6.0,8.0,2.0,4.0,0.0,0.0
5600,5,29,2,0.0,1.0,2,14.0,13.0,10.0,8.0,14.0,15.0,11.0,6.0,0.0,0.0,0.0,0.0
5601,47,18,1,0.0,0.0,1,9.0,22.0,2.0,13.0,14.0,12.0,3.0,7.0,1.0,1.0,0.0,0.0
5602,34,14,2,0.0,1.0,2,10.0,20.0,6.0,11.0,11.0,11.0,1.0,6.0,3.0,2.0,0.0,0.0
5603,28,18,2,0.0,1.0,2,12.0,10.0,5.0,7.0,11.0,10.0,7.0,4.0,3.0,2.0,0.0,0.0
5604,3,2,0,1.0,0.0,0,9.0,8.0,7.0,5.0,18.0,10.0,5.0,6.0,2.0,1.0,0.0,0.0
5605,1,40,1,1.0,1.0,1,11.0,10.0,4.0,5.0,5.0,7.0,6.0,7.0,0.0,0.0,0.0,0.0
5606,45,47,2,0.0,1.0,2,17.0,5.0,10.0,4.0,9.0,24.0,8.0,5.0,0.0,2.0,0.0,0.0
5607,19,28,2,0.0,2.0,2,10.0,14.0,4.0,9.0,8.0,9.0,4.0,2.0,0.0,0.0,0.0,0.0
5608,29,26,0,1.0,1.0,1,10.0,4.0,5.0,2.0,10.0,15.0,1.0,2.0,2.0,3.0,0.0,0.0
5609,3,14,1,0.0,1.0,2,8.0,14.0,4.0,8.0,10.0,9.0,3.0,11.0,0.0,1.0,0.0,0.0
5610,40,2,0,2.0,0.0,0,11.0,21.0,9.0,14.0,8.0,8.0,7.0,10.0,0.0,1.0,0.0,0.0
5611,0,45,0,1.0,0.0,0,9.0,8.0,5.0,4.0,7.0,24.0,4.0,2.0,1.0,4.0,1.0,0.0
5612,39,42,2,0.0,0.0,1,8.0,16.0,4.0,9.0,7.0,9.0,6.0,7.0,2.0,2.0,1.0,0.0
5613,18,5,0,0.0,0.0,1,18.0,6.0,11.0,4.0,12.0,17.0,6.0,3.0,1.0,1.0,0.0,1.0
5614,1,47,1,1.0,2.0,2,11.0,7.0,3.0,4.0,10.0,12.0,7.0,5.0,1.0,2.0,0.0,0.0
5615,46,11,0,0.0,0.0,1,21.0,13.0,11.0,8.0,10.0,15.0,5.0,3.0,1.0,3.0,0.0,0.0
5616,34,21,0,1.0,1.0,1,18.0,9.0,10.0,5.0,7.0,8.0,11.0,1.0,1.0,0.0,0.0,0.0
5617,46,1,2,1.0,1.0,1,10.0,18.0,6.0,10.0,10.0,14.0,7.0,8.0,2.0,1.0,0.0,0.0
5618,26,34,0,3.0,0.0,0,23.0,7.0,12.0,3.0,10.0,15.0,8.0,4.0,0.0,2.0,0.0,0.0
5619,40,28,1,1.0,0.0,0,12.0,13.0,7.0,9.0,12.0,10.0,3.0,7.0,2.0,4.0,0.0,0.0
5620,29,19,0,0.0,0.0,1,33.0,8.0,19.0,5.0,7.0,11.0,11.0,1.0,1.0,1.0,0.0,0.0
5621,14,45,0,1.0,1.0,1,22.0,4.0,15.0,2.0,13.0,10.0,11.0,1.0,0.0,1.0,0.0,0.0
5622,2,18,1,1.0,2.0,2,7.0,13.0,4.0,11.0,10.0,11.0,5.0,4.0,1.0,1.0,0.0,0.0
5623,11,47,2,0.0,1.0,2,22.0,7.0,11.0,3.0,10.0,21.0,11.0,6.0,1.0,4.0,0.0,0.0
5624,42,3,0,1.0,0.0,0,14.0,10.0,7.0,7.0,12.0,7.0,5.0,6.0,0.0,0.0,0.0,0.0
5625,39,1,1,0.0,0.0,1,13.0,10.0,6.0,5.0,6.0,6.0,8.0,6.0,0.0,4.0,0.0,0.0
5626,5,46,0,1.0,0.0,0,8.0,13.0,6.0,7.0,20.0,13.0,3.0,6.0,1.0,2.0,0.0,0.0
5627,21,0,2,1.0,1.0,1,7.0,18.0,2.0,9.0,16.0,13.0,2.0,8.0,2.0,2.0,1.0,0.0
5628,11,39,1,0.0,1.0,2,10.0,8.0,3.0,3.0,12.0,10.0,4.0,4.0,2.0,0.0,0.0,0.0
5629,40,5,0,1.0,0.0,0,12.0,7.0,7.0,2.0,14.0,10.0,2.0,7.0,2.0,2.0,0.0,1.0
5630,34,2,2,0.0,2.0,2,11.0,10.0,8.0,6.0,12.0,13.0,5.0,6.0,1.0,2.0,0.0,0.0
5631,46,26,0,1.0,0.0,0,12.0,11.0,4.0,3.0,15.0,14.0,4.0,7.0,1.0,5.0,0.0,0.0
5632,18,21,0,2.0,1.0,0,18.0,7.0,10.0,4.0,12.0,21.0,4.0,1.0,0.0,1.0,0.0,0.0
5633,45,5,2,0.0,2.0,2,18.0,15.0,8.0,7.0,13.0,21.0,6.0,3.0,2.0,5.0,0.0,1.0
5634,0,11,0,1.0,0.0,0,20.0,8.0,11.0,5.0,5.0,12.0,8.0,2.0,0.0,4.0,0.0,0.0
5635,47,29,2,0.0,0.0,1,12.0,15.0,6.0,6.0,9.0,8.0,2.0,4.0,2.0,1.0,0.0,0.0
5636,40,19,1,0.0,0.0,1,12.0,3.0,5.0,1.0,15.0,16.0,2.0,2.0,3.0,3.0,0.0,0.0
5637,42,18,0,2.0,0.0,0,13.0,14.0,9.0,10.0,9.0,18.0,6.0,9.0,1.0,4.0,0.0,0.0
5638,26,3,0,2.0,1.0,0,12.0,12.0,6.0,7.0,10.0,22.0,4.0,5.0,1.0,5.0,0.0,0.0
5639,5,47,0,1.0,0.0,0,16.0,6.0,9.0,4.0,10.0,6.0,7.0,11.0,0.0,2.0,0.0,0.0
5640,14,28,2,1.0,1.0,1,23.0,8.0,13.0,6.0,21.0,12.0,3.0,2.0,3.0,1.0,2.0,0.0
5641,2,46,0,1.0,0.0,0,10.0,11.0,5.0,2.0,16.0,18.0,2.0,7.0,1.0,3.0,0.0,0.0
5642,11,34,2,1.0,1.0,1,14.0,13.0,8.0,5.0,12.0,13.0,4.0,3.0,1.0,2.0,0.0,1.0
5643,39,0,2,1.0,1.0,1,4.0,17.0,3.0,11.0,12.0,7.0,3.0,6.0,0.0,1.0,1.0,0.0
5644,29,45,0,1.0,0.0,0,12.0,10.0,9.0,4.0,10.0,12.0,6.0,7.0,0.0,1.0,0.0,0.0
5645,28,26,1,0.0,0.0,1,4.0,6.0,1.0,2.0,7.0,15.0,8.0,5.0,1.0,6.0,0.0,0.0
5646,1,11,0,1.0,1.0,1,15.0,13.0,8.0,10.0,5.0,12.0,9.0,5.0,0.0,3.0,0.0,0.0
5647,46,42,2,0.0,1.0,2,8.0,13.0,7.0,12.0,17.0,13.0,3.0,2.0,3.0,4.0,0.0,0.0
5648,19,2,0,0.0,1.0,2,11.0,9.0,6.0,6.0,9.0,16.0,3.0,1.0,1.0,1.0,0.0,0.0
5649,3,5,0,1.0,0.0,0,12.0,10.0,7.0,7.0,15.0,12.0,8.0,3.0,0.0,1.0,0.0,0.0
5650,18,29,0,1.0,1.0,1,11.0,11.0,7.0,5.0,12.0,10.0,4.0,12.0,5.0,1.0,0.0,0.0
5651,34,39,2,1.0,0.0,0,15.0,14.0,12.0,7.0,10.0,10.0,7.0,7.0,2.0,1.0,0.0,1.0
5652,45,21,0,1.0,0.0,0,20.0,7.0,12.0,3.0,13.0,12.0,9.0,2.0,1.0,1.0,0.0,1.0
5653,47,14,2,0.0,1.0,2,11.0,7.0,7.0,2.0,12.0,14.0,1.0,5.0,0.0,1.0,0.0,0.0
5654,0,40,0,1.0,0.0,0,16.0,6.0,10.0,4.0,8.0,10.0,7.0,1.0,1.0,5.0,0.0,0.0
5655,46,5,1,0.0,0.0,1,10.0,8.0,1.0,0.0,6.0,9.0,4.0,9.0,0.0,1.0,0.0,0.0
5656,39,28,1,0.0,0.0,1,8.0,9.0,5.0,3.0,21.0,14.0,3.0,3.0,3.0,3.0,1.0,0.0
5657,18,14,0,1.0,1.0,1,7.0,14.0,5.0,5.0,13.0,15.0,5.0,6.0,1.0,2.0,0.0,0.0
5658,0,26,0,0.0,0.0,1,11.0,9.0,6.0,7.0,19.0,13.0,3.0,6.0,3.0,2.0,0.0,0.0
5659,45,2,0,1.0,0.0,0,13.0,9.0,10.0,4.0,12.0,9.0,3.0,6.0,1.0,2.0,0.0,0.0
5660,3,21,0,1.0,0.0,0,20.0,7.0,10.0,4.0,14.0,13.0,6.0,6.0,1.0,3.0,0.0,1.0
5661,1,29,1,1.0,1.0,1,10.0,12.0,6.0,6.0,9.0,10.0,1.0,7.0,0.0,1.0,0.0,1.0
5662,47,42,0,1.0,0.0,0,8.0,10.0,4.0,4.0,15.0,10.0,5.0,7.0,2.0,1.0,0.0,0.0
5663,46,39,1,1.0,0.0,0,16.0,10.0,11.0,6.0,12.0,7.0,9.0,5.0,2.0,3.0,0.0,0.0
5664,34,40,1,0.0,1.0,2,12.0,7.0,6.0,2.0,10.0,15.0,8.0,4.0,3.0,1.0,1.0,2.0
5665,19,11,0,2.0,0.0,0,16.0,10.0,12.0,3.0,9.0,9.0,6.0,2.0,1.0,0.0,0.0,0.0
5666,28,5,0,1.0,0.0,0,8.0,11.0,4.0,5.0,8.0,18.0,6.0,3.0,0.0,2.0,0.0,0.0
5667,2,47,0,0.0,1.0,2,15.0,12.0,10.0,5.0,12.0,18.0,11.0,4.0,5.0,3.0,0.0,0.0
5668,14,0,0,2.0,0.0,0,9.0,14.0,3.0,6.0,11.0,14.0,4.0,8.0,2.0,2.0,0.0,0.0
5669,26,18,0,0.0,0.0,1,9.0,6.0,4.0,3.0,11.0,23.0,8.0,8.0,3.0,3.0,1.0,1.0
5670,5,19,1,0.0,0.0,1,16.0,7.0,11.0,4.0,8.0,12.0,2.0,5.0,0.0,0.0,0.0,0.0
5671,40,46,1,0.0,1.0,2,11.0,14.0,8.0,6.0,12.0,14.0,2.0,3.0,4.0,5.0,0.0,0.0
5672,11,45,0,1.0,0.0,0,8.0,20.0,4.0,11.0,15.0,13.0,3.0,5.0,2.0,1.0,0.0,0.0
5673,29,34,0,2.0,0.0,0,21.0,7.0,8.0,5.0,9.0,11.0,12.0,1.0,1.0,4.0,0.0,0.0
5674,21,28,0,1.0,0.0,0,8.0,17.0,4.0,11.0,14.0,14.0,4.0,8.0,2.0,4.0,0.0,0.0
5675,39,3,0,2.0,0.0,0,15.0,9.0,11.0,4.0,13.0,20.0,12.0,7.0,2.0,3.0,0.0,1.0
5676,42,1,1,0.0,0.0,1,28.0,10.0,15.0,5.0,10.0,13.0,12.0,4.0,0.0,0.0,0.0,0.0
5677,19,34,0,0.0,0.0,1,14.0,12.0,9.0,8.0,12.0,12.0,5.0,5.0,0.0,1.0,0.0,0.0
5678,21,14,1,1.0,1.0,1,7.0,21.0,3.0,11.0,9.0,12.0,6.0,8.0,1.0,3.0,0.0,0.0
5679,40,39,1,0.0,0.0,1,6.0,4.0,5.0,3.0,7.0,16.0,7.0,3.0,2.0,3.0,0.0,0.0
5680,0,29,2,0.0,2.0,2,18.0,11.0,7.0,5.0,9.0,12.0,8.0,5.0,1.0,0.0,0.0,0.0
5681,28,34,0,2.0,0.0,0,13.0,10.0,6.0,4.0,9.0,14.0,10.0,7.0,1.0,3.0,0.0,0.0
5682,2,42,1,0.0,0.0,1,12.0,21.0,6.0,12.0,12.0,8.0,5.0,8.0,4.0,2.0,0.0,0.0
5683,11,14,2,0.0,1.0,2,5.0,16.0,3.0,9.0,12.0,12.0,2.0,9.0,1.0,1.0,0.0,0.0
5684,26,5,0,1.0,0.0,0,13.0,4.0,6.0,1.0,12.0,10.0,11.0,3.0,1.0,3.0,0.0,0.0
5685,19,1,2,0.0,2.0,2,15.0,9.0,8.0,6.0,10.0,15.0,9.0,3.0,0.0,2.0,0.0,0.0
5686,21,47,1,1.0,0.0,0,8.0,13.0,4.0,4.0,15.0,10.0,4.0,7.0,2.0,0.0,0.0,0.0
5687,46,18,2,0.0,0.0,1,10.0,10.0,4.0,7.0,19.0,10.0,4.0,7.0,0.0,2.0,0.0,0.0
5688,45,3,1,0.0,0.0,1,7.0,8.0,6.0,4.0,17.0,13.0,10.0,7.0,0.0,1.0,0.0,0.0
5689,3,46,0,1.0,0.0,0,13.0,13.0,7.0,8.0,20.0,13.0,5.0,6.0,3.0,1.0,0.0,0.0
5690,1,0,1,0.0,0.0,1,8.0,12.0,2.0,8.0,16.0,15.0,7.0,7.0,2.0,2.0,0.0,0.0
5691,14,2,0,2.0,0.0,0,25.0,5.0,17.0,3.0,11.0,8.0,8.0,3.0,0.0,0.0,0.0,0.0
5692,18,40,0,2.0,0.0,0,11.0,5.0,7.0,3.0,10.0,19.0,3.0,8.0,0.0,1.0,0.0,0.0
5693,42,19,0,1.0,0.0,0,13.0,9.0,7.0,6.0,11.0,16.0,11.0,3.0,1.0,1.0,0.0,0.0
5694,5,11,0,1.0,0.0,0,14.0,10.0,6.0,5.0,12.0,11.0,4.0,7.0,3.0,2.0,0.0,0.0
5695,34,45,1,0.0,0.0,1,14.0,12.0,8.0,4.0,16.0,9.0,6.0,4.0,3.0,1.0,0.0,0.0
5696,47,26,1,0.0,0.0,1,6.0,6.0,4.0,3.0,10.0,11.0,0.0,7.0,0.0,1.0,0.0,0.0
5697,29,21,0,1.0,0.0,0,25.0,8.0,15.0,4.0,6.0,10.0,12.0,8.0,1.0,1.0,0.0,0.0
5698,0,5,0,1.0,2.0,2,20.0,7.0,14.0,4.0,16.0,17.0,9.0,3.0,1.0,2.0,0.0,0.0
5699,26,42,0,1.0,0.0,0,13.0,7.0,5.0,5.0,11.0,17.0,2.0,3.0,2.0,3.0,0.0,0.0
5700,5,0,2,0.0,1.0,2,12.0,14.0,6.0,9.0,13.0,5.0,2.0,4.0,1.0,2.0,0.0,0.0
5701,3,19,0,1.0,0.0,0,11.0,14.0,7.0,9.0,14.0,9.0,3.0,6.0,1.0,3.0,0.0,0.0
5702,1,45,1,0.0,0.0,1,17.0,8.0,10.0,3.0,7.0,12.0,16.0,4.0,1.0,3.0,0.0,0.0
5703,18,28,0,2.0,0.0,0,13.0,8.0,6.0,4.0,14.0,14.0,11.0,3.0,0.0,0.0,0.0,0.0
5704,42,21,1,0.0,0.0,1,25.0,8.0,18.0,2.0,14.0,11.0,14.0,1.0,4.0,2.0,0.0,0.0
5705,39,26,1,0.0,0.0,1,6.0,4.0,5.0,3.0,14.0,10.0,10.0,0.0,1.0,2.0,0.0,0.0
5706,47,46,2,0.0,0.0,1,9.0,20.0,4.0,14.0,14.0,16.0,4.0,3.0,4.0,3.0,1.0,1.0
5707,14,40,0,4.0,0.0,0,23.0,7.0,13.0,3.0,4.0,10.0,15.0,1.0,0.0,1.0,0.0,0.0
5708,29,11,0,0.0,0.0,1,24.0,11.0,11.0,5.0,12.0,7.0,7.0,1.0,0.0,0.0,0.0,0.0
5709,28,3,0,2.0,0.0,0,12.0,8.0,6.0,3.0,6.0,10.0,4.0,3.0,1.0,1.0,0.0,0.0
5710,0,18,1,1.0,1.0,1,6.0,9.0,5.0,5.0,10.0,11.0,6.0,8.0,1.0,1.0,0.0,0.0
5711,2,29,1,1.0,0.0,0,6.0,14.0,5.0,10.0,10.0,13.0,2.0,12.0,2.0,1.0,0.0,1.0
5712,39,19,0,3.0,0.0,0,11.0,14.0,9.0,7.0,13.0,7.0,8.0,10.0,1.0,0.0,0.0,0.0
5713,34,0,2,0.0,2.0,2,10.0,14.0,6.0,10.0,14.0,3.0,2.0,10.0,2.0,0.0,0.0,0.0
5714,29,46,0,3.0,0.0,0,23.0,11.0,16.0,6.0,6.0,11.0,7.0,3.0,0.0,1.0,0.0,0.0
5715,1,26,2,0.0,0.0,1,11.0,12.0,7.0,9.0,13.0,11.0,8.0,10.0,1.0,1.0,0.0,0.0
5716,5,21,1,1.0,0.0,0,16.0,12.0,6.0,7.0,14.0,18.0,8.0,8.0,1.0,2.0,0.0,0.0
5717,39,2,2,0.0,0.0,1,12.0,9.0,6.0,5.0,15.0,13.0,10.0,7.0,2.0,3.0,0.0,0.0
5718,18,11,0,0.0,0.0,1,24.0,12.0,16.0,9.0,7.0,18.0,10.0,6.0,1.0,5.0,0.0,1.0
5719,42,45,0,1.0,0.0,0,21.0,3.0,9.0,2.0,9.0,14.0,9.0,3.0,2.0,3.0,0.0,0.0
5720,3,40,1,0.0,0.0,1,21.0,13.0,11.0,8.0,6.0,20.0,4.0,4.0,1.0,4.0,0.0,0.0
5721,14,19,0,0.0,1.0,2,18.0,3.0,11.0,3.0,9.0,13.0,10.0,6.0,1.0,1.0,0.0,0.0
5722,47,28,2,0.0,1.0,2,11.0,12.0,6.0,5.0,16.0,11.0,8.0,3.0,3.0,2.0,0.0,0.0
5723,0,1,0,0.0,0.0,1,19.0,7.0,12.0,3.0,14.0,18.0,10.0,4.0,1.0,3.0,0.0,0.0
5724,21,29,2,0.0,1.0,2,12.0,19.0,6.0,11.0,13.0,17.0,5.0,6.0,0.0,2.0,0.0,0.0
5725,40,18,1,1.0,0.0,0,10.0,12.0,6.0,4.0,17.0,16.0,4.0,12.0,1.0,3.0,0.0,0.0
5726,46,3,1,0.0,1.0,2,14.0,8.0,8.0,3.0,10.0,18.0,6.0,2.0,1.0,4.0,0.0,0.0
5727,19,42,1,0.0,0.0,1,15.0,6.0,6.0,1.0,19.0,12.0,4.0,2.0,1.0,0.0,0.0,0.0
5728,45,34,0,1.0,0.0,0,13.0,11.0,5.0,7.0,10.0,19.0,6.0,4.0,0.0,3.0,0.0,0.0
5729,11,5,1,0.0,1.0,2,15.0,11.0,7.0,5.0,11.0,12.0,8.0,2.0,0.0,0.0,0.0,0.0
5730,28,39,0,2.0,0.0,0,12.0,7.0,6.0,3.0,13.0,10.0,7.0,6.0,0.0,2.0,0.0,0.0
5731,2,14,1,0.0,0.0,1,11.0,27.0,4.0,12.0,6.0,17.0,7.0,11.0,1.0,2.0,0.0,1.0
5732,26,47,0,0.0,0.0,1,14.0,6.0,10.0,2.0,9.0,10.0,7.0,1.0,0.0,1.0,0.0,1.0
5733,45,14,1,1.0,0.0,0,6.0,20.0,5.0,6.0,17.0,16.0,5.0,5.0,4.0,3.0,0.0,0.0
5734,47,11,0,1.0,0.0,0,12.0,10.0,12.0,6.0,17.0,9.0,5.0,5.0,2.0,1.0,0.0,0.0
5735,18,2,1,1.0,1.0,1,19.0,2.0,7.0,1.0,8.0,9.0,6.0,4.0,0.0,3.0,0.0,0.0
5736,28,40,0,3.0,2.0,0,11.0,7.0,5.0,5.0,13.0,8.0,6.0,4.0,2.0,2.0,0.0,1.0
5737,34,26,0,1.0,0.0,0,14.0,7.0,6.0,3.0,7.0,12.0,8.0,10.0,3.0,3.0,0.0,1.0
5738,19,29,0,1.0,0.0,0,10.0,16.0,7.0,4.0,10.0,9.0,5.0,2.0,0.0,1.0,0.0,0.0
5739,0,21,0,1.0,0.0,0,18.0,6.0,9.0,2.0,9.0,14.0,8.0,0.0,1.0,5.0,0.0,0.0
5740,1,39,0,0.0,0.0,1,17.0,13.0,8.0,5.0,9.0,12.0,3.0,4.0,0.0,1.0,0.0,0.0
5741,3,42,2,0.0,1.0,2,13.0,7.0,9.0,2.0,7.0,6.0,5.0,0.0,0.0,1.0,0.0,0.0
5742,26,46,0,1.0,0.0,0,12.0,8.0,7.0,5.0,12.0,11.0,13.0,0.0,1.0,1.0,0.0,0.0
5743,11,0,1,1.0,1.0,1,8.0,17.0,3.0,9.0,11.0,11.0,3.0,6.0,2.0,0.0,0.0,0.0
5744,14,34,0,1.0,0.0,0,21.0,7.0,8.0,3.0,11.0,11.0,11.0,2.0,0.0,0.0,0.0,0.0
5745,42,28,0,1.0,0.0,0,19.0,9.0,7.0,5.0,10.0,8.0,5.0,6.0,2.0,3.0,0.0,0.0
5746,40,1,2,0.0,1.0,2,15.0,11.0,5.0,4.0,16.0,14.0,7.0,1.0,2.0,2.0,1.0,0.0
5747,29,47,0,2.0,0.0,0,12.0,4.0,9.0,1.0,11.0,11.0,8.0,3.0,1.0,1.0,0.0,0.0
5748,5,45,0,0.0,0.0,1,23.0,9.0,12.0,6.0,10.0,7.0,8.0,4.0,4.0,1.0,0.0,0.0
5749,2,3,0,1.0,0.0,0,13.0,8.0,6.0,4.0,8.0,16.0,6.0,7.0,2.0,2.0,0.0,0.0
5750,26,0,2,1.0,0.0,0,6.0,7.0,3.0,5.0,19.0,16.0,3.0,4.0,3.0,3.0,0.0,0.0
5751,5,28,1,2.0,2.0,1,12.0,14.0,8.0,6.0,11.0,9.0,5.0,9.0,3.0,3.0,0.0,1.0
5752,21,3,1,0.0,0.0,1,9.0,14.0,7.0,9.0,14.0,19.0,3.0,4.0,1.0,2.0,0.0,0.0
5753,29,1,2,0.0,1.0,2,16.0,8.0,9.0,5.0,4.0,14.0,9.0,4.0,1.0,1.0,0.0,0.0
5754,2,45,0,0.0,0.0,1,16.0,14.0,9.0,7.0,12.0,13.0,11.0,7.0,3.0,4.0,0.0,1.0
5755,42,47,2,0.0,1.0,2,18.0,3.0,10.0,3.0,8.0,13.0,1.0,5.0,0.0,5.0,0.0,0.0
5756,40,34,1,1.0,0.0,0,16.0,9.0,9.0,6.0,12.0,14.0,9.0,6.0,4.0,3.0,0.0,1.0
5757,39,46,1,1.0,1.0,1,14.0,11.0,5.0,8.0,19.0,8.0,5.0,3.0,5.0,1.0,0.0,0.0
5758,14,18,1,2.0,2.0,1,25.0,10.0,13.0,7.0,13.0,17.0,7.0,1.0,0.0,1.0,0.0,0.0
5759,11,19,1,0.0,0.0,1,10.0,12.0,8.0,6.0,12.0,8.0,7.0,4.0,0.0,2.0,0.0,0.0
5760,19,40,0,1.0,0.0,0,16.0,8.0,5.0,5.0,9.0,12.0,4.0,8.0,1.0,2.0,0.0,0.0
5761,18,42,1,0.0,0.0,1,15.0,19.0,6.0,11.0,11.0,18.0,1.0,6.0,4.0,4.0,0.0,0.0
5762,28,14,0,1.0,1.0,1,13.0,10.0,8.0,6.0,12.0,17.0,9.0,6.0,1.0,6.0,0.0,0.0
5763,3,26,1,0.0,0.0,1,9.0,15.0,3.0,11.0,15.0,9.0,1.0,8.0,1.0,0.0,0.0,0.0
5764,46,2,2,1.0,0.0,0,18.0,10.0,7.0,9.0,14.0,8.0,2.0,2.0,2.0,0.0,0.0,0.0
5765,34,11,0,0.0,0.0,1,9.0,14.0,4.0,8.0,16.0,14.0,5.0,5.0,4.0,2.0,0.0,0.0
5766,47,5,0,1.0,0.0,0,12.0,17.0,11.0,10.0,9.0,16.0,11.0,10.0,2.0,1.0,0.0,0.0
5767,0,39,0,1.0,0.0,0,12.0,5.0,8.0,4.0,3.0,7.0,10.0,2.0,0.0,0.0,0.0,0.0
5768,45,29,2,0.0,1.0,2,11.0,18.0,7.0,11.0,8.0,16.0,2.0,8.0,0.0,1.0,0.0,0.0
5769,1,21,0,2.0,0.0,0,13.0,5.0,6.0,1.0,15.0,15.0,9.0,3.0,4.0,3.0,0.0,0.0
5770,47,2,2,0.0,1.0,2,8.0,13.0,2.0,7.0,14.0,8.0,6.0,5.0,2.0,1.0,0.0,0.0
5771,0,14,2,0.0,2.0,2,5.0,7.0,3.0,5.0,17.0,12.0,4.0,3.0,2.0,2.0,0.0,0.0
5772,18,26,2,0.0,1.0,2,12.0,9.0,8.0,7.0,15.0,12.0,6.0,4.0,1.0,0.0,0.0,0.0
5773,19,5,1,0.0,1.0,2,12.0,4.0,7.0,2.0,7.0,21.0,8.0,5.0,1.0,6.0,0.0,0.0
5774,45,11,0,3.0,0.0,0,9.0,16.0,5.0,10.0,10.0,15.0,1.0,7.0,2.0,1.0,0.0,1.0
5775,28,21,1,1.0,0.0,0,17.0,8.0,7.0,3.0,14.0,12.0,8.0,2.0,1.0,3.0,0.0,0.0
5776,3,39,1,0.0,0.0,1,11.0,7.0,4.0,4.0,12.0,11.0,9.0,2.0,1.0,2.0,0.0,0.0
5777,46,40,0,0.0,0.0,1,16.0,9.0,10.0,4.0,12.0,14.0,5.0,8.0,0.0,3.0,0.0,0.0
5778,34,29,2,1.0,1.0,1,20.0,12.0,12.0,8.0,16.0,10.0,4.0,8.0,4.0,3.0,0.0,0.0
5779,1,42,1,1.0,0.0,0,12.0,23.0,4.0,17.0,10.0,8.0,7.0,9.0,0.0,1.0,0.0,0.0
5780,21,18,0,3.0,0.0,0,8.0,5.0,7.0,3.0,18.0,23.0,3.0,4.0,1.0,4.0,0.0,0.0
5781,19,3,0,1.0,0.0,0,8.0,7.0,4.0,3.0,7.0,13.0,3.0,3.0,0.0,0.0,0.0,0.0
5782,5,3,2,0.0,1.0,2,15.0,15.0,8.0,11.0,13.0,12.0,7.0,7.0,3.0,1.0,0.0,0.0
5783,39,34,0,0.0,0.0,1,9.0,14.0,3.0,7.0,15.0,13.0,4.0,4.0,1.0,2.0,0.0,0.0
5784,42,46,0,1.0,0.0,0,28.0,11.0,16.0,5.0,9.0,11.0,10.0,5.0,1.0,0.0,0.0,0.0
5785,11,1,1,1.0,0.0,0,11.0,10.0,6.0,6.0,6.0,12.0,6.0,8.0,0.0,3.0,0.0,0.0
5786,2,19,0,1.0,0.0,0,3.0,12.0,2.0,5.0,7.0,9.0,0.0,7.0,1.0,0.0,0.0,0.0
5787,26,28,1,0.0,0.0,1,10.0,9.0,6.0,6.0,9.0,13.0,7.0,3.0,2.0,0.0,0.0,0.0
5788,14,47,0,3.0,0.0,0,23.0,4.0,14.0,3.0,4.0,14.0,5.0,6.0,0.0,2.0,0.0,0.0
5789,29,18,0,1.0,0.0,0,18.0,11.0,11.0,5.0,4.0,6.0,13.0,4.0,2.0,2.0,0.0,0.0
5790,40,0,0,0.0,0.0,1,5.0,9.0,1.0,3.0,10.0,10.0,2.0,6.0,2.0,1.0,0.0,0.0
5791,21,45,1,3.0,2.0,0,12.0,16.0,8.0,10.0,9.0,17.0,5.0,3.0,0.0,4.0,1.0,0.0
5792,26,2,1,1.0,2.0,2,27.0,5.0,14.0,2.0,7.0,9.0,11.0,1.0,1.0,2.0,0.0,0.0
5793,21,39,0,0.0,1.0,2,16.0,7.0,8.0,4.0,12.0,14.0,4.0,2.0,1.0,4.0,0.0,1.0
5794,45,18,2,0.0,1.0,2,16.0,9.0,7.0,6.0,12.0,18.0,5.0,4.0,0.0,5.0,0.0,0.0
5795,46,19,1,1.0,1.0,1,19.0,7.0,12.0,3.0,15.0,16.0,10.0,6.0,2.0,1.0,0.0,0.0
5796,14,29,0,0.0,0.0,1,12.0,21.0,9.0,10.0,13.0,15.0,0.0,7.0,3.0,3.0,0.0,0.0
5797,28,11,1,1.0,2.0,2,13.0,6.0,8.0,4.0,10.0,11.0,8.0,3.0,1.0,3.0,0.0,0.0
5798,47,0,2,0.0,3.0,2,8.0,11.0,6.0,6.0,9.0,15.0,4.0,4.0,2.0,3.0,0.0,0.0
5799,1,5,0,2.0,1.0,0,19.0,13.0,13.0,9.0,17.0,16.0,8.0,1.0,1.0,4.0,0.0,0.0
5800,42,40,0,1.0,0.0,0,10.0,14.0,8.0,6.0,10.0,19.0,4.0,4.0,1.0,2.0,0.0,0.0
5801,3,34,0,0.0,1.0,2,10.0,9.0,6.0,3.0,12.0,18.0,8.0,5.0,3.0,3.0,0.0,0.0
5802,45,1,0,1.0,0.0,0,14.0,13.0,7.0,10.0,11.0,12.0,6.0,14.0,2.0,4.0,0.0,1.0
5803,2,28,1,0.0,0.0,1,7.0,14.0,4.0,6.0,9.0,8.0,4.0,8.0,3.0,1.0,1.0,0.0
5804,18,1,1,1.0,0.0,0,9.0,13.0,4.0,8.0,15.0,16.0,3.0,4.0,1.0,3.0,1.0,1.0
5805,19,26,0,1.0,1.0,1,10.0,6.0,6.0,3.0,10.0,13.0,2.0,2.0,1.0,0.0,0.0,2.0
5806,39,47,1,2.0,0.0,0,10.0,11.0,5.0,7.0,13.0,15.0,4.0,3.0,0.0,3.0,0.0,0.0
5807,40,45,1,1.0,2.0,2,17.0,15.0,7.0,9.0,12.0,16.0,7.0,3.0,3.0,3.0,1.0,1.0
5808,29,3,0,0.0,0.0,1,20.0,2.0,11.0,1.0,10.0,21.0,7.0,2.0,0.0,2.0,0.0,0.0
5809,0,42,0,2.0,0.0,0,18.0,7.0,12.0,5.0,10.0,10.0,6.0,2.0,1.0,1.0,0.0,0.0
5810,34,46,0,2.0,0.0,0,21.0,8.0,11.0,3.0,11.0,10.0,7.0,4.0,0.0,1.0,0.0,0.0
5811,11,21,0,1.0,0.0,0,11.0,8.0,5.0,6.0,12.0,13.0,8.0,1.0,1.0,4.0,0.0,1.0
5812,5,14,2,0.0,1.0,2,15.0,27.0,6.0,17.0,9.0,7.0,8.0,10.0,1.0,1.0,1.0,0.0
5813,26,29,0,0.0,0.0,1,11.0,7.0,6.0,5.0,20.0,11.0,5.0,1.0,2.0,3.0,1.0,1.0
5814,45,0,1,0.0,2.0,2,15.0,15.0,9.0,10.0,17.0,15.0,6.0,8.0,3.0,2.0,1.0,0.0
5815,28,19,1,0.0,0.0,1,20.0,11.0,7.0,5.0,11.0,12.0,14.0,2.0,0.0,2.0,0.0,0.0
5816,5,18,0,2.0,1.0,0,12.0,17.0,8.0,12.0,14.0,15.0,4.0,4.0,3.0,1.0,0.0,0.0
5817,42,39,2,0.0,0.0,1,22.0,8.0,12.0,2.0,8.0,18.0,7.0,1.0,0.0,3.0,0.0,0.0
5818,2,40,0,1.0,0.0,0,19.0,14.0,13.0,6.0,9.0,14.0,6.0,8.0,3.0,1.0,0.0,0.0
5819,14,3,0,1.0,0.0,0,26.0,5.0,15.0,2.0,8.0,10.0,8.0,0.0,0.0,1.0,0.0,0.0
5820,21,34,1,0.0,0.0,1,7.0,8.0,3.0,2.0,16.0,23.0,6.0,6.0,2.0,1.0,0.0,0.0
5821,47,1,1,0.0,0.0,1,8.0,12.0,4.0,8.0,10.0,16.0,8.0,3.0,1.0,2.0,0.0,0.0
5822,11,46,2,1.0,1.0,1,12.0,13.0,9.0,8.0,12.0,11.0,7.0,4.0,2.0,0.0,0.0,0.0
5823,19,21,0,1.0,0.0,0,17.0,5.0,11.0,2.0,13.0,15.0,7.0,4.0,1.0,1.0,0.0,0.0
5824,46,28,1,1.0,0.0,0,13.0,5.0,7.0,4.0,15.0,11.0,6.0,6.0,2.0,1.0,0.0,1.0
5825,3,11,0,3.0,1.0,0,12.0,9.0,6.0,5.0,18.0,14.0,3.0,2.0,3.0,3.0,0.0,0.0
5826,1,14,0,1.0,1.0,1,7.0,21.0,5.0,13.0,19.0,13.0,6.0,9.0,2.0,1.0,0.0,0.0
5827,34,42,2,0.0,2.0,2,23.0,9.0,13.0,4.0,14.0,13.0,10.0,9.0,3.0,3.0,1.0,1.0
5828,29,5,0,2.0,0.0,0,13.0,15.0,7.0,7.0,15.0,8.0,13.0,1.0,0.0,1.0,0.0,0.0
5829,18,47,1,0.0,0.0,1,13.0,12.0,5.0,6.0,6.0,15.0,6.0,5.0,1.0,3.0,0.0,1.0
5830,39,45,0,1.0,1.0,1,11.0,12.0,4.0,11.0,16.0,13.0,5.0,6.0,3.0,3.0,0.0,0.0
5831,40,26,0,1.0,0.0,0,13.0,15.0,7.0,6.0,20.0,17.0,1.0,7.0,2.0,1.0,0.0,0.0
5832,0,2,0,2.0,1.0,0,20.0,3.0,12.0,2.0,8.0,16.0,7.0,3.0,1.0,2.0,0.0,0.0
5833,1,28,1,1.0,0.0,0,12.0,9.0,6.0,7.0,10.0,8.0,6.0,6.0,1.0,2.0,0.0,0.0
5834,18,39,1,0.0,0.0,1,24.0,8.0,17.0,6.0,5.0,15.0,11.0,4.0,1.0,3.0,0.0,0.0
5835,45,19,1,1.0,0.0,0,20.0,10.0,10.0,6.0,12.0,9.0,8.0,4.0,3.0,2.0,0.0,1.0
5836,0,3,0,3.0,2.0,0,24.0,7.0,18.0,7.0,9.0,10.0,8.0,1.0,1.0,1.0,0.0,0.0
5837,14,26,0,0.0,0.0,1,12.0,12.0,8.0,3.0,14.0,17.0,5.0,8.0,1.0,1.0,0.0,0.0
5838,11,2,0,0.0,0.0,1,15.0,10.0,13.0,6.0,17.0,11.0,8.0,4.0,0.0,3.0,0.0,0.0
5839,21,46,0,0.0,0.0,1,11.0,13.0,6.0,5.0,14.0,8.0,4.0,2.0,0.0,2.0,0.0,0.0
5840,47,34,2,0.0,1.0,2,11.0,12.0,5.0,8.0,8.0,12.0,8.0,6.0,1.0,2.0,0.0,0.0
5841,29,40,1,0.0,1.0,2,17.0,4.0,9.0,3.0,11.0,15.0,14.0,1.0,2.0,3.0,0.0,1.0
5842,5,42,1,1.0,1.0,1,12.0,17.0,9.0,9.0,15.0,16.0,5.0,6.0,2.0,1.0,0.0,0.0
5843,28,45,0,2.0,1.0,0,20.0,12.0,12.0,8.0,18.0,14.0,11.0,5.0,1.0,1.0,0.0,0.0
5844,40,47,0,1.0,0.0,0,10.0,15.0,8.0,11.0,18.0,11.0,7.0,8.0,1.0,3.0,0.0,0.0
5845,39,29,2,0.0,0.0,1,2.0,13.0,1.0,7.0,9.0,8.0,2.0,7.0,1.0,1.0,0.0,0.0
5846,46,14,0,1.0,0.0,0,15.0,14.0,9.0,8.0,11.0,11.0,4.0,7.0,1.0,2.0,0.0,1.0
5847,34,18,2,0.0,1.0,2,16.0,12.0,12.0,8.0,14.0,17.0,5.0,6.0,0.0,3.0,0.0,0.0
5848,26,21,0,2.0,1.0,0,22.0,7.0,14.0,3.0,10.0,3.0,13.0,2.0,1.0,4.0,0.0,0.0
5849,2,5,2,0.0,1.0,2,12.0,10.0,6.0,4.0,9.0,17.0,8.0,4.0,2.0,1.0,0.0,0.0
5850,3,1,0,1.0,1.0,1,15.0,10.0,7.0,5.0,14.0,11.0,6.0,5.0,2.0,3.0,1.0,0.0
5851,19,0,2,0.0,0.0,1,18.0,14.0,12.0,4.0,14.0,11.0,4.0,6.0,4.0,0.0,0.0,0.0
5852,42,11,0,2.0,0.0,0,18.0,10.0,12.0,7.0,10.0,14.0,2.0,7.0,1.0,1.0,0.0,0.0
5853,29,28,0,1.0,1.0,1,21.0,10.0,11.0,6.0,15.0,14.0,11.0,1.0,2.0,2.0,0.0,0.0
5854,18,3,0,1.0,0.0,0,18.0,7.0,11.0,4.0,15.0,18.0,6.0,2.0,1.0,2.0,0.0,0.0
5855,47,19,0,1.0,0.0,0,12.0,3.0,4.0,1.0,14.0,11.0,3.0,3.0,1.0,1.0,0.0,0.0
5856,14,42,0,1.0,0.0,0,25.0,9.0,15.0,4.0,7.0,9.0,11.0,3.0,0.0,2.0,0.0,0.0
5857,1,34,0,2.0,0.0,0,7.0,17.0,5.0,12.0,17.0,12.0,7.0,5.0,2.0,0.0,0.0,0.0
5858,0,46,0,1.0,0.0,0,23.0,8.0,11.0,5.0,6.0,18.0,6.0,4.0,2.0,2.0,0.0,0.0
5859,11,40,0,1.0,1.0,1,10.0,8.0,3.0,5.0,4.0,15.0,4.0,4.0,0.0,3.0,0.0,0.0
5860,45,26,2,2.0,2.0,1,8.0,19.0,5.0,15.0,13.0,17.0,4.0,4.0,3.0,3.0,0.0,0.0
5861,21,2,2,0.0,0.0,1,16.0,14.0,11.0,9.0,15.0,13.0,10.0,8.0,0.0,2.0,0.0,0.0
5862,5,39,1,0.0,0.0,1,11.0,10.0,5.0,6.0,6.0,11.0,4.0,6.0,2.0,2.0,0.0,0.0
5863,19,18,0,0.0,1.0,2,14.0,6.0,8.0,6.0,6.0,10.0,5.0,3.0,1.0,0.0,0.0,0.0
5864,2,1,2,0.0,0.0,1,11.0,12.0,7.0,5.0,10.0,20.0,7.0,1.0,1.0,2.0,0.0,0.0
5865,40,21,0,1.0,1.0,1,7.0,6.0,4.0,5.0,18.0,15.0,7.0,8.0,2.0,2.0,0.0,0.0
5866,34,5,2,1.0,2.0,2,21.0,14.0,11.0,6.0,17.0,17.0,7.0,5.0,2.0,0.0,0.0,0.0
5867,28,0,0,1.0,0.0,0,10.0,19.0,6.0,9.0,13.0,12.0,3.0,12.0,3.0,2.0,0.0,0.0
5868,39,14,2,1.0,1.0,1,4.0,18.0,2.0,10.0,13.0,11.0,4.0,14.0,3.0,3.0,0.0,0.0
5869,26,11,0,2.0,0.0,0,27.0,6.0,16.0,3.0,8.0,10.0,7.0,5.0,0.0,2.0,0.0,0.0
5870,46,45,0,0.0,0.0,1,12.0,12.0,6.0,5.0,13.0,11.0,6.0,7.0,2.0,1.0,0.0,0.0
5871,42,29,2,1.0,2.0,2,11.0,17.0,7.0,13.0,16.0,13.0,3.0,9.0,3.0,2.0,0.0,1.0
5872,3,47,0,1.0,0.0,0,13.0,9.0,10.0,5.0,13.0,16.0,10.0,6.0,1.0,2.0,0.0,0.0
5873,34,28,2,0.0,1.0,2,11.0,12.0,6.0,8.0,12.0,7.0,3.0,11.0,2.0,1.0,0.0,0.0
5874,18,46,0,0.0,0.0,1,26.0,12.0,14.0,7.0,11.0,24.0,12.0,5.0,1.0,5.0,0.0,0.0
5875,1,19,0,1.0,0.0,0,9.0,6.0,4.0,3.0,9.0,9.0,9.0,4.0,1.0,2.0,0.0,0.0
5876,3,45,1,0.0,0.0,1,19.0,11.0,9.0,5.0,13.0,18.0,5.0,2.0,1.0,3.0,0.0,0.0
5877,14,11,0,1.0,0.0,0,27.0,3.0,17.0,0.0,7.0,5.0,10.0,1.0,0.0,1.0,0.0,0.0
5878,29,0,0,0.0,1.0,2,10.0,9.0,4.0,3.0,21.0,15.0,6.0,5.0,3.0,6.0,0.0,0.0
5879,42,2,0,0.0,0.0,1,20.0,11.0,14.0,6.0,12.0,10.0,7.0,3.0,2.0,2.0,0.0,0.0
5880,47,21,1,0.0,1.0,2,24.0,5.0,17.0,4.0,11.0,15.0,8.0,2.0,0.0,2.0,0.0,0.0
5881,39,40,0,1.0,0.0,0,13.0,9.0,7.0,6.0,9.0,8.0,10.0,10.0,0.0,2.0,0.0,0.0
5882,5,26,2,1.0,1.0,1,8.0,26.0,5.0,14.0,14.0,7.0,5.0,11.0,3.0,1.0,1.0,0.0
5883,26,1,2,0.0,2.0,2,21.0,7.0,12.0,4.0,15.0,11.0,10.0,4.0,3.0,2.0,0.0,0.0
5884,45,42,2,0.0,0.0,1,17.0,17.0,8.0,10.0,13.0,11.0,4.0,8.0,2.0,1.0,0.0,0.0
5885,19,14,2,0.0,1.0,2,4.0,12.0,1.0,4.0,11.0,10.0,4.0,7.0,0.0,0.0,0.0,0.0
5886,11,18,0,1.0,0.0,0,8.0,17.0,4.0,11.0,11.0,13.0,3.0,7.0,1.0,0.0,0.0,0.0
5887,28,47,0,1.0,0.0,0,16.0,10.0,11.0,2.0,7.0,11.0,5.0,6.0,0.0,1.0,0.0,0.0
5888,21,5,0,0.0,0.0,1,12.0,20.0,5.0,10.0,19.0,19.0,4.0,12.0,3.0,2.0,0.0,0.0
5889,40,3,0,1.0,1.0,1,8.0,18.0,5.0,5.0,12.0,14.0,0.0,10.0,2.0,1.0,0.0,0.0
5890,0,34,0,2.0,1.0,0,19.0,9.0,16.0,4.0,9.0,10.0,8.0,4.0,1.0,0.0,0.0,0.0
5891,46,29,2,0.0,0.0,1,16.0,16.0,7.0,13.0,11.0,8.0,3.0,5.0,2.0,2.0,0.0,0.0
5892,2,39,1,0.0,0.0,1,8.0,13.0,6.0,3.0,8.0,13.0,3.0,3.0,0.0,3.0,0.0,0.0
5893,11,29,0,1.0,0.0,0,8.0,18.0,2.0,9.0,8.0,12.0,1.0,12.0,2.0,1.0,0.0,0.0
5894,2,34,0,0.0,0.0,1,9.0,9.0,5.0,4.0,11.0,20.0,4.0,5.0,0.0,5.0,0.0,0.0
5895,26,39,0,2.0,0.0,0,18.0,6.0,13.0,3.0,10.0,9.0,11.0,5.0,0.0,1.0,0.0,0.0
5896,21,42,2,1.0,3.0,2,9.0,18.0,7.0,12.0,23.0,13.0,6.0,5.0,3.0,2.0,0.0,0.0
5897,40,14,2,1.0,0.0,0,4.0,20.0,3.0,9.0,14.0,10.0,1.0,14.0,2.0,2.0,0.0,0.0
5898,46,47,2,0.0,1.0,2,18.0,9.0,5.0,3.0,8.0,21.0,4.0,4.0,0.0,3.0,0.0,0.0
5899,29,2,0,1.0,0.0,0,26.0,6.0,17.0,4.0,13.0,7.0,13.0,2.0,1.0,1.0,0.0,0.0
5900,42,26,0,1.0,0.0,0,17.0,6.0,11.0,3.0,14.0,16.0,6.0,5.0,3.0,3.0,0.0,0.0
5901,39,11,0,2.0,0.0,0,12.0,9.0,5.0,5.0,15.0,10.0,3.0,6.0,2.0,2.0,0.0,0.0
5902,3,28,2,0.0,1.0,2,17.0,8.0,9.0,5.0,12.0,9.0,5.0,4.0,2.0,1.0,0.0,0.0
5903,5,40,2,0.0,1.0,2,11.0,20.0,3.0,13.0,16.0,10.0,4.0,7.0,2.0,1.0,0.0,0.0
5904,14,21,0,1.0,1.0,1,26.0,7.0,12.0,3.0,13.0,15.0,12.0,4.0,1.0,2.0,0.0,0.0
5905,47,45,2,0.0,1.0,2,19.0,16.0,11.0,13.0,9.0,5.0,8.0,6.0,0.0,0.0,0.0,0.0
5906,1,46,2,0.0,1.0,2,11.0,14.0,5.0,7.0,15.0,14.0,4.0,6.0,2.0,2.0,0.0,0.0
5907,34,19,2,0.0,1.0,2,16.0,9.0,4.0,3.0,11.0,18.0,6.0,4.0,3.0,2.0,0.0,0.0
5908,18,0,2,0.0,3.0,2,8.0,15.0,5.0,9.0,11.0,13.0,4.0,9.0,0.0,0.0,0.0,0.0
5909,19,18,2,0.0,1.0,2,10.0,13.0,4.0,10.0,15.0,10.0,2.0,2.0,0.0,0.0,0.0,0.0
5910,21,29,2,0.0,1.0,2,12.0,12.0,8.0,5.0,17.0,11.0,8.0,3.0,2.0,1.0,0.0,0.0
5911,46,34,0,1.0,0.0,0,19.0,9.0,10.0,3.0,8.0,21.0,8.0,2.0,0.0,4.0,0.0,0.0
5912,28,5,0,1.0,0.0,0,20.0,8.0,12.0,4.0,8.0,10.0,15.0,9.0,0.0,0.0,0.0,0.0
5913,0,39,0,4.0,1.0,0,24.0,3.0,11.0,1.0,9.0,11.0,6.0,0.0,1.0,0.0,0.0,0.0
5914,26,42,0,1.0,0.0,0,20.0,8.0,9.0,4.0,14.0,4.0,9.0,2.0,0.0,1.0,0.0,0.0
5915,1,31,0,1.0,0.0,0,15.0,8.0,5.0,3.0,8.0,10.0,5.0,3.0,0.0,2.0,0.0,1.0
5916,40,14,2,0.0,0.0,1,8.0,14.0,7.0,9.0,8.0,7.0,6.0,7.0,1.0,1.0,0.0,0.0
5917,3,44,1,0.0,0.0,1,10.0,13.0,5.0,5.0,14.0,11.0,4.0,9.0,0.0,1.0,1.0,0.0
5918,45,30,0,1.0,0.0,0,14.0,17.0,8.0,6.0,14.0,10.0,4.0,5.0,0.0,1.0,0.0,0.0
5919,34,40,0,0.0,0.0,1,9.0,20.0,4.0,9.0,11.0,6.0,5.0,6.0,1.0,0.0,0.0,0.0
5920,44,26,2,0.0,1.0,2,12.0,16.0,7.0,10.0,13.0,4.0,11.0,5.0,2.0,0.0,0.0,0.0
5921,14,3,0,1.0,0.0,0,21.0,8.0,12.0,5.0,6.0,6.0,1.0,4.0,1.0,2.0,0.0,0.0
5922,29,0,1,0.0,0.0,1,11.0,14.0,5.0,11.0,13.0,14.0,2.0,6.0,0.0,5.0,0.0,0.0
5923,18,45,0,1.0,1.0,1,18.0,8.0,9.0,3.0,15.0,14.0,6.0,3.0,1.0,2.0,0.0,1.0
5924,39,46,0,0.0,0.0,1,13.0,8.0,8.0,3.0,8.0,11.0,6.0,3.0,0.0,0.0,0.0,0.0
5925,30,1,1,1.0,0.0,0,10.0,8.0,6.0,6.0,11.0,16.0,6.0,8.0,0.0,2.0,0.0,0.0
5926,5,21,1,1.0,0.0,0,16.0,20.0,9.0,12.0,11.0,9.0,5.0,7.0,1.0,2.0,0.0,0.0
5927,42,28,0,1.0,0.0,0,11.0,9.0,4.0,3.0,5.0,7.0,4.0,7.0,0.0,1.0,0.0,0.0
5928,31,19,2,0.0,1.0,2,12.0,12.0,6.0,5.0,7.0,17.0,6.0,2.0,0.0,3.0,1.0,0.0
5929,46,29,2,1.0,0.0,0,13.0,18.0,5.0,9.0,11.0,2.0,5.0,4.0,0.0,0.0,0.0,0.0
5930,31,30,0,1.0,1.0,1,19.0,11.0,9.0,5.0,7.0,15.0,11.0,1.0,3.0,1.0,0.0,0.0
5931,0,14,2,0.0,2.0,2,15.0,16.0,7.0,8.0,19.0,12.0,6.0,2.0,1.0,0.0,0.0,0.0
5932,29,28,0,2.0,0.0,0,15.0,11.0,7.0,5.0,11.0,12.0,8.0,7.0,1.0,1.0,0.0,0.0
5933,21,39,2,0.0,1.0,2,14.0,10.0,5.0,2.0,12.0,15.0,5.0,3.0,0.0,1.0,0.0,0.0
5934,18,42,1,0.0,0.0,1,13.0,4.0,5.0,2.0,16.0,10.0,4.0,5.0,2.0,3.0,0.0,0.0
5935,19,1,0,1.0,1.0,1,15.0,7.0,11.0,2.0,10.0,9.0,7.0,5.0,1.0,0.0,0.0,0.0
5936,45,26,2,0.0,2.0,2,8.0,16.0,3.0,9.0,10.0,17.0,2.0,4.0,3.0,2.0,0.0,0.0
5937,5,40,1,0.0,0.0,1,8.0,15.0,4.0,4.0,12.0,3.0,10.0,3.0,2.0,0.0,0.0,0.0
5938,3,34,0,1.0,0.0,0,8.0,7.0,6.0,4.0,20.0,12.0,4.0,3.0,2.0,1.0,0.0,0.0
5939,44,46,0,1.0,1.0,1,12.0,11.0,10.0,4.0,12.0,8.0,5.0,3.0,2.0,0.0,0.0,0.0
5940,1,21,0,1.0,0.0,0,12.0,9.0,8.0,5.0,13.0,10.0,13.0,7.0,0.0,2.0,0.0,0.0
5941,40,18,2,0.0,0.0,1,8.0,10.0,3.0,8.0,15.0,12.0,9.0,3.0,3.0,4.0,0.0,0.0
5942,26,31,0,2.0,0.0,0,25.0,3.0,11.0,3.0,6.0,8.0,7.0,1.0,0.0,2.0,0.0,1.0
5943,46,5,1,0.0,0.0,1,16.0,10.0,7.0,2.0,14.0,10.0,9.0,6.0,2.0,3.0,0.0,0.0
5944,39,45,2,0.0,1.0,2,13.0,7.0,7.0,3.0,8.0,9.0,7.0,0.0,3.0,2.0,0.0,0.0
5945,28,3,0,3.0,0.0,0,9.0,16.0,7.0,9.0,10.0,14.0,7.0,6.0,2.0,3.0,0.0,0.0
5946,34,0,2,0.0,2.0,2,12.0,15.0,4.0,9.0,9.0,10.0,5.0,11.0,3.0,1.0,1.0,0.0
5947,42,44,0,1.0,0.0,0,16.0,10.0,9.0,7.0,6.0,7.0,9.0,7.0,1.0,1.0,0.0,0.0
5948,30,29,2,0.0,1.0,2,11.0,13.0,5.0,4.0,7.0,7.0,3.0,3.0,1.0,1.0,0.0,0.0
5949,14,19,0,2.0,1.0,0,13.0,8.0,5.0,3.0,6.0,7.0,5.0,4.0,0.0,1.0,0.0,0.0
5950,31,34,1,0.0,0.0,1,13.0,15.0,8.0,7.0,13.0,8.0,7.0,10.0,2.0,2.0,0.0,0.0
5951,3,46,0,1.0,0.0,0,14.0,17.0,8.0,8.0,11.0,11.0,3.0,9.0,0.0,0.0,0.0,0.0
5952,0,30,0,1.0,0.0,0,15.0,5.0,11.0,4.0,8.0,13.0,8.0,1.0,0.0,0.0,0.0,0.0
5953,29,42,0,0.0,2.0,2,21.0,6.0,14.0,4.0,14.0,10.0,6.0,2.0,3.0,3.0,0.0,0.0
5954,21,26,2,0.0,1.0,2,7.0,21.0,5.0,8.0,15.0,14.0,3.0,8.0,3.0,1.0,1.0,0.0
5955,18,28,2,0.0,1.0,2,12.0,16.0,4.0,10.0,12.0,14.0,5.0,3.0,1.0,3.0,0.0,0.0
5956,45,14,2,0.0,0.0,1,8.0,20.0,6.0,8.0,9.0,11.0,3.0,5.0,1.0,0.0,0.0,0.0
5957,5,1,1,0.0,1.0,2,9.0,14.0,6.0,6.0,12.0,9.0,4.0,5.0,0.0,1.0,0.0,0.0
5958,44,40,0,1.0,0.0,0,15.0,9.0,9.0,5.0,9.0,14.0,6.0,3.0,0.0,1.0,0.0,0.0
5959,19,39,0,1.0,0.0,0,10.0,9.0,7.0,2.0,8.0,11.0,5.0,7.0,1.0,2.0,0.0,0.0
5960,14,18,1,0.0,0.0,1,18.0,14.0,6.0,5.0,9.0,10.0,4.0,6.0,0.0,1.0,0.0,0.0
5961,29,34,0,1.0,0.0,0,20.0,5.0,14.0,1.0,10.0,8.0,6.0,2.0,1.0,0.0,0.0,0.0
5962,26,0,1,0.0,1.0,2,22.0,8.0,15.0,4.0,10.0,12.0,12.0,0.0,0.0,1.0,0.0,0.0
5963,28,44,0,2.0,1.0,0,18.0,26.0,11.0,17.0,18.0,14.0,3.0,9.0,1.0,2.0,0.0,0.0
5964,42,31,0,1.0,0.0,0,22.0,8.0,18.0,3.0,13.0,15.0,4.0,7.0,1.0,2.0,0.0,0.0
5965,40,21,0,1.0,0.0,0,8.0,13.0,4.0,3.0,11.0,23.0,6.0,6.0,2.0,3.0,0.0,0.0
5966,30,19,1,0.0,0.0,1,18.0,11.0,14.0,6.0,10.0,14.0,9.0,1.0,3.0,1.0,0.0,0.0
5967,1,45,1,1.0,0.0,0,17.0,18.0,7.0,9.0,9.0,10.0,12.0,11.0,2.0,3.0,0.0,0.0
5968,34,5,0,0.0,0.0,1,20.0,5.0,10.0,1.0,11.0,14.0,6.0,5.0,2.0,4.0,0.0,0.0
5969,39,3,0,0.0,0.0,1,6.0,3.0,2.0,1.0,11.0,4.0,4.0,6.0,3.0,1.0,0.0,0.0
5970,28,19,2,1.0,0.0,0,13.0,15.0,5.0,11.0,9.0,8.0,8.0,3.0,0.0,1.0,0.0,0.0
5971,1,18,1,1.0,2.0,2,15.0,10.0,8.0,6.0,9.0,15.0,11.0,7.0,0.0,2.0,0.0,0.0
5972,14,5,0,1.0,0.0,0,20.0,14.0,9.0,6.0,11.0,17.0,8.0,4.0,0.0,0.0,0.0,0.0
5973,46,0,2,1.0,0.0,0,11.0,15.0,5.0,8.0,15.0,16.0,6.0,5.0,3.0,3.0,0.0,0.0
5974,42,45,0,0.0,0.0,1,14.0,8.0,9.0,6.0,9.0,12.0,10.0,1.0,1.0,4.0,0.0,0.0
5975,40,29,2,0.0,1.0,2,12.0,18.0,7.0,8.0,6.0,3.0,5.0,4.0,1.0,2.0,0.0,0.0
5976,39,31,1,1.0,0.0,0,17.0,8.0,6.0,2.0,14.0,11.0,8.0,4.0,4.0,2.0,0.0,0.0
5977,34,44,1,1.0,0.0,0,14.0,12.0,4.0,7.0,16.0,10.0,4.0,2.0,3.0,1.0,0.0,0.0
5978,30,21,0,2.0,1.0,0,15.0,12.0,9.0,6.0,15.0,16.0,3.0,3.0,3.0,3.0,0.0,0.0
5979,26,3,0,2.0,0.0,0,22.0,7.0,12.0,5.0,6.0,13.0,7.0,2.0,2.0,1.0,0.0,0.0
5980,29,1,0,1.0,1.0,1,14.0,8.0,9.0,8.0,11.0,15.0,8.0,4.0,1.0,2.0,0.0,0.0
5981,18,46,0,1.0,0.0,0,14.0,14.0,10.0,8.0,17.0,11.0,1.0,4.0,0.0,3.0,0.0,0.0
5982,31,14,2,0.0,0.0,1,6.0,16.0,4.0,10.0,7.0,17.0,4.0,6.0,0.0,2.0,0.0,0.0
5983,19,26,2,0.0,0.0,1,3.0,19.0,1.0,10.0,8.0,10.0,3.0,6.0,2.0,2.0,0.0,0.0
5984,0,28,0,1.0,0.0,0,17.0,9.0,9.0,4.0,11.0,9.0,7.0,2.0,1.0,3.0,0.0,0.0
5985,45,40,0,1.0,0.0,0,16.0,14.0,11.0,9.0,10.0,7.0,11.0,8.0,1.0,1.0,0.0,0.0
5986,5,30,0,2.0,1.0,0,16.0,19.0,9.0,4.0,20.0,14.0,7.0,5.0,2.0,1.0,0.0,0.0
5987,44,39,2,0.0,1.0,2,12.0,9.0,9.0,6.0,10.0,10.0,6.0,3.0,2.0,1.0,0.0,0.0
5988,3,42,0,0.0,1.0,2,11.0,9.0,6.0,3.0,13.0,9.0,4.0,7.0,1.0,1.0,0.0,1.0
5989,21,34,1,0.0,0.0,1,9.0,7.0,1.0,2.0,13.0,14.0,1.0,4.0,0.0,2.0,0.0,1.0
5990,46,21,0,0.0,0.0,1,16.0,8.0,6.0,2.0,14.0,13.0,5.0,4.0,1.0,3.0,0.0,0.0
5991,28,40,0,0.0,0.0,1,18.0,6.0,10.0,5.0,16.0,12.0,7.0,7.0,3.0,6.0,0.0,1.0
5992,26,1,0,3.0,0.0,0,14.0,6.0,7.0,4.0,10.0,13.0,4.0,6.0,1.0,3.0,0.0,1.0
5993,31,0,2,0.0,0.0,1,11.0,15.0,8.0,10.0,12.0,12.0,8.0,4.0,0.0,1.0,0.0,0.0
5994,34,18,0,1.0,1.0,1,16.0,5.0,11.0,2.0,19.0,8.0,7.0,4.0,2.0,1.0,0.0,0.0
5995,3,45,1,0.0,1.0,2,15.0,6.0,11.0,2.0,14.0,9.0,6.0,1.0,2.0,1.0,0.0,0.0
5996,19,29,0,1.0,0.0,0,15.0,13.0,6.0,8.0,14.0,10.0,3.0,4.0,2.0,4.0,0.0,2.0
5997,39,30,0,0.0,0.0,1,10.0,17.0,4.0,8.0,18.0,13.0,5.0,4.0,4.0,1.0,0.0,0.0
5998,44,5,1,0.0,0.0,1,11.0,14.0,4.0,11.0,10.0,12.0,8.0,4.0,2.0,1.0,0.0,0.0
5999,42,14,0,0.0,0.0,1,8.0,15.0,4.0,9.0,14.0,8.0,8.0,7.0,2.0,2.0,0.0,0.0
6000,45,44,1,0.0,0.0,1,9.0,8.0,4.0,4.0,10.0,10.0,3.0,4.0,1.0,1.0,0.0,0.0
6001,1,42,2,0.0,1.0,2,11.0,10.0,5.0,9.0,12.0,9.0,9.0,5.0,1.0,3.0,0.0,0.0
6002,14,28,0,1.0,0.0,0,18.0,6.0,6.0,3.0,7.0,8.0,4.0,3.0,0.0,2.0,0.0,0.0
6003,40,46,2,1.0,2.0,2,7.0,9.0,3.0,5.0,8.0,11.0,6.0,2.0,0.0,1.0,0.0,0.0
6004,29,26,2,1.0,2.0,2,14.0,9.0,9.0,6.0,14.0,15.0,10.0,3.0,2.0,3.0,1.0,0.0
6005,0,3,0,1.0,0.0,0,18.0,7.0,12.0,3.0,8.0,14.0,7.0,4.0,0.0,4.0,0.0,0.0
6006,21,31,1,1.0,1.0,1,9.0,9.0,2.0,3.0,18.0,13.0,3.0,3.0,3.0,3.0,0.0,0.0
6007,18,39,0,2.0,0.0,0,17.0,10.0,13.0,5.0,7.0,12.0,4.0,9.0,0.0,1.0,0.0,0.0
6008,5,19,2,1.0,1.0,1,14.0,14.0,9.0,8.0,10.0,7.0,4.0,5.0,0.0,0.0,0.0,0.0
6009,30,34,1,0.0,1.0,2,16.0,8.0,11.0,4.0,9.0,11.0,12.0,4.0,1.0,3.0,1.0,0.0
6010,19,3,2,1.0,0.0,0,10.0,16.0,8.0,9.0,14.0,8.0,9.0,9.0,1.0,1.0,0.0,0.0
6011,40,42,1,1.0,0.0,0,8.0,13.0,3.0,8.0,17.0,9.0,4.0,1.0,3.0,2.0,0.0,0.0
6012,42,30,0,3.0,0.0,0,12.0,15.0,7.0,6.0,7.0,6.0,4.0,8.0,0.0,1.0,0.0,0.0
6013,19,21,2,0.0,0.0,1,17.0,10.0,9.0,3.0,11.0,14.0,13.0,5.0,3.0,1.0,0.0,0.0
6014,39,5,0,1.0,0.0,0,11.0,12.0,6.0,9.0,16.0,14.0,7.0,6.0,2.0,1.0,0.0,0.0
6015,46,45,2,0.0,1.0,2,20.0,8.0,8.0,4.0,9.0,11.0,8.0,1.0,2.0,5.0,1.0,1.0
6016,28,1,0,1.0,0.0,0,15.0,7.0,7.0,5.0,7.0,11.0,6.0,5.0,1.0,2.0,0.0,0.0
6017,3,18,1,0.0,0.0,1,8.0,9.0,3.0,5.0,11.0,14.0,2.0,4.0,1.0,0.0,0.0,0.0
6018,31,29,2,1.0,1.0,1,9.0,11.0,6.0,9.0,10.0,10.0,3.0,10.0,2.0,2.0,0.0,0.0
6019,34,14,2,0.0,0.0,1,13.0,20.0,9.0,11.0,7.0,15.0,6.0,5.0,0.0,0.0,0.0,0.0
6020,44,0,2,1.0,3.0,2,8.0,16.0,4.0,8.0,19.0,14.0,3.0,4.0,4.0,0.0,0.0,0.0
6021,26,40,0,0.0,0.0,1,22.0,5.0,12.0,2.0,9.0,6.0,6.0,2.0,1.0,1.0,0.0,0.0
6022,45,28,0,0.0,0.0,1,13.0,9.0,9.0,2.0,14.0,18.0,4.0,7.0,2.0,2.0,0.0,0.0
6023,21,3,2,0.0,2.0,2,9.0,8.0,5.0,6.0,14.0,19.0,6.0,4.0,2.0,3.0,1.0,1.0
6024,1,39,1,1.0,0.0,0,11.0,7.0,7.0,3.0,7.0,12.0,6.0,6.0,1.0,1.0,0.0,0.0
6025,5,31,0,0.0,0.0,1,10.0,19.0,6.0,11.0,14.0,9.0,1.0,10.0,2.0,3.0,0.0,0.0
6026,18,44,0,1.0,0.0,0,11.0,17.0,6.0,9.0,9.0,14.0,3.0,6.0,1.0,1.0,0.0,0.0
6027,0,19,1,0.0,0.0,1,16.0,12.0,8.0,3.0,6.0,14.0,11.0,6.0,0.0,0.0,0.0,0.0
6028,14,46,0,1.0,0.0,0,17.0,13.0,13.0,7.0,14.0,11.0,12.0,8.0,3.0,2.0,0.0,0.0
6029,30,26,0,1.0,0.0,0,5.0,16.0,3.0,7.0,2.0,6.0,2.0,9.0,2.0,0.0,0.0,0.0
6030,21,42,2,1.0,1.0,1,12.0,9.0,4.0,6.0,11.0,7.0,11.0,13.0,2.0,1.0,0.0,0.0
6031,26,28,1,0.0,0.0,1,18.0,10.0,5.0,4.0,10.0,13.0,6.0,4.0,1.0,2.0,0.0,0.0
6032,31,18,1,0.0,0.0,1,4.0,15.0,0.0,5.0,15.0,15.0,0.0,6.0,0.0,1.0,1.0,0.0
6033,19,44,0,0.0,0.0,1,19.0,8.0,9.0,5.0,11.0,10.0,12.0,4.0,0.0,1.0,0.0,0.0
6034,0,40,1,0.0,0.0,1,16.0,3.0,9.0,2.0,6.0,12.0,8.0,3.0,2.0,2.0,0.0,0.0
6035,39,34,1,0.0,0.0,1,6.0,6.0,2.0,2.0,6.0,10.0,2.0,3.0,1.0,3.0,0.0,0.0
6036,1,14,2,0.0,1.0,2,12.0,18.0,5.0,12.0,9.0,12.0,6.0,11.0,1.0,3.0,0.0,0.0
6037,5,45,0,2.0,0.0,0,12.0,17.0,8.0,12.0,18.0,14.0,4.0,13.0,0.0,2.0,0.0,0.0
6038,30,46,1,0.0,0.0,1,6.0,12.0,3.0,6.0,6.0,15.0,5.0,1.0,2.0,4.0,0.0,0.0
6039,29,3,0,1.0,1.0,1,15.0,12.0,7.0,7.0,7.0,19.0,4.0,7.0,2.0,2.0,0.0,0.0
6040,29,19,0,2.0,0.0,0,17.0,5.0,9.0,0.0,7.0,13.0,11.0,2.0,1.0,1.0,0.0,0.0
6041,34,28,0,0.0,0.0,1,15.0,10.0,9.0,7.0,12.0,8.0,8.0,2.0,1.0,3.0,0.0,0.0
6042,42,0,1,0.0,0.0,1,16.0,4.0,6.0,1.0,14.0,14.0,6.0,4.0,1.0,2.0,0.0,1.0
6043,45,29,2,0.0,0.0,1,9.0,11.0,5.0,6.0,14.0,8.0,5.0,11.0,1.0,1.0,0.0,0.0
6044,14,21,1,0.0,0.0,1,13.0,12.0,6.0,4.0,11.0,16.0,13.0,3.0,1.0,2.0,0.0,0.0
6045,18,5,0,1.0,0.0,0,20.0,7.0,11.0,4.0,7.0,17.0,8.0,4.0,1.0,1.0,0.0,0.0
6046,34,26,2,0.0,0.0,1,9.0,14.0,7.0,9.0,10.0,9.0,2.0,4.0,1.0,0.0,0.0,0.0
6047,44,31,2,1.0,3.0,2,13.0,10.0,7.0,7.0,7.0,11.0,3.0,4.0,2.0,2.0,0.0,0.0
6048,3,1,2,0.0,1.0,2,17.0,15.0,8.0,8.0,11.0,9.0,4.0,13.0,2.0,0.0,0.0,0.0
6049,28,30,0,0.0,0.0,1,20.0,7.0,12.0,4.0,6.0,10.0,13.0,3.0,0.0,1.0,0.0,0.0
6050,46,19,1,0.0,0.0,1,10.0,8.0,3.0,2.0,9.0,12.0,4.0,8.0,1.0,2.0,0.0,0.0
6051,40,39,0,0.0,0.0,1,12.0,5.0,6.0,1.0,7.0,9.0,3.0,3.0,2.0,1.0,0.0,1.0
6052,31,40,1,0.0,1.0,2,15.0,16.0,10.0,9.0,13.0,19.0,4.0,3.0,2.0,4.0,0.0,0.0
6053,26,14,0,0.0,0.0,1,21.0,4.0,15.0,1.0,20.0,15.0,12.0,1.0,4.0,3.0,0.0,1.0
6054,5,42,0,1.0,0.0,0,13.0,13.0,7.0,10.0,11.0,14.0,2.0,8.0,0.0,1.0,0.0,0.0
6055,19,34,0,1.0,0.0,0,6.0,12.0,6.0,6.0,9.0,8.0,5.0,8.0,0.0,1.0,0.0,0.0
6056,39,28,0,1.0,0.0,0,7.0,17.0,4.0,7.0,9.0,9.0,7.0,6.0,1.0,1.0,1.0,0.0
6057,1,46,1,0.0,0.0,1,16.0,9.0,11.0,4.0,13.0,10.0,6.0,2.0,1.0,1.0,0.0,0.0
6058,30,3,1,0.0,0.0,1,7.0,15.0,4.0,10.0,9.0,16.0,3.0,9.0,0.0,4.0,0.0,0.0
6059,29,18,0,1.0,0.0,0,17.0,7.0,10.0,4.0,11.0,14.0,6.0,2.0,0.0,0.0,0.0,0.0
6060,0,45,1,0.0,0.0,1,15.0,2.0,8.0,2.0,12.0,12.0,13.0,3.0,2.0,2.0,0.0,0.0
6061,21,44,1,1.0,0.0,0,16.0,13.0,12.0,7.0,13.0,12.0,8.0,6.0,2.0,4.0,0.0,0.0
6062,18,0,1,0.0,0.0,1,7.0,7.0,3.0,4.0,9.0,11.0,7.0,6.0,2.0,2.0,0.0,0.0
6063,3,5,1,0.0,2.0,2,15.0,9.0,12.0,5.0,12.0,14.0,6.0,4.0,3.0,4.0,0.0,0.0
6064,46,26,1,0.0,1.0,2,3.0,10.0,1.0,5.0,12.0,17.0,2.0,2.0,1.0,0.0,0.0,0.0
6065,14,30,0,0.0,0.0,1,23.0,7.0,12.0,5.0,6.0,20.0,8.0,3.0,0.0,2.0,0.0,0.0
6066,28,31,0,1.0,0.0,0,14.0,2.0,7.0,1.0,8.0,11.0,7.0,0.0,1.0,2.0,0.0,0.0
6067,45,21,0,1.0,0.0,0,25.0,15.0,13.0,12.0,11.0,15.0,11.0,5.0,0.0,1.0,0.0,0.0
6068,42,39,0,3.0,0.0,0,22.0,6.0,14.0,3.0,19.0,21.0,7.0,4.0,2.0,3.0,0.0,0.0
6069,40,19,0,0.0,0.0,1,16.0,15.0,11.0,8.0,2.0,10.0,3.0,1.0,0.0,0.0,0.0,0.0
6070,44,29,2,0.0,2.0,2,10.0,17.0,4.0,10.0,11.0,7.0,5.0,4.0,5.0,2.0,1.0,0.0
6071,34,1,2,0.0,1.0,2,17.0,9.0,8.0,2.0,9.0,10.0,17.0,5.0,2.0,2.0,1.0,0.0
6072,26,18,1,0.0,0.0,1,9.0,7.0,5.0,6.0,19.0,15.0,4.0,4.0,0.0,2.0,0.0,0.0
6073,42,34,1,0.0,0.0,1,26.0,11.0,15.0,4.0,6.0,10.0,8.0,4.0,0.0,2.0,0.0,0.0
6074,45,19,0,1.0,1.0,1,11.0,9.0,7.0,5.0,13.0,17.0,3.0,3.0,1.0,3.0,0.0,0.0
6075,5,29,2,0.0,0.0,1,7.0,16.0,2.0,13.0,8.0,5.0,1.0,8.0,1.0,1.0,0.0,0.0
6076,44,30,0,1.0,0.0,0,12.0,9.0,8.0,3.0,13.0,4.0,5.0,3.0,0.0,2.0,0.0,1.0
6077,14,39,0,0.0,0.0,1,37.0,4.0,22.0,1.0,6.0,16.0,10.0,4.0,0.0,3.0,0.0,0.0
6078,40,1,2,1.0,0.0,0,9.0,4.0,6.0,3.0,14.0,17.0,8.0,6.0,4.0,2.0,0.0,1.0
6079,28,46,0,0.0,0.0,1,10.0,15.0,3.0,6.0,12.0,16.0,2.0,11.0,1.0,4.0,1.0,0.0
6080,3,31,0,0.0,0.0,1,9.0,10.0,4.0,3.0,13.0,10.0,2.0,5.0,2.0,3.0,0.0,1.0
6081,21,0,2,0.0,1.0,2,4.0,13.0,3.0,9.0,11.0,19.0,4.0,4.0,1.0,1.0,0.0,0.0
6082,29,46,0,1.0,0.0,0,9.0,13.0,6.0,3.0,9.0,9.0,4.0,6.0,0.0,3.0,0.0,0.0
6083,46,42,0,0.0,0.0,1,13.0,6.0,5.0,3.0,13.0,13.0,8.0,3.0,3.0,3.0,0.0,0.0
6084,29,14,0,1.0,0.0,0,14.0,10.0,11.0,6.0,14.0,14.0,6.0,3.0,3.0,5.0,0.0,0.0
6085,18,21,0,2.0,0.0,0,8.0,5.0,5.0,0.0,14.0,26.0,5.0,3.0,2.0,5.0,0.0,0.0
6086,31,45,1,1.0,1.0,1,21.0,12.0,12.0,11.0,10.0,18.0,8.0,3.0,1.0,0.0,0.0,0.0
6087,0,5,0,0.0,0.0,1,14.0,2.0,9.0,2.0,13.0,16.0,5.0,0.0,2.0,2.0,0.0,0.0
6088,1,44,0,2.0,0.0,0,21.0,9.0,13.0,6.0,12.0,17.0,10.0,7.0,1.0,1.0,0.0,0.0
6089,30,40,1,1.0,0.0,0,9.0,10.0,3.0,5.0,11.0,13.0,2.0,7.0,0.0,4.0,0.0,0.0
6090,39,26,1,0.0,0.0,1,5.0,7.0,0.0,3.0,10.0,10.0,4.0,5.0,2.0,2.0,0.0,0.0
6091,21,1,2,0.0,0.0,1,8.0,7.0,3.0,3.0,11.0,8.0,9.0,5.0,1.0,2.0,0.0,0.0
6092,29,30,0,0.0,0.0,1,28.0,7.0,13.0,2.0,10.0,17.0,8.0,4.0,2.0,0.0,0.0,0.0
6093,18,40,0,2.0,0.0,0,10.0,8.0,6.0,5.0,6.0,10.0,8.0,2.0,1.0,4.0,0.0,0.0
6094,3,28,1,1.0,0.0,0,11.0,13.0,6.0,3.0,14.0,9.0,4.0,3.0,2.0,1.0,0.0,0.0
6095,44,42,0,0.0,0.0,1,17.0,4.0,11.0,3.0,13.0,12.0,8.0,4.0,3.0,2.0,0.0,1.0
6096,5,46,2,0.0,1.0,2,14.0,10.0,8.0,7.0,14.0,13.0,8.0,7.0,2.0,3.0,0.0,0.0
6097,31,26,2,1.0,2.0,2,10.0,17.0,7.0,12.0,7.0,11.0,4.0,9.0,2.0,1.0,0.0,0.0
6098,45,39,0,0.0,1.0,2,15.0,8.0,7.0,5.0,10.0,13.0,8.0,4.0,3.0,3.0,0.0,1.0
6099,0,34,0,0.0,0.0,1,11.0,4.0,7.0,3.0,9.0,9.0,11.0,2.0,0.0,1.0,0.0,0.0
6100,19,14,1,1.0,0.0,0,5.0,19.0,2.0,14.0,9.0,8.0,1.0,7.0,1.0,2.0,0.0,0.0
6101,26,5,0,1.0,0.0,0,18.0,4.0,8.0,2.0,7.0,12.0,16.0,3.0,1.0,3.0,0.0,0.0
6102,40,3,1,0.0,0.0,1,13.0,7.0,8.0,3.0,5.0,11.0,5.0,2.0,0.0,3.0,0.0,0.0
6103,42,19,1,0.0,0.0,1,14.0,10.0,7.0,7.0,7.0,11.0,4.0,2.0,0.0,1.0,0.0,0.0
6104,34,45,2,1.0,1.0,1,21.0,16.0,14.0,9.0,14.0,9.0,9.0,5.0,1.0,3.0,0.0,0.0
6105,46,31,0,1.0,0.0,0,11.0,5.0,5.0,3.0,14.0,11.0,7.0,4.0,2.0,3.0,0.0,1.0
6106,14,44,0,2.0,0.0,0,23.0,6.0,15.0,2.0,7.0,7.0,7.0,5.0,1.0,0.0,0.0,0.0
6107,1,0,1,0.0,1.0,2,13.0,8.0,9.0,6.0,10.0,10.0,7.0,6.0,4.0,4.0,0.0,0.0
6108,28,21,0,4.0,0.0,0,23.0,15.0,16.0,11.0,15.0,14.0,8.0,10.0,0.0,4.0,0.0,0.0
6109,39,29,2,0.0,0.0,1,6.0,17.0,3.0,10.0,13.0,7.0,6.0,9.0,4.0,2.0,1.0,0.0
6110,30,18,2,0.0,0.0,1,7.0,11.0,5.0,6.0,28.0,14.0,5.0,8.0,5.0,1.0,0.0,0.0
6111,18,14,1,0.0,0.0,1,10.0,6.0,8.0,2.0,16.0,12.0,6.0,5.0,0.0,3.0,0.0,1.0
6112,44,28,0,0.0,0.0,1,12.0,11.0,7.0,7.0,10.0,9.0,5.0,7.0,2.0,1.0,0.0,0.0
6113,31,42,0,1.0,1.0,1,7.0,11.0,4.0,6.0,9.0,7.0,4.0,7.0,3.0,2.0,0.0,0.0
6114,0,26,1,1.0,1.0,1,6.0,10.0,3.0,6.0,14.0,17.0,2.0,1.0,3.0,3.0,1.0,0.0
6115,5,34,0,2.0,1.0,0,19.0,8.0,10.0,5.0,14.0,16.0,6.0,3.0,1.0,1.0,0.0,0.0
6116,45,1,2,0.0,0.0,1,17.0,10.0,13.0,4.0,7.0,10.0,7.0,6.0,2.0,1.0,0.0,0.0
6117,19,30,0,1.0,0.0,0,19.0,12.0,13.0,5.0,12.0,7.0,6.0,4.0,0.0,2.0,0.0,0.0
6118,3,39,0,3.0,0.0,0,10.0,14.0,9.0,4.0,13.0,11.0,3.0,7.0,0.0,2.0,0.0,0.0
6119,21,40,2,1.0,1.0,1,14.0,15.0,8.0,6.0,20.0,10.0,6.0,6.0,3.0,1.0,1.0,0.0
6120,14,45,1,0.0,1.0,2,19.0,4.0,12.0,2.0,13.0,20.0,9.0,4.0,3.0,2.0,0.0,0.0
6121,34,31,2,0.0,0.0,1,18.0,10.0,6.0,5.0,15.0,5.0,8.0,5.0,4.0,1.0,0.0,0.0
6122,28,18,2,0.0,0.0,1,7.0,11.0,4.0,4.0,10.0,7.0,5.0,7.0,0.0,1.0,0.0,0.0
6123,30,0,1,1.0,1.0,1,8.0,17.0,3.0,11.0,8.0,11.0,5.0,10.0,0.0,1.0,0.0,0.0
6124,39,19,1,0.0,0.0,1,6.0,9.0,2.0,6.0,16.0,2.0,5.0,6.0,1.0,1.0,0.0,0.0
6125,26,21,1,2.0,2.0,1,22.0,9.0,10.0,3.0,12.0,8.0,8.0,4.0,3.0,3.0,0.0,0.0
6126,42,29,1,0.0,0.0,1,11.0,15.0,6.0,12.0,10.0,9.0,4.0,14.0,1.0,1.0,0.0,0.0
6127,46,3,0,2.0,0.0,0,10.0,11.0,5.0,4.0,9.0,14.0,6.0,9.0,1.0,1.0,0.0,0.0
6128,1,5,0,2.0,1.0,0,16.0,9.0,7.0,5.0,7.0,16.0,10.0,3.0,0.0,1.0,0.0,0.0
6129,40,44,0,3.0,0.0,0,16.0,14.0,10.0,6.0,8.0,14.0,1.0,11.0,1.0,2.0,0.0,0.0
6130,45,42,2,0.0,0.0,1,11.0,17.0,4.0,12.0,13.0,16.0,7.0,5.0,2.0,0.0,0.0,0.0
6131,18,1,2,1.0,1.0,1,12.0,5.0,7.0,5.0,18.0,16.0,10.0,6.0,2.0,1.0,0.0,0.0
6132,44,34,1,1.0,0.0,0,14.0,6.0,8.0,3.0,11.0,12.0,3.0,5.0,1.0,2.0,0.0,0.0
6133,29,40,0,0.0,0.0,1,27.0,2.0,15.0,2.0,8.0,8.0,10.0,1.0,1.0,0.0,0.0,0.0
6134,31,39,1,2.0,0.0,0,9.0,12.0,6.0,4.0,10.0,17.0,6.0,3.0,0.0,1.0,0.0,0.0
6135,21,30,0,0.0,0.0,1,17.0,9.0,7.0,7.0,10.0,8.0,8.0,6.0,1.0,1.0,0.0,1.0
6136,3,26,2,0.0,0.0,1,7.0,10.0,3.0,6.0,11.0,9.0,5.0,6.0,2.0,2.0,0.0,0.0
6137,0,46,0,1.0,0.0,0,11.0,10.0,4.0,4.0,13.0,13.0,8.0,3.0,1.0,2.0,0.0,0.0
6138,19,28,1,1.0,1.0,1,12.0,15.0,8.0,7.0,6.0,5.0,9.0,7.0,2.0,1.0,0.0,0.0
6139,5,14,2,0.0,2.0,2,21.0,11.0,11.0,7.0,14.0,16.0,10.0,2.0,2.0,1.0,0.0,0.0
6140,26,45,1,0.0,0.0,1,21.0,7.0,8.0,3.0,5.0,7.0,17.0,5.0,1.0,1.0,0.0,0.0
6141,42,18,2,0.0,0.0,1,14.0,8.0,6.0,6.0,9.0,16.0,5.0,1.0,1.0,3.0,0.0,0.0
6142,34,3,0,0.0,0.0,1,9.0,10.0,6.0,2.0,5.0,12.0,8.0,10.0,0.0,1.0,0.0,0.0
6143,14,0,2,1.0,0.0,0,12.0,9.0,5.0,6.0,18.0,16.0,3.0,2.0,2.0,0.0,0.0,0.0
6144,28,29,2,0.0,1.0,2,10.0,12.0,1.0,8.0,17.0,15.0,3.0,8.0,2.0,5.0,0.0,1.0
6145,46,44,0,0.0,0.0,1,17.0,17.0,9.0,9.0,10.0,7.0,6.0,8.0,0.0,2.0,0.0,0.0
6146,30,31,1,0.0,0.0,1,14.0,10.0,7.0,5.0,9.0,7.0,7.0,2.0,1.0,1.0,0.0,0.0
6147,40,5,2,1.0,3.0,2,14.0,11.0,9.0,6.0,9.0,6.0,5.0,6.0,4.0,0.0,0.0,0.0
6148,1,19,1,0.0,0.0,1,12.0,5.0,4.0,2.0,9.0,16.0,11.0,4.0,0.0,2.0,0.0,0.0
6149,39,21,1,0.0,1.0,2,10.0,6.0,5.0,5.0,17.0,20.0,5.0,3.0,2.0,3.0,0.0,0.0
6150,46,18,0,0.0,0.0,1,12.0,7.0,6.0,2.0,8.0,7.0,3.0,3.0,0.0,0.0,0.0,0.0
6151,42,3,0,1.0,0.0,0,16.0,9.0,7.0,6.0,15.0,15.0,6.0,6.0,2.0,3.0,0.0,1.0
6152,40,45,2,0.0,1.0,2,17.0,10.0,6.0,5.0,13.0,16.0,4.0,2.0,2.0,1.0,0.0,0.0
6153,30,5,2,0.0,2.0,2,18.0,11.0,5.0,5.0,10.0,15.0,8.0,0.0,2.0,5.0,0.0,0.0
6154,26,19,1,0.0,0.0,1,18.0,6.0,7.0,6.0,7.0,6.0,9.0,3.0,0.0,0.0,0.0,0.0
6155,34,21,1,1.0,0.0,0,14.0,13.0,7.0,6.0,13.0,13.0,7.0,7.0,2.0,1.0,0.0,0.0
6156,1,29,1,0.0,0.0,1,10.0,12.0,7.0,7.0,12.0,15.0,3.0,6.0,1.0,0.0,0.0,0.0
6157,39,44,0,0.0,0.0,1,9.0,8.0,7.0,2.0,9.0,7.0,4.0,1.0,1.0,0.0,0.0,0.0
6158,14,31,1,0.0,0.0,1,25.0,2.0,14.0,0.0,12.0,13.0,8.0,1.0,0.0,2.0,0.0,0.0
6159,28,0,0,1.0,0.0,0,12.0,11.0,8.0,5.0,16.0,9.0,3.0,3.0,0.0,1.0,0.0,0.0
6160,21,28,1,1.0,2.0,2,11.0,12.0,6.0,8.0,15.0,16.0,3.0,6.0,2.0,3.0,0.0,0.0
6161,18,30,1,0.0,1.0,2,15.0,11.0,7.0,3.0,11.0,13.0,11.0,1.0,0.0,2.0,0.0,0.0
6162,29,39,0,2.0,0.0,0,21.0,3.0,15.0,1.0,5.0,15.0,3.0,0.0,1.0,2.0,0.0,0.0
6163,5,26,2,0.0,1.0,2,15.0,15.0,9.0,6.0,7.0,7.0,7.0,3.0,1.0,1.0,0.0,0.0
6164,19,42,0,1.0,0.0,0,16.0,7.0,14.0,3.0,2.0,10.0,10.0,3.0,1.0,0.0,0.0,0.0
6165,3,40,2,1.0,0.0,0,16.0,10.0,8.0,6.0,9.0,9.0,11.0,9.0,3.0,4.0,0.0,0.0
6166,31,46,1,0.0,1.0,2,17.0,12.0,9.0,7.0,9.0,12.0,4.0,10.0,1.0,3.0,0.0,1.0
6167,45,34,1,0.0,0.0,1,11.0,11.0,5.0,7.0,6.0,11.0,8.0,7.0,0.0,1.0,0.0,0.0
6168,44,14,2,0.0,3.0,2,13.0,15.0,3.0,9.0,7.0,10.0,3.0,10.0,0.0,3.0,0.0,0.0
6169,0,1,2,0.0,0.0,1,11.0,9.0,8.0,6.0,9.0,22.0,8.0,5.0,2.0,4.0,0.0,0.0
6170,19,31,0,1.0,0.0,0,11.0,13.0,6.0,7.0,13.0,11.0,6.0,1.0,2.0,2.0,0.0,0.0
6171,3,14,2,0.0,1.0,2,8.0,18.0,3.0,13.0,14.0,11.0,5.0,9.0,2.0,1.0,0.0,0.0
6172,28,42,2,1.0,1.0,1,9.0,14.0,7.0,9.0,12.0,13.0,4.0,5.0,1.0,2.0,2.0,1.0
6173,1,30,2,1.0,1.0,1,14.0,15.0,9.0,8.0,13.0,5.0,7.0,4.0,2.0,2.0,0.0,0.0
6174,46,39,1,0.0,0.0,1,22.0,2.0,14.0,1.0,10.0,12.0,6.0,3.0,1.0,3.0,0.0,0.0
6175,45,18,2,0.0,0.0,1,15.0,12.0,13.0,7.0,9.0,10.0,9.0,4.0,1.0,1.0,0.0,0.0
6176,0,29,0,1.0,0.0,0,11.0,17.0,7.0,9.0,16.0,7.0,5.0,6.0,3.0,2.0,0.0,0.0
6177,26,44,0,2.0,0.0,0,11.0,4.0,10.0,2.0,10.0,8.0,3.0,7.0,2.0,1.0,0.0,0.0
6178,21,5,2,0.0,0.0,1,16.0,10.0,11.0,6.0,15.0,10.0,6.0,7.0,1.0,2.0,0.0,0.0
6179,40,34,2,1.0,0.0,0,9.0,10.0,6.0,5.0,8.0,10.0,8.0,3.0,2.0,1.0,0.0,0.0
6180,31,1,0,0.0,0.0,1,11.0,6.0,7.0,1.0,13.0,21.0,2.0,6.0,4.0,3.0,0.0,0.0
6181,5,28,0,0.0,0.0,1,20.0,11.0,12.0,6.0,15.0,20.0,6.0,1.0,1.0,1.0,0.0,0.0
6182,18,19,0,0.0,0.0,1,9.0,15.0,4.0,5.0,11.0,15.0,6.0,5.0,0.0,0.0,0.0,0.0
6183,39,0,0,1.0,0.0,0,7.0,13.0,5.0,6.0,11.0,7.0,3.0,5.0,4.0,2.0,0.0,1.0
6184,30,45,1,0.0,1.0,2,11.0,13.0,7.0,8.0,10.0,14.0,5.0,4.0,3.0,4.0,0.0,0.0
6185,14,40,0,3.0,0.0,0,17.0,1.0,11.0,0.0,5.0,11.0,4.0,0.0,0.0,1.0,0.0,0.0
6186,34,46,2,0.0,1.0,2,16.0,12.0,8.0,8.0,9.0,11.0,9.0,6.0,0.0,3.0,0.0,0.0
6187,29,21,0,3.0,1.0,0,20.0,11.0,11.0,7.0,12.0,13.0,9.0,1.0,2.0,2.0,0.0,0.0
6188,42,26,0,0.0,1.0,2,8.0,14.0,4.0,6.0,18.0,13.0,4.0,4.0,1.0,2.0,0.0,0.0
6189,44,3,1,0.0,1.0,2,15.0,9.0,8.0,5.0,13.0,18.0,2.0,3.0,3.0,2.0,0.0,1.0
6190,30,28,0,0.0,0.0,1,5.0,13.0,3.0,8.0,10.0,15.0,3.0,3.0,1.0,3.0,0.0,0.0
6191,5,18,2,0.0,0.0,1,18.0,11.0,12.0,7.0,17.0,12.0,5.0,3.0,1.0,2.0,0.0,0.0
6192,1,3,0,1.0,1.0,1,8.0,11.0,4.0,5.0,5.0,17.0,4.0,5.0,0.0,1.0,0.0,0.0
6193,19,46,0,1.0,0.0,0,7.0,5.0,2.0,2.0,9.0,14.0,2.0,2.0,0.0,2.0,0.0,0.0
6194,29,45,0,2.0,0.0,0,21.0,4.0,12.0,1.0,10.0,9.0,3.0,1.0,1.0,2.0,0.0,0.0
6195,21,14,2,0.0,1.0,2,10.0,27.0,5.0,11.0,11.0,13.0,5.0,5.0,0.0,2.0,0.0,0.0
6196,26,34,0,0.0,0.0,1,21.0,4.0,10.0,1.0,13.0,12.0,7.0,1.0,0.0,3.0,0.0,0.0
6197,0,42,1,1.0,1.0,1,20.0,9.0,12.0,6.0,8.0,17.0,9.0,1.0,1.0,4.0,0.0,0.0
6198,39,40,0,0.0,0.0,1,9.0,9.0,6.0,4.0,10.0,8.0,4.0,4.0,2.0,1.0,0.0,0.0
6199,31,44,0,2.0,0.0,0,10.0,14.0,5.0,4.0,13.0,11.0,7.0,8.0,0.0,4.0,0.0,0.0
6200,28,39,0,1.0,0.0,0,18.0,9.0,12.0,6.0,12.0,16.0,6.0,8.0,1.0,0.0,0.0,0.0
6201,14,26,2,0.0,1.0,2,14.0,8.0,5.0,3.0,17.0,13.0,4.0,2.0,3.0,3.0,0.0,0.0
6202,46,1,2,0.0,1.0,2,17.0,9.0,5.0,7.0,14.0,8.0,9.0,4.0,1.0,2.0,0.0,0.0
6203,45,0,2,0.0,0.0,1,7.0,20.0,3.0,10.0,13.0,9.0,4.0,9.0,2.0,3.0,1.0,0.0
6204,34,19,1,0.0,0.0,1,21.0,9.0,12.0,5.0,7.0,7.0,8.0,6.0,0.0,0.0,0.0,0.0
6205,42,5,0,1.0,0.0,0,19.0,10.0,9.0,3.0,9.0,16.0,3.0,4.0,0.0,3.0,0.0,1.0
6206,3,30,1,0.0,0.0,1,13.0,5.0,5.0,2.0,17.0,11.0,9.0,2.0,3.0,1.0,0.0,0.0
6207,40,31,0,1.0,1.0,1,14.0,10.0,3.0,5.0,11.0,11.0,2.0,4.0,1.0,2.0,0.0,0.0
6208,44,21,2,0.0,0.0,1,24.0,16.0,16.0,10.0,12.0,13.0,14.0,5.0,1.0,2.0,0.0,0.0
6209,18,29,1,0.0,1.0,2,13.0,18.0,9.0,14.0,17.0,11.0,5.0,9.0,3.0,3.0,0.0,0.0
6210,31,28,1,1.0,1.0,1,6.0,20.0,2.0,8.0,15.0,15.0,5.0,10.0,0.0,2.0,1.0,0.0
6211,21,45,0,0.0,0.0,1,12.0,14.0,4.0,5.0,11.0,11.0,3.0,5.0,2.0,1.0,0.0,0.0
6212,39,42,0,1.0,1.0,1,7.0,11.0,3.0,6.0,12.0,12.0,6.0,1.0,1.0,2.0,0.0,2.0
6213,26,46,0,1.0,2.0,2,17.0,7.0,7.0,4.0,10.0,13.0,5.0,2.0,1.0,1.0,0.0,1.0
6214,19,40,1,0.0,0.0,1,13.0,14.0,9.0,7.0,12.0,8.0,8.0,5.0,1.0,1.0,0.0,0.0
6215,29,44,0,0.0,0.0,1,18.0,6.0,14.0,2.0,11.0,14.0,15.0,1.0,0.0,1.0,0.0,0.0
6216,5,3,1,0.0,0.0,1,10.0,8.0,4.0,1.0,16.0,12.0,11.0,8.0,1.0,3.0,0.0,0.0
6217,0,18,0,0.0,1.0,2,22.0,7.0,14.0,3.0,8.0,13.0,7.0,4.0,2.0,4.0,0.0,0.0
6218,1,34,1,0.0,0.0,1,10.0,8.0,3.0,3.0,18.0,19.0,11.0,2.0,1.0,3.0,0.0,1.0
6219,30,14,2,0.0,1.0,2,7.0,21.0,4.0,14.0,13.0,9.0,5.0,7.0,2.0,0.0,0.0,0.0
6220,14,1,0,2.0,0.0,0,27.0,8.0,15.0,3.0,11.0,13.0,7.0,1.0,0.0,3.0,0.0,0.0
6221,42,21,2,0.0,1.0,2,27.0,10.0,16.0,6.0,15.0,15.0,12.0,0.0,4.0,2.0,0.0,0.0
6222,18,31,1,2.0,1.0,0,13.0,11.0,5.0,9.0,18.0,15.0,3.0,5.0,1.0,3.0,0.0,0.0
6223,34,39,0,1.0,0.0,0,17.0,8.0,11.0,5.0,7.0,15.0,2.0,5.0,0.0,3.0,0.0,0.0
6224,28,26,2,2.0,0.0,0,7.0,14.0,5.0,7.0,11.0,12.0,1.0,7.0,1.0,1.0,1.0,0.0
6225,45,5,2,0.0,2.0,2,13.0,12.0,5.0,6.0,15.0,8.0,7.0,7.0,4.0,3.0,0.0,0.0
6226,46,30,2,0.0,0.0,1,21.0,6.0,9.0,2.0,10.0,13.0,8.0,2.0,3.0,0.0,0.0,0.0
6227,3,29,2,0.0,1.0,2,6.0,18.0,3.0,9.0,11.0,8.0,3.0,4.0,2.0,1.0,0.0,0.0
6228,44,19,0,0.0,0.0,1,13.0,14.0,8.0,5.0,10.0,13.0,8.0,6.0,2.0,1.0,0.0,0.0
6229,40,0,1,0.0,0.0,1,8.0,13.0,5.0,7.0,10.0,11.0,1.0,7.0,3.0,5.0,0.0,0.0
6230,34,42,0,1.0,0.0,0,8.0,15.0,6.0,8.0,18.0,13.0,3.0,6.0,4.0,3.0,1.0,0.0
6231,46,28,0,2.0,1.0,0,9.0,11.0,4.0,6.0,12.0,21.0,5.0,3.0,3.0,4.0,0.0,0.0
6232,29,5,0,0.0,0.0,1,31.0,10.0,24.0,5.0,8.0,10.0,16.0,4.0,0.0,3.0,0.0,0.0
6233,18,26,2,0.0,0.0,1,4.0,11.0,2.0,6.0,17.0,20.0,7.0,4.0,3.0,3.0,1.0,0.0
6234,1,40,0,2.0,1.0,0,12.0,9.0,8.0,3.0,8.0,9.0,5.0,5.0,1.0,1.0,0.0,0.0
6235,30,44,2,0.0,0.0,1,22.0,14.0,13.0,9.0,14.0,13.0,11.0,8.0,2.0,4.0,0.0,0.0
6236,0,21,2,0.0,0.0,1,18.0,7.0,9.0,5.0,8.0,7.0,15.0,4.0,2.0,1.0,0.0,0.0
6237,39,14,2,0.0,1.0,2,5.0,14.0,2.0,9.0,9.0,6.0,5.0,5.0,2.0,1.0,0.0,0.0
6238,31,3,2,0.0,2.0,2,4.0,9.0,2.0,8.0,6.0,19.0,5.0,5.0,0.0,4.0,0.0,0.0
6239,19,45,2,0.0,2.0,2,18.0,16.0,6.0,10.0,15.0,13.0,2.0,4.0,4.0,1.0,1.0,0.0
6240,28,34,0,2.0,0.0,0,14.0,10.0,10.0,4.0,13.0,14.0,8.0,5.0,0.0,1.0,0.0,0.0
6241,44,1,2,1.0,2.0,2,10.0,10.0,6.0,5.0,22.0,16.0,5.0,6.0,3.0,3.0,0.0,0.0
6242,42,46,1,0.0,0.0,1,11.0,14.0,4.0,6.0,13.0,12.0,3.0,4.0,2.0,2.0,0.0,0.0
6243,14,29,1,0.0,1.0,2,20.0,13.0,13.0,8.0,15.0,18.0,7.0,4.0,1.0,7.0,0.0,0.0
6244,21,18,1,1.0,0.0,0,9.0,17.0,5.0,8.0,11.0,12.0,4.0,6.0,0.0,1.0,0.0,0.0
6245,5,0,2,1.0,2.0,2,12.0,20.0,8.0,9.0,12.0,10.0,7.0,17.0,2.0,2.0,0.0,0.0
6246,40,30,0,0.0,0.0,1,17.0,14.0,11.0,11.0,9.0,16.0,8.0,7.0,2.0,3.0,0.0,0.0
6247,45,31,0,2.0,0.0,0,12.0,11.0,6.0,8.0,8.0,21.0,2.0,6.0,1.0,2.0,0.0,0.0
6248,26,39,1,0.0,0.0,1,27.0,3.0,11.0,2.0,8.0,10.0,20.0,3.0,1.0,1.0,0.0,0.0
6249,3,19,0,0.0,0.0,1,11.0,11.0,4.0,5.0,13.0,11.0,4.0,3.0,2.0,0.0,0.0,0.0
6250,42,1,2,0.0,1.0,2,17.0,17.0,10.0,13.0,15.0,12.0,12.0,8.0,1.0,4.0,0.0,0.0
6251,39,18,2,0.0,1.0,2,12.0,8.0,7.0,5.0,10.0,19.0,7.0,8.0,2.0,1.0,0.0,0.0
6252,26,29,0,1.0,1.0,1,16.0,7.0,11.0,3.0,10.0,18.0,5.0,4.0,0.0,3.0,0.0,1.0
6253,34,30,0,0.0,1.0,2,21.0,7.0,12.0,3.0,8.0,6.0,3.0,2.0,2.0,1.0,0.0,0.0
6254,46,40,1,0.0,1.0,2,12.0,6.0,8.0,5.0,10.0,9.0,8.0,6.0,1.0,1.0,1.0,0.0
6255,28,14,2,1.0,1.0,1,13.0,18.0,7.0,8.0,14.0,10.0,8.0,5.0,0.0,1.0,0.0,1.0
6256,44,45,0,2.0,2.0,1,13.0,21.0,8.0,13.0,9.0,18.0,8.0,8.0,1.0,1.0,0.0,0.0
6257,3,0,2,0.0,2.0,2,10.0,17.0,3.0,10.0,8.0,8.0,5.0,5.0,1.0,1.0,0.0,0.0
6258,31,21,2,0.0,1.0,2,13.0,8.0,4.0,4.0,13.0,17.0,5.0,3.0,0.0,2.0,1.0,0.0
6259,19,5,0,2.0,0.0,0,20.0,8.0,13.0,7.0,15.0,11.0,12.0,6.0,1.0,1.0,0.0,0.0
6260,14,42,1,1.0,1.0,1,12.0,6.0,3.0,6.0,10.0,13.0,5.0,8.0,3.0,0.0,0.0,0.0
6261,1,26,1,0.0,0.0,1,5.0,8.0,2.0,3.0,9.0,13.0,5.0,8.0,0.0,2.0,0.0,0.0
6262,40,28,2,0.0,1.0,2,10.0,9.0,4.0,8.0,20.0,11.0,3.0,3.0,4.0,2.0,0.0,0.0
6263,18,34,2,0.0,2.0,2,16.0,6.0,7.0,5.0,5.0,11.0,4.0,3.0,1.0,0.0,0.0,0.0
6264,5,44,1,0.0,0.0,1,18.0,12.0,9.0,7.0,18.0,16.0,7.0,5.0,2.0,2.0,0.0,0.0
6265,21,46,2,0.0,2.0,2,10.0,8.0,5.0,5.0,18.0,12.0,7.0,3.0,1.0,0.0,0.0,0.0
6266,30,39,0,1.0,0.0,0,21.0,7.0,12.0,2.0,14.0,18.0,4.0,5.0,2.0,4.0,0.0,1.0
6267,0,31,0,2.0,0.0,0,20.0,4.0,14.0,2.0,12.0,11.0,12.0,1.0,2.0,2.0,0.0,0.0
6268,45,3,0,2.0,1.0,0,11.0,12.0,6.0,7.0,14.0,21.0,10.0,4.0,1.0,5.0,0.0,0.0
6269,34,29,2,0.0,1.0,2,13.0,12.0,6.0,7.0,11.0,11.0,4.0,3.0,2.0,2.0,0.0,0.0
6270,46,14,2,0.0,1.0,2,10.0,7.0,6.0,3.0,13.0,17.0,7.0,7.0,1.0,2.0,0.0,0.0
6271,28,45,0,0.0,0.0,1,14.0,3.0,9.0,0.0,12.0,16.0,6.0,3.0,0.0,2.0,0.0,1.0
6272,3,21,1,1.0,1.0,1,12.0,7.0,5.0,4.0,11.0,15.0,6.0,3.0,0.0,1.0,0.0,0.0
6273,42,40,2,0.0,0.0,1,18.0,12.0,11.0,7.0,12.0,12.0,12.0,6.0,1.0,2.0,0.0,0.0
6274,19,0,0,1.0,0.0,0,5.0,15.0,2.0,6.0,14.0,6.0,1.0,5.0,2.0,0.0,0.0,0.0
6275,39,1,0,1.0,0.0,0,8.0,5.0,2.0,2.0,15.0,5.0,2.0,8.0,1.0,0.0,0.0,0.0
6276,44,18,2,0.0,0.0,1,14.0,9.0,4.0,7.0,11.0,14.0,11.0,5.0,3.0,1.0,0.0,0.0
6277,31,5,0,0.0,0.0,1,10.0,9.0,8.0,4.0,8.0,13.0,4.0,6.0,1.0,2.0,0.0,0.0
6278,26,30,0,0.0,0.0,1,16.0,9.0,8.0,4.0,10.0,12.0,14.0,3.0,2.0,1.0,0.0,0.0
6279,14,34,0,3.0,0.0,0,18.0,12.0,11.0,8.0,10.0,6.0,8.0,3.0,0.0,1.0,0.0,0.0
6280,29,31,1,1.0,1.0,1,18.0,11.0,12.0,4.0,15.0,11.0,6.0,6.0,3.0,0.0,0.0,0.0
6281,1,28,0,0.0,0.0,1,14.0,13.0,10.0,8.0,8.0,11.0,7.0,8.0,0.0,1.0,0.0,0.0
6282,30,42,0,0.0,0.0,1,14.0,8.0,10.0,5.0,11.0,12.0,7.0,9.0,1.0,2.0,0.0,0.0
6283,18,3,2,1.0,1.0,1,10.0,15.0,5.0,11.0,11.0,9.0,3.0,5.0,2.0,2.0,0.0,0.0
6284,45,46,0,2.0,0.0,0,15.0,22.0,8.0,9.0,14.0,11.0,6.0,10.0,2.0,1.0,0.0,0.0
6285,40,26,2,0.0,0.0,1,6.0,14.0,3.0,8.0,13.0,12.0,1.0,8.0,0.0,2.0,0.0,0.0
6286,21,19,0,1.0,1.0,1,11.0,12.0,6.0,6.0,10.0,9.0,5.0,6.0,3.0,0.0,0.0,0.0
6287,0,44,0,1.0,0.0,0,24.0,5.0,14.0,4.0,11.0,8.0,7.0,5.0,0.0,0.0,0.0,0.0
6288,5,39,0,3.0,0.0,0,14.0,8.0,8.0,2.0,13.0,12.0,4.0,3.0,1.0,2.0,0.0,0.0
6289,2,3,0,1.0,0.0,0,15.0,14.0,9.0,9.0,16.0,11.0,5.0,2.0,3.0,2.0,0.0,0.0
6290,34,19,2,0.0,0.0,1,15.0,7.0,10.0,4.0,13.0,11.0,5.0,6.0,0.0,0.0,0.0,0.0
6291,17,36,2,0.0,1.0,2,6.0,11.0,2.0,7.0,17.0,13.0,2.0,0.0,0.0,1.0,0.0,0.0
6292,46,29,2,0.0,1.0,2,15.0,11.0,6.0,6.0,10.0,5.0,5.0,12.0,3.0,2.0,0.0,0.0
6293,45,1,1,1.0,1.0,1,16.0,13.0,8.0,8.0,9.0,21.0,7.0,8.0,2.0,2.0,0.0,0.0
6294,42,26,2,0.0,0.0,1,6.0,18.0,3.0,12.0,11.0,9.0,8.0,4.0,1.0,1.0,0.0,0.0
6295,14,5,1,0.0,0.0,1,19.0,6.0,12.0,4.0,12.0,8.0,9.0,2.0,1.0,3.0,0.0,0.0
6296,40,0,2,0.0,1.0,2,13.0,12.0,5.0,8.0,14.0,12.0,3.0,4.0,1.0,1.0,0.0,0.0
6297,30,28,0,2.0,0.0,0,19.0,8.0,15.0,2.0,10.0,9.0,7.0,0.0,2.0,1.0,0.0,1.0
6298,18,31,0,1.0,0.0,0,20.0,3.0,11.0,2.0,11.0,12.0,6.0,2.0,0.0,2.0,0.0,0.0
6299,31,14,2,0.0,0.0,1,13.0,18.0,5.0,9.0,13.0,15.0,1.0,6.0,2.0,2.0,0.0,0.0
6300,0,18,0,0.0,0.0,1,11.0,8.0,2.0,4.0,10.0,4.0,8.0,3.0,0.0,1.0,0.0,0.0
6301,26,28,0,0.0,0.0,1,23.0,4.0,10.0,3.0,9.0,5.0,12.0,5.0,0.0,0.0,0.0,0.0
6302,19,2,0,0.0,0.0,1,9.0,2.0,6.0,0.0,10.0,12.0,2.0,8.0,2.0,5.0,0.0,0.0
6303,3,17,0,1.0,1.0,1,25.0,6.0,14.0,3.0,12.0,17.0,10.0,1.0,0.0,0.0,0.0,0.0
6304,1,46,2,0.0,0.0,1,14.0,9.0,5.0,5.0,7.0,8.0,8.0,2.0,0.0,1.0,0.0,0.0
6305,5,40,0,1.0,0.0,0,4.0,5.0,2.0,4.0,11.0,12.0,3.0,1.0,1.0,0.0,0.0,0.0
6306,30,34,0,1.0,0.0,0,11.0,13.0,7.0,8.0,16.0,11.0,7.0,5.0,1.0,1.0,0.0,0.0
6307,36,42,2,0.0,1.0,2,13.0,13.0,6.0,7.0,10.0,7.0,10.0,1.0,1.0,0.0,0.0,0.0
6308,29,45,0,3.0,1.0,0,8.0,9.0,4.0,5.0,15.0,16.0,4.0,2.0,1.0,3.0,1.0,0.0
6309,17,0,2,1.0,2.0,2,12.0,20.0,10.0,11.0,6.0,7.0,5.0,6.0,0.0,0.0,0.0,0.0
6310,34,3,2,0.0,0.0,1,15.0,12.0,6.0,9.0,20.0,12.0,8.0,7.0,2.0,2.0,0.0,0.0
6311,18,1,1,0.0,0.0,1,13.0,6.0,7.0,3.0,10.0,17.0,9.0,6.0,3.0,3.0,0.0,0.0
6312,2,26,1,1.0,0.0,0,5.0,12.0,3.0,7.0,6.0,9.0,3.0,5.0,2.0,1.0,0.0,0.0
6313,40,30,0,2.0,1.0,0,10.0,10.0,5.0,6.0,13.0,9.0,7.0,1.0,3.0,2.0,0.0,0.0
6314,46,36,1,0.0,0.0,1,12.0,7.0,5.0,2.0,18.0,13.0,6.0,5.0,2.0,4.0,0.0,0.0
6315,28,19,2,2.0,0.0,0,10.0,18.0,5.0,13.0,9.0,7.0,3.0,4.0,0.0,1.0,0.0,0.0
6316,45,31,1,2.0,2.0,1,18.0,4.0,11.0,3.0,13.0,11.0,6.0,1.0,2.0,3.0,0.0,0.0
6317,42,5,1,0.0,0.0,1,26.0,7.0,13.0,4.0,6.0,11.0,12.0,3.0,1.0,3.0,0.0,0.0
6318,14,29,0,1.0,0.0,0,13.0,7.0,8.0,6.0,14.0,16.0,8.0,3.0,3.0,4.0,0.0,0.0
6319,31,40,0,2.0,0.0,0,8.0,12.0,4.0,8.0,8.0,13.0,4.0,4.0,0.0,5.0,0.0,0.0
6320,1,2,0,2.0,0.0,0,16.0,11.0,9.0,6.0,11.0,20.0,7.0,8.0,0.0,1.0,0.0,0.0
6321,28,34,0,2.0,1.0,0,16.0,12.0,10.0,6.0,7.0,6.0,6.0,3.0,1.0,1.0,0.0,1.0
6322,0,36,0,2.0,0.0,0,19.0,4.0,12.0,2.0,7.0,15.0,12.0,4.0,0.0,3.0,0.0,0.0
6323,3,29,1,1.0,0.0,0,4.0,13.0,3.0,10.0,14.0,12.0,3.0,8.0,1.0,1.0,0.0,0.0
6324,46,42,1,1.0,1.0,1,13.0,15.0,7.0,12.0,8.0,9.0,2.0,6.0,2.0,1.0,0.0,0.0
6325,19,26,2,0.0,1.0,2,10.0,16.0,6.0,7.0,9.0,10.0,3.0,3.0,1.0,0.0,0.0,0.0
6326,30,5,2,0.0,0.0,1,16.0,12.0,10.0,9.0,10.0,14.0,7.0,4.0,0.0,2.0,0.0,0.0
6327,45,17,0,1.0,0.0,0,12.0,12.0,8.0,8.0,11.0,13.0,5.0,11.0,2.0,1.0,0.0,0.0
6328,18,14,2,0.0,1.0,2,10.0,5.0,5.0,3.0,8.0,9.0,4.0,6.0,0.0,2.0,0.0,0.0
6329,14,46,1,0.0,0.0,1,19.0,6.0,10.0,5.0,10.0,17.0,9.0,3.0,0.0,2.0,0.0,0.0
6330,29,0,0,0.0,0.0,1,13.0,18.0,7.0,11.0,12.0,7.0,6.0,5.0,2.0,6.0,0.0,0.0
6331,26,3,0,0.0,0.0,1,17.0,7.0,9.0,3.0,12.0,10.0,5.0,1.0,1.0,0.0,0.0,0.0
6332,5,45,0,0.0,0.0,1,12.0,11.0,9.0,7.0,12.0,11.0,12.0,5.0,1.0,1.0,0.0,0.0
6333,34,31,1,0.0,0.0,1,17.0,14.0,8.0,5.0,11.0,8.0,2.0,11.0,1.0,1.0,0.0,0.0
6334,17,1,2,0.0,3.0,2,8.0,16.0,5.0,12.0,15.0,15.0,3.0,2.0,0.0,0.0,0.0,0.0
6335,42,30,1,1.0,0.0,0,12.0,13.0,9.0,7.0,6.0,19.0,2.0,7.0,0.0,3.0,0.0,0.0
6336,40,28,2,0.0,0.0,1,12.0,7.0,7.0,5.0,13.0,12.0,6.0,2.0,3.0,2.0,0.0,0.0
6337,36,19,2,0.0,1.0,2,4.0,16.0,0.0,8.0,11.0,5.0,4.0,7.0,0.0,1.0,0.0,0.0
6338,2,18,1,0.0,0.0,1,14.0,13.0,7.0,6.0,9.0,6.0,11.0,1.0,1.0,1.0,0.0,0.0
6339,45,34,2,0.0,0.0,1,10.0,18.0,8.0,9.0,16.0,11.0,7.0,4.0,0.0,0.0,0.0,0.0
6340,18,17,0,0.0,0.0,1,11.0,7.0,5.0,5.0,17.0,19.0,9.0,8.0,1.0,3.0,0.0,0.0
6341,30,29,1,1.0,1.0,1,12.0,15.0,7.0,7.0,20.0,11.0,4.0,10.0,3.0,1.0,0.0,0.0
6342,1,5,0,1.0,0.0,0,10.0,6.0,6.0,3.0,15.0,9.0,5.0,4.0,2.0,1.0,0.0,0.0
6343,31,36,0,2.0,0.0,0,14.0,8.0,9.0,3.0,10.0,11.0,9.0,7.0,0.0,1.0,0.0,0.0
6344,28,14,2,0.0,1.0,2,14.0,10.0,7.0,5.0,6.0,12.0,7.0,5.0,1.0,0.0,0.0,0.0
6345,3,42,1,1.0,1.0,1,12.0,11.0,7.0,8.0,20.0,4.0,1.0,1.0,3.0,1.0,0.0,0.0
6346,19,40,2,0.0,1.0,2,14.0,9.0,5.0,6.0,12.0,9.0,8.0,5.0,2.0,0.0,0.0,0.0
6347,46,2,0,1.0,0.0,0,15.0,5.0,8.0,1.0,11.0,17.0,2.0,2.0,1.0,2.0,0.0,1.0
6348,0,26,1,0.0,1.0,2,8.0,11.0,6.0,4.0,10.0,10.0,5.0,3.0,1.0,2.0,0.0,0.0
6349,14,30,0,1.0,0.0,0,16.0,7.0,6.0,3.0,11.0,9.0,8.0,3.0,1.0,1.0,0.0,0.0
6350,26,18,0,1.0,0.0,0,15.0,3.0,9.0,2.0,13.0,14.0,11.0,4.0,1.0,4.0,0.0,0.0
6351,42,31,2,1.0,1.0,1,18.0,17.0,10.0,9.0,10.0,8.0,6.0,7.0,1.0,1.0,0.0,0.0
6352,40,45,0,1.0,1.0,1,22.0,10.0,12.0,4.0,9.0,10.0,13.0,4.0,2.0,1.0,0.0,0.0
6353,5,0,2,2.0,0.0,0,13.0,17.0,9.0,8.0,12.0,10.0,8.0,6.0,2.0,2.0,0.0,1.0
6354,36,3,1,0.0,0.0,1,8.0,9.0,2.0,6.0,10.0,15.0,6.0,7.0,3.0,5.0,1.0,0.0
6355,34,46,0,1.0,0.0,0,12.0,17.0,7.0,9.0,10.0,13.0,5.0,4.0,1.0,2.0,0.0,0.0
6356,29,1,0,2.0,0.0,0,14.0,13.0,7.0,6.0,7.0,5.0,4.0,7.0,1.0,1.0,0.0,0.0
6357,17,19,1,1.0,1.0,1,19.0,9.0,13.0,4.0,18.0,16.0,4.0,5.0,2.0,4.0,0.0,0.0
6358,2,28,0,1.0,0.0,0,10.0,8.0,7.0,4.0,13.0,10.0,5.0,2.0,0.0,2.0,1.0,0.0
6359,29,26,0,1.0,0.0,0,22.0,8.0,15.0,4.0,11.0,12.0,2.0,4.0,1.0,3.0,0.0,1.0
6360,14,0,0,0.0,0.0,1,11.0,7.0,8.0,5.0,10.0,13.0,4.0,2.0,3.0,1.0,0.0,0.0
6361,1,40,2,0.0,0.0,1,9.0,12.0,3.0,3.0,9.0,11.0,4.0,4.0,0.0,2.0,0.0,0.0
6362,3,46,0,2.0,1.0,0,11.0,14.0,7.0,7.0,19.0,15.0,1.0,9.0,1.0,3.0,1.0,1.0
6363,30,17,0,1.0,0.0,0,6.0,5.0,3.0,1.0,9.0,10.0,9.0,2.0,2.0,1.0,0.0,0.0
6364,36,2,0,1.0,0.0,0,13.0,13.0,8.0,7.0,16.0,15.0,8.0,7.0,0.0,1.0,0.0,0.0
6365,5,28,1,0.0,0.0,1,17.0,7.0,7.0,4.0,9.0,14.0,12.0,12.0,1.0,0.0,0.0,0.0
6366,31,19,0,1.0,0.0,0,15.0,9.0,9.0,5.0,9.0,5.0,6.0,4.0,0.0,1.0,0.0,0.0
6367,42,34,0,0.0,0.0,1,17.0,4.0,8.0,4.0,8.0,13.0,7.0,2.0,0.0,1.0,0.0,0.0
6368,18,45,1,1.0,0.0,0,14.0,13.0,7.0,5.0,10.0,10.0,4.0,4.0,0.0,0.0,0.0,0.0
6369,29,5,0,2.0,0.0,0,21.0,14.0,12.0,10.0,12.0,14.0,6.0,3.0,0.0,2.0,0.0,0.0
6370,42,14,1,1.0,2.0,2,10.0,10.0,9.0,8.0,10.0,16.0,10.0,2.0,2.0,2.0,0.0,0.0
6371,2,31,1,1.0,0.0,0,12.0,13.0,4.0,7.0,8.0,12.0,3.0,8.0,2.0,2.0,0.0,0.0
6372,46,5,0,1.0,0.0,0,10.0,12.0,7.0,7.0,16.0,13.0,8.0,5.0,2.0,3.0,1.0,0.0
6373,19,18,0,0.0,0.0,1,10.0,7.0,2.0,4.0,14.0,6.0,3.0,3.0,1.0,0.0,0.0,0.0
6374,28,42,0,0.0,1.0,2,13.0,12.0,8.0,7.0,11.0,3.0,5.0,5.0,0.0,0.0,0.0,0.0
6375,17,29,2,0.0,0.0,1,10.0,17.0,8.0,9.0,13.0,7.0,5.0,11.0,4.0,1.0,0.0,0.0
6376,34,1,0,2.0,0.0,0,13.0,16.0,5.0,10.0,17.0,13.0,3.0,6.0,3.0,1.0,1.0,1.0
6377,0,30,1,0.0,1.0,2,17.0,4.0,9.0,1.0,7.0,10.0,11.0,1.0,0.0,2.0,0.0,1.0
6378,26,36,0,1.0,1.0,1,19.0,7.0,8.0,3.0,7.0,22.0,7.0,2.0,0.0,5.0,0.0,0.0
6379,45,3,0,1.0,1.0,1,12.0,9.0,6.0,5.0,11.0,13.0,8.0,10.0,1.0,3.0,0.0,0.0
6380,40,14,2,0.0,1.0,2,11.0,11.0,4.0,3.0,8.0,9.0,7.0,7.0,2.0,1.0,0.0,0.0
6381,14,17,0,2.0,0.0,0,14.0,4.0,10.0,3.0,7.0,17.0,7.0,0.0,0.0,1.0,0.0,0.0
6382,34,2,0,2.0,2.0,1,13.0,7.0,9.0,5.0,8.0,10.0,4.0,3.0,0.0,1.0,0.0,0.0
6383,1,30,1,0.0,1.0,2,5.0,10.0,3.0,2.0,15.0,21.0,4.0,4.0,0.0,4.0,0.0,0.0
6384,40,18,2,0.0,0.0,1,9.0,7.0,6.0,6.0,17.0,9.0,3.0,4.0,2.0,1.0,0.0,0.0
6385,42,45,0,2.0,0.0,0,18.0,8.0,11.0,4.0,6.0,17.0,8.0,4.0,0.0,2.0,0.0,1.0
6386,46,0,1,0.0,0.0,1,6.0,10.0,3.0,6.0,10.0,8.0,8.0,5.0,2.0,2.0,0.0,0.0
6387,3,19,1,0.0,0.0,1,14.0,8.0,4.0,4.0,19.0,16.0,7.0,7.0,2.0,2.0,0.0,0.0
6388,36,28,0,0.0,0.0,1,13.0,12.0,8.0,5.0,9.0,11.0,7.0,5.0,0.0,2.0,0.0,0.0
6389,26,31,0,2.0,0.0,0,15.0,6.0,13.0,4.0,8.0,7.0,12.0,8.0,1.0,0.0,0.0,0.0
6390,26,45,0,1.0,0.0,0,20.0,2.0,11.0,2.0,9.0,15.0,16.0,3.0,0.0,3.0,0.0,0.0
6391,18,34,0,1.0,1.0,1,13.0,9.0,5.0,5.0,12.0,18.0,10.0,3.0,1.0,1.0,0.0,0.0
6392,5,26,2,0.0,1.0,2,7.0,12.0,2.0,9.0,7.0,14.0,3.0,10.0,2.0,1.0,0.0,0.0
6393,45,14,2,0.0,3.0,2,9.0,13.0,7.0,8.0,14.0,6.0,6.0,1.0,0.0,2.0,0.0,1.0
6394,19,29,2,0.0,2.0,2,13.0,16.0,7.0,10.0,6.0,13.0,3.0,6.0,0.0,0.0,0.0,0.0
6395,2,42,0,1.0,0.0,0,13.0,19.0,10.0,10.0,14.0,10.0,5.0,6.0,1.0,0.0,0.0,0.0
6396,28,46,1,0.0,0.0,1,12.0,8.0,6.0,5.0,12.0,7.0,4.0,1.0,0.0,1.0,0.0,0.0
6397,0,1,1,0.0,1.0,2,16.0,5.0,7.0,4.0,8.0,13.0,8.0,7.0,1.0,2.0,0.0,0.0
6398,31,3,2,0.0,0.0,1,17.0,14.0,9.0,6.0,10.0,7.0,14.0,7.0,1.0,2.0,0.0,0.0
6399,30,36,2,0.0,0.0,1,10.0,6.0,5.0,3.0,10.0,17.0,7.0,2.0,4.0,5.0,0.0,0.0
6400,17,40,1,0.0,0.0,1,8.0,13.0,4.0,5.0,19.0,15.0,4.0,5.0,5.0,1.0,0.0,0.0
6401,28,18,2,0.0,2.0,2,20.0,13.0,12.0,8.0,7.0,14.0,4.0,7.0,0.0,1.0,1.0,0.0
6402,3,5,0,1.0,0.0,0,11.0,15.0,6.0,9.0,16.0,21.0,5.0,4.0,2.0,4.0,0.0,0.0
6403,36,1,2,0.0,1.0,2,9.0,19.0,6.0,11.0,10.0,15.0,11.0,7.0,2.0,1.0,0.0,0.0
6404,34,40,0,0.0,0.0,1,17.0,5.0,10.0,2.0,13.0,13.0,5.0,3.0,1.0,2.0,0.0,0.0
6405,46,17,0,0.0,0.0,1,22.0,5.0,18.0,3.0,10.0,12.0,14.0,2.0,0.0,1.0,0.0,0.0
6406,2,0,1,1.0,0.0,0,2.0,26.0,1.0,13.0,9.0,13.0,1.0,7.0,0.0,2.0,1.0,0.0
6407,26,30,0,2.0,1.0,0,13.0,6.0,8.0,3.0,8.0,11.0,6.0,2.0,2.0,5.0,0.0,1.0
6408,31,29,2,0.0,2.0,2,10.0,16.0,5.0,10.0,13.0,12.0,7.0,4.0,4.0,0.0,0.0,0.0
6409,19,45,2,0.0,0.0,1,18.0,12.0,14.0,6.0,12.0,17.0,5.0,8.0,3.0,0.0,1.0,0.0
6410,0,3,0,1.0,0.0,0,13.0,6.0,9.0,2.0,12.0,6.0,7.0,5.0,1.0,0.0,0.0,0.0
6411,14,26,1,0.0,0.0,1,5.0,10.0,3.0,4.0,14.0,18.0,6.0,4.0,3.0,2.0,0.0,0.0
6412,29,28,2,0.0,2.0,2,19.0,9.0,9.0,7.0,6.0,11.0,8.0,7.0,1.0,0.0,0.0,0.0
6413,40,46,0,1.0,0.0,0,9.0,21.0,4.0,11.0,13.0,6.0,2.0,8.0,0.0,1.0,0.0,0.0
6414,17,42,2,0.0,0.0,1,10.0,13.0,6.0,8.0,14.0,10.0,7.0,9.0,3.0,1.0,0.0,0.0
6415,1,31,0,0.0,1.0,2,13.0,5.0,8.0,3.0,19.0,11.0,7.0,5.0,2.0,1.0,0.0,0.0
6416,5,34,2,0.0,0.0,1,19.0,7.0,10.0,4.0,12.0,14.0,5.0,2.0,1.0,1.0,0.0,0.0
6417,30,19,0,1.0,0.0,0,11.0,10.0,6.0,5.0,12.0,10.0,7.0,3.0,1.0,2.0,0.0,0.0
6418,45,2,1,1.0,1.0,1,18.0,5.0,10.0,3.0,12.0,20.0,7.0,4.0,0.0,5.0,1.0,0.0
6419,18,36,0,0.0,0.0,1,11.0,14.0,6.0,5.0,13.0,13.0,8.0,8.0,0.0,0.0,0.0,0.0
6420,31,30,1,0.0,0.0,1,10.0,19.0,8.0,11.0,13.0,11.0,11.0,6.0,1.0,4.0,0.0,0.0
6421,19,1,0,0.0,0.0,1,11.0,11.0,8.0,6.0,9.0,13.0,3.0,10.0,1.0,2.0,0.0,0.0
6422,34,14,1,0.0,0.0,1,17.0,20.0,6.0,12.0,13.0,12.0,4.0,8.0,2.0,0.0,0.0,0.0
6423,42,29,1,1.0,0.0,0,10.0,16.0,8.0,10.0,18.0,10.0,8.0,9.0,3.0,7.0,0.0,0.0
6424,36,5,2,0.0,1.0,2,9.0,8.0,6.0,4.0,14.0,16.0,13.0,3.0,3.0,1.0,0.0,0.0
6425,46,45,0,1.0,0.0,0,10.0,5.0,3.0,1.0,11.0,12.0,6.0,3.0,1.0,3.0,0.0,0.0
6426,2,17,1,0.0,0.0,1,11.0,6.0,7.0,3.0,7.0,11.0,5.0,5.0,1.0,5.0,0.0,0.0
6427,28,0,2,1.0,2.0,2,5.0,14.0,2.0,9.0,7.0,7.0,1.0,9.0,2.0,0.0,0.0,0.0
6428,26,40,0,0.0,0.0,1,14.0,6.0,11.0,3.0,8.0,10.0,4.0,1.0,1.0,2.0,0.0,0.0
6429,3,18,1,0.0,0.0,1,13.0,10.0,3.0,4.0,18.0,15.0,4.0,8.0,4.0,2.0,0.0,0.0
6430,45,26,0,0.0,0.0,1,8.0,13.0,2.0,5.0,11.0,19.0,4.0,6.0,0.0,3.0,0.0,0.0
6431,17,28,1,0.0,0.0,1,12.0,10.0,6.0,5.0,11.0,11.0,6.0,5.0,1.0,1.0,0.0,0.0
6432,18,42,1,0.0,0.0,1,11.0,5.0,6.0,4.0,14.0,12.0,7.0,2.0,1.0,1.0,0.0,0.0
6433,29,34,0,2.0,0.0,0,25.0,3.0,14.0,3.0,9.0,11.0,5.0,3.0,0.0,1.0,0.0,0.0
6434,14,36,0,1.0,0.0,0,16.0,7.0,10.0,2.0,13.0,9.0,10.0,9.0,0.0,0.0,0.0,0.0
6435,0,31,0,1.0,0.0,0,10.0,7.0,4.0,3.0,11.0,15.0,4.0,2.0,1.0,3.0,0.0,0.0
6436,5,19,1,0.0,0.0,1,13.0,9.0,4.0,4.0,11.0,14.0,4.0,2.0,0.0,0.0,0.0,0.0
6437,30,46,0,1.0,0.0,0,7.0,10.0,3.0,6.0,12.0,13.0,4.0,9.0,0.0,1.0,0.0,0.0
6438,40,2,0,1.0,0.0,0,9.0,5.0,6.0,2.0,9.0,18.0,4.0,8.0,1.0,3.0,0.0,0.0
6439,1,3,1,0.0,0.0,1,5.0,9.0,3.0,4.0,14.0,15.0,2.0,7.0,0.0,2.0,0.0,0.0
6440,26,1,1,1.0,0.0,0,17.0,4.0,7.0,3.0,11.0,15.0,8.0,2.0,2.0,2.0,0.0,0.0
6441,28,45,1,1.0,1.0,1,11.0,11.0,6.0,5.0,15.0,20.0,5.0,10.0,2.0,4.0,0.0,0.0
6442,46,18,2,0.0,2.0,2,14.0,11.0,3.0,6.0,15.0,15.0,5.0,5.0,1.0,2.0,0.0,0.0
6443,36,29,2,0.0,0.0,1,9.0,21.0,6.0,9.0,11.0,8.0,8.0,6.0,1.0,1.0,0.0,0.0
6444,34,17,0,2.0,1.0,0,18.0,8.0,8.0,5.0,14.0,9.0,6.0,2.0,1.0,2.0,0.0,0.0
6445,2,14,2,0.0,0.0,1,15.0,12.0,7.0,9.0,9.0,5.0,6.0,10.0,1.0,1.0,0.0,0.0
6446,42,40,0,1.0,0.0,0,17.0,14.0,13.0,8.0,13.0,13.0,6.0,7.0,2.0,2.0,0.0,0.0
6447,3,30,1,0.0,1.0,2,14.0,10.0,5.0,5.0,7.0,26.0,6.0,3.0,1.0,3.0,0.0,0.0
6448,19,0,2,0.0,2.0,2,5.0,11.0,0.0,4.0,13.0,10.0,4.0,3.0,0.0,1.0,0.0,0.0
6449,31,5,1,0.0,0.0,1,13.0,7.0,5.0,5.0,14.0,15.0,9.0,6.0,1.0,2.0,0.0,0.0
6450,40,34,0,2.0,0.0,0,12.0,9.0,5.0,5.0,14.0,6.0,7.0,5.0,3.0,1.0,0.0,0.0
6451,5,3,2,1.0,0.0,0,9.0,13.0,5.0,6.0,17.0,18.0,2.0,6.0,2.0,1.0,0.0,0.0
6452,0,2,1,1.0,0.0,0,16.0,2.0,9.0,2.0,8.0,10.0,14.0,3.0,1.0,2.0,0.0,0.0
6453,18,28,0,1.0,0.0,0,10.0,5.0,5.0,1.0,14.0,12.0,4.0,4.0,2.0,1.0,0.0,0.0
6454,45,19,0,1.0,1.0,1,12.0,9.0,9.0,2.0,19.0,13.0,8.0,7.0,0.0,1.0,0.0,0.0
6455,29,31,0,0.0,0.0,1,30.0,7.0,21.0,5.0,7.0,7.0,16.0,1.0,1.0,1.0,0.0,1.0
6456,14,42,0,1.0,0.0,0,8.0,6.0,6.0,2.0,17.0,11.0,4.0,7.0,2.0,4.0,0.0,0.0
6457,17,46,2,0.0,0.0,1,2.0,12.0,1.0,4.0,12.0,16.0,1.0,6.0,1.0,2.0,1.0,0.0
6458,30,26,1,1.0,0.0,0,8.0,14.0,3.0,7.0,4.0,11.0,3.0,9.0,1.0,1.0,0.0,0.0
6459,1,36,0,1.0,0.0,0,14.0,6.0,8.0,3.0,15.0,11.0,13.0,7.0,0.0,2.0,0.0,0.0
6460,26,46,1,0.0,0.0,1,15.0,6.0,11.0,1.0,13.0,16.0,4.0,1.0,2.0,1.0,0.0,0.0
6461,3,40,0,0.0,0.0,1,8.0,7.0,3.0,4.0,12.0,11.0,7.0,3.0,3.0,4.0,0.0,1.0
6462,5,17,0,0.0,0.0,1,12.0,9.0,5.0,3.0,8.0,10.0,11.0,7.0,2.0,3.0,0.0,0.0
6463,31,28,2,0.0,1.0,2,16.0,12.0,10.0,7.0,8.0,12.0,8.0,7.0,0.0,3.0,0.0,0.0
6464,19,14,2,1.0,0.0,0,5.0,11.0,2.0,5.0,7.0,8.0,4.0,8.0,1.0,0.0,0.0,0.0
6465,36,34,2,0.0,1.0,2,9.0,18.0,5.0,13.0,10.0,6.0,5.0,4.0,3.0,1.0,1.0,0.0
6466,1,42,0,1.0,0.0,0,14.0,9.0,4.0,6.0,5.0,16.0,8.0,2.0,0.0,3.0,0.0,0.0
6467,0,45,0,2.0,0.0,0,21.0,15.0,13.0,7.0,5.0,7.0,5.0,7.0,0.0,3.0,0.0,0.0
6468,29,2,0,1.0,0.0,0,18.0,11.0,13.0,4.0,11.0,8.0,2.0,0.0,1.0,4.0,0.0,0.0
6469,30,18,2,0.0,0.0,1,7.0,5.0,4.0,3.0,18.0,11.0,5.0,6.0,0.0,1.0,0.0,0.0
6470,17,3,2,1.0,2.0,2,13.0,23.0,7.0,18.0,14.0,13.0,9.0,7.0,1.0,3.0,0.0,0.0
6471,28,26,1,0.0,0.0,1,4.0,19.0,3.0,11.0,4.0,7.0,2.0,9.0,0.0,1.0,0.0,0.0
6472,18,0,2,1.0,0.0,0,10.0,10.0,3.0,7.0,14.0,13.0,10.0,2.0,0.0,5.0,1.0,1.0
6473,2,19,1,0.0,1.0,2,15.0,10.0,6.0,7.0,13.0,14.0,8.0,6.0,0.0,3.0,0.0,1.0
6474,40,5,0,2.0,1.0,0,5.0,5.0,5.0,3.0,12.0,16.0,2.0,6.0,1.0,2.0,0.0,0.0
6475,42,36,0,1.0,1.0,1,14.0,11.0,12.0,8.0,9.0,12.0,3.0,6.0,0.0,3.0,0.0,0.0
6476,46,1,2,1.0,0.0,0,3.0,5.0,3.0,4.0,18.0,9.0,6.0,5.0,1.0,1.0,0.0,0.0
6477,45,29,0,0.0,1.0,2,11.0,7.0,5.0,3.0,10.0,12.0,6.0,3.0,2.0,0.0,0.0,0.0
6478,34,30,2,0.0,1.0,2,18.0,13.0,9.0,7.0,10.0,17.0,4.0,4.0,1.0,4.0,0.0,0.0
6479,14,31,0,1.0,0.0,0,16.0,3.0,10.0,2.0,9.0,11.0,12.0,3.0,1.0,2.0,0.0,0.0
6480,28,3,1,2.0,1.0,0,5.0,7.0,2.0,5.0,10.0,16.0,3.0,3.0,1.0,1.0,0.0,0.0
6481,46,31,0,0.0,0.0,1,8.0,7.0,6.0,6.0,13.0,22.0,3.0,2.0,1.0,4.0,0.0,0.0
6482,17,26,2,0.0,1.0,2,9.0,22.0,4.0,10.0,9.0,9.0,2.0,7.0,1.0,0.0,0.0,0.0
6483,34,0,1,0.0,0.0,1,9.0,12.0,6.0,6.0,15.0,9.0,4.0,7.0,2.0,1.0,0.0,0.0
6484,18,5,0,0.0,0.0,1,18.0,9.0,10.0,7.0,8.0,18.0,7.0,4.0,0.0,3.0,0.0,0.0
6485,40,29,2,0.0,3.0,2,10.0,17.0,3.0,11.0,14.0,12.0,4.0,3.0,2.0,1.0,0.0,0.0
6486,2,30,0,2.0,0.0,0,13.0,18.0,5.0,12.0,13.0,6.0,12.0,9.0,1.0,2.0,0.0,0.0
6487,42,19,0,2.0,0.0,0,12.0,9.0,8.0,4.0,10.0,17.0,3.0,5.0,1.0,4.0,0.0,1.0
6488,45,36,1,1.0,0.0,0,18.0,13.0,11.0,10.0,8.0,6.0,10.0,6.0,2.0,2.0,0.0,1.0
6489,14,1,1,1.0,2.0,2,14.0,9.0,8.0,4.0,7.0,11.0,3.0,7.0,3.0,2.0,2.0,1.0
6490,31,17,1,1.0,1.0,1,23.0,9.0,13.0,6.0,12.0,20.0,9.0,2.0,2.0,2.0,0.0,0.0
6491,3,14,2,0.0,1.0,2,16.0,10.0,7.0,8.0,15.0,14.0,7.0,11.0,1.0,2.0,0.0,0.0
6492,29,18,0,1.0,1.0,1,18.0,4.0,11.0,2.0,10.0,13.0,8.0,2.0,3.0,3.0,0.0,0.0
6493,26,34,0,2.0,0.0,0,14.0,9.0,7.0,3.0,13.0,11.0,3.0,1.0,1.0,2.0,0.0,0.0
6494,1,28,1,1.0,1.0,1,9.0,6.0,6.0,2.0,15.0,15.0,7.0,4.0,2.0,4.0,0.0,0.0
6495,36,40,0,0.0,0.0,1,17.0,8.0,9.0,4.0,9.0,17.0,7.0,2.0,0.0,4.0,0.0,0.0
6496,5,2,0,0.0,0.0,1,10.0,4.0,6.0,1.0,14.0,18.0,7.0,2.0,3.0,2.0,0.0,0.0
6497,0,42,0,0.0,0.0,1,9.0,10.0,5.0,5.0,10.0,10.0,5.0,1.0,1.0,3.0,0.0,0.0
6498,30,45,2,1.0,1.0,1,7.0,8.0,2.0,4.0,15.0,12.0,7.0,4.0,2.0,3.0,0.0,0.0
6499,19,46,1,0.0,0.0,1,9.0,10.0,3.0,4.0,15.0,16.0,8.0,4.0,0.0,0.0,0.0,0.0
6500,0,14,0,1.0,0.0,0,11.0,10.0,5.0,7.0,19.0,12.0,3.0,5.0,5.0,5.0,0.0,0.0
6501,26,29,2,0.0,1.0,2,19.0,5.0,6.0,3.0,14.0,13.0,3.0,3.0,2.0,3.0,0.0,0.0
6502,46,3,0,3.0,1.0,0,9.0,9.0,7.0,5.0,17.0,24.0,6.0,4.0,4.0,4.0,0.0,1.0
6503,19,31,2,0.0,0.0,1,10.0,6.0,5.0,4.0,17.0,10.0,7.0,6.0,0.0,1.0,0.0,0.0
6504,28,5,0,1.0,2.0,2,15.0,9.0,11.0,3.0,12.0,12.0,6.0,4.0,1.0,1.0,0.0,0.0
6505,2,36,1,1.0,0.0,0,15.0,10.0,9.0,6.0,12.0,19.0,6.0,6.0,2.0,1.0,0.0,0.0
6506,40,1,1,1.0,0.0,0,9.0,14.0,7.0,11.0,17.0,14.0,5.0,13.0,2.0,2.0,0.0,0.0
6507,34,42,2,0.0,0.0,1,9.0,12.0,5.0,5.0,22.0,13.0,4.0,4.0,3.0,2.0,0.0,0.0
6508,17,30,2,0.0,1.0,2,13.0,7.0,9.0,5.0,6.0,7.0,5.0,3.0,0.0,0.0,0.0,0.0
6509,45,18,2,0.0,1.0,2,11.0,12.0,3.0,8.0,16.0,14.0,9.0,2.0,1.0,2.0,0.0,0.0
6510,5,46,0,2.0,1.0,0,8.0,11.0,6.0,7.0,13.0,11.0,5.0,11.0,2.0,1.0,0.0,0.0
6511,42,28,0,1.0,0.0,0,12.0,7.0,8.0,3.0,7.0,13.0,2.0,6.0,2.0,3.0,0.0,1.0
6512,30,0,0,1.0,0.0,0,13.0,7.0,7.0,4.0,15.0,13.0,5.0,4.0,2.0,2.0,0.0,0.0
6513,3,45,2,0.0,0.0,1,15.0,11.0,7.0,5.0,15.0,17.0,9.0,5.0,1.0,1.0,0.0,0.0
6514,14,40,0,1.0,0.0,0,11.0,9.0,4.0,2.0,6.0,12.0,10.0,2.0,0.0,1.0,0.0,1.0
6515,29,17,0,2.0,0.0,0,23.0,10.0,12.0,6.0,12.0,12.0,9.0,3.0,0.0,2.0,0.0,0.0
6516,31,2,0,1.0,1.0,1,17.0,7.0,9.0,4.0,10.0,8.0,6.0,5.0,1.0,2.0,0.0,0.0
6517,18,19,0,0.0,0.0,1,15.0,6.0,11.0,4.0,9.0,9.0,12.0,7.0,0.0,2.0,0.0,0.0
6518,1,34,2,0.0,2.0,2,14.0,12.0,6.0,8.0,18.0,23.0,7.0,5.0,2.0,5.0,0.0,0.0
6519,36,26,0,1.0,1.0,1,7.0,15.0,4.0,5.0,10.0,10.0,7.0,7.0,0.0,1.0,0.0,0.0
6520,31,0,1,0.0,1.0,2,12.0,6.0,8.0,2.0,9.0,10.0,6.0,6.0,3.0,2.0,0.0,0.0
6521,29,19,0,1.0,0.0,0,15.0,12.0,11.0,3.0,3.0,13.0,7.0,3.0,2.0,1.0,0.0,0.0
6522,26,5,0,2.0,0.0,0,23.0,6.0,14.0,3.0,11.0,14.0,5.0,5.0,0.0,3.0,0.0,0.0
6523,42,2,2,0.0,1.0,2,17.0,7.0,9.0,3.0,10.0,13.0,12.0,3.0,0.0,1.0,1.0,0.0
6524,3,31,0,0.0,0.0,1,13.0,20.0,6.0,8.0,21.0,17.0,1.0,1.0,2.0,3.0,0.0,0.0
6525,36,30,1,0.0,0.0,1,12.0,16.0,7.0,11.0,11.0,16.0,5.0,4.0,2.0,1.0,0.0,0.0
6526,14,45,0,0.0,0.0,1,14.0,4.0,5.0,1.0,15.0,26.0,7.0,0.0,5.0,3.0,0.0,0.0
6527,46,28,1,1.0,1.0,1,5.0,4.0,4.0,1.0,13.0,10.0,2.0,4.0,2.0,2.0,1.0,0.0
6528,34,18,1,0.0,0.0,1,20.0,4.0,6.0,2.0,14.0,13.0,9.0,0.0,1.0,2.0,0.0,0.0
6529,40,17,0,0.0,0.0,1,20.0,12.0,9.0,9.0,12.0,15.0,5.0,3.0,1.0,1.0,0.0,0.0
6530,1,0,2,1.0,2.0,2,11.0,14.0,5.0,9.0,16.0,10.0,4.0,7.0,3.0,2.0,0.0,0.0
6531,3,1,2,0.0,1.0,2,16.0,7.0,10.0,7.0,11.0,16.0,11.0,2.0,0.0,1.0,1.0,0.0
6532,19,3,1,0.0,0.0,1,5.0,12.0,2.0,10.0,19.0,10.0,3.0,6.0,2.0,1.0,0.0,0.0
6533,45,42,1,1.0,0.0,0,14.0,9.0,9.0,5.0,33.0,5.0,7.0,8.0,3.0,4.0,0.0,0.0
6534,0,46,0,0.0,0.0,1,13.0,7.0,6.0,2.0,9.0,17.0,7.0,3.0,1.0,4.0,0.0,0.0
6535,31,26,2,0.0,1.0,2,6.0,17.0,2.0,11.0,13.0,11.0,0.0,8.0,3.0,1.0,0.0,0.0
6536,17,14,2,0.0,1.0,2,9.0,9.0,4.0,5.0,8.0,6.0,3.0,2.0,0.0,1.0,0.0,1.0
6537,18,40,0,3.0,1.0,0,24.0,13.0,18.0,7.0,9.0,13.0,2.0,6.0,0.0,1.0,0.0,0.0
6538,28,36,0,1.0,1.0,1,13.0,5.0,9.0,3.0,12.0,15.0,2.0,7.0,0.0,2.0,0.0,0.0
6539,5,29,0,1.0,0.0,0,6.0,13.0,5.0,3.0,16.0,13.0,4.0,6.0,3.0,0.0,0.0,0.0
6540,30,1,2,0.0,1.0,2,15.0,11.0,8.0,8.0,16.0,17.0,11.0,6.0,2.0,1.0,0.0,0.0
6541,2,34,2,0.0,1.0,2,4.0,15.0,3.0,8.0,17.0,21.0,4.0,3.0,3.0,2.0,0.0,0.0
6542,36,0,2,0.0,1.0,2,8.0,16.0,5.0,7.0,9.0,5.0,5.0,1.0,1.0,1.0,0.0,0.0
6543,29,3,0,2.0,0.0,0,22.0,12.0,15.0,7.0,7.0,19.0,9.0,4.0,1.0,4.0,0.0,1.0
6544,5,30,1,0.0,0.0,1,15.0,8.0,7.0,7.0,16.0,22.0,6.0,7.0,1.0,2.0,0.0,0.0
6545,34,28,1,0.0,0.0,1,20.0,10.0,12.0,5.0,11.0,7.0,9.0,1.0,1.0,1.0,0.0,0.0
6546,2,1,2,0.0,1.0,2,13.0,13.0,8.0,6.0,17.0,8.0,8.0,5.0,3.0,2.0,0.0,0.0
6547,42,46,0,3.0,0.0,0,19.0,6.0,8.0,2.0,8.0,16.0,5.0,2.0,0.0,2.0,0.0,0.0
6548,14,18,1,0.0,0.0,1,15.0,6.0,10.0,2.0,13.0,16.0,9.0,1.0,2.0,2.0,0.0,0.0
6549,26,19,0,0.0,0.0,1,20.0,5.0,12.0,3.0,9.0,12.0,8.0,2.0,0.0,2.0,0.0,0.0
6550,40,31,1,0.0,0.0,1,19.0,9.0,8.0,5.0,10.0,15.0,7.0,4.0,1.0,2.0,0.0,0.0
6551,17,45,2,0.0,1.0,2,9.0,16.0,2.0,11.0,12.0,9.0,4.0,5.0,2.0,2.0,0.0,0.0
6552,28,40,0,0.0,0.0,1,7.0,8.0,3.0,2.0,11.0,14.0,2.0,3.0,0.0,1.0,0.0,0.0
6553,45,5,1,1.0,0.0,0,9.0,11.0,7.0,6.0,13.0,13.0,8.0,3.0,2.0,1.0,0.0,0.0
6554,18,2,0,1.0,0.0,0,16.0,7.0,9.0,6.0,14.0,22.0,6.0,5.0,0.0,1.0,0.0,0.0
6555,46,14,2,0.0,2.0,2,10.0,13.0,3.0,7.0,16.0,9.0,4.0,3.0,2.0,1.0,0.0,0.0
6556,3,26,1,0.0,0.0,1,15.0,11.0,7.0,7.0,7.0,11.0,6.0,3.0,0.0,1.0,0.0,0.0
6557,30,42,1,0.0,1.0,2,5.0,9.0,3.0,4.0,13.0,8.0,6.0,7.0,1.0,0.0,0.0,0.0
6558,1,17,0,0.0,0.0,1,15.0,8.0,7.0,2.0,7.0,20.0,7.0,4.0,0.0,3.0,0.0,0.0
6559,19,36,0,1.0,0.0,0,9.0,13.0,7.0,6.0,11.0,6.0,8.0,9.0,3.0,0.0,1.0,0.0
6560,31,34,2,1.0,3.0,2,14.0,10.0,7.0,7.0,15.0,15.0,4.0,5.0,2.0,2.0,0.0,0.0
6561,0,29,1,0.0,1.0,2,16.0,10.0,6.0,4.0,15.0,15.0,3.0,4.0,1.0,2.0,0.0,0.0
6562,42,3,2,0.0,0.0,1,9.0,9.0,6.0,4.0,11.0,14.0,10.0,2.0,4.0,3.0,0.0,0.0
6563,17,18,2,0.0,1.0,2,5.0,7.0,2.0,3.0,11.0,12.0,0.0,2.0,1.0,1.0,0.0,0.0
6564,5,1,1,1.0,0.0,0,13.0,8.0,6.0,3.0,15.0,13.0,7.0,3.0,2.0,1.0,0.0,0.0
6565,26,0,1,1.0,0.0,0,11.0,11.0,8.0,4.0,16.0,10.0,4.0,1.0,3.0,3.0,0.0,0.0
6566,2,46,0,1.0,1.0,1,16.0,8.0,10.0,5.0,11.0,12.0,6.0,5.0,0.0,1.0,0.0,0.0
6567,36,31,0,0.0,0.0,1,12.0,6.0,5.0,2.0,14.0,10.0,5.0,8.0,0.0,1.0,0.0,0.0
6568,40,19,1,0.0,1.0,2,8.0,8.0,6.0,3.0,13.0,16.0,9.0,1.0,1.0,4.0,1.0,0.0
6569,34,45,1,0.0,0.0,1,10.0,10.0,3.0,3.0,18.0,9.0,11.0,5.0,2.0,4.0,0.0,0.0
6570,14,28,0,2.0,0.0,0,16.0,7.0,9.0,4.0,13.0,12.0,9.0,3.0,2.0,2.0,0.0,0.0
6571,29,30,0,2.0,1.0,0,18.0,7.0,14.0,4.0,10.0,15.0,2.0,4.0,0.0,2.0,0.0,0.0
6572,31,42,0,1.0,0.0,0,15.0,11.0,7.0,4.0,12.0,7.0,5.0,5.0,2.0,2.0,0.0,0.0
6573,45,40,0,1.0,0.0,0,12.0,16.0,7.0,10.0,8.0,17.0,6.0,7.0,3.0,2.0,0.0,0.0
6574,28,2,0,1.0,0.0,0,12.0,13.0,4.0,8.0,17.0,12.0,6.0,7.0,3.0,2.0,0.0,0.0
6575,18,26,2,1.0,0.0,0,6.0,17.0,1.0,7.0,8.0,14.0,9.0,6.0,1.0,2.0,2.0,0.0
6576,1,29,2,1.0,3.0,2,11.0,21.0,5.0,13.0,8.0,8.0,3.0,9.0,2.0,2.0,2.0,0.0
6577,30,14,2,0.0,1.0,2,7.0,9.0,4.0,6.0,9.0,9.0,6.0,6.0,1.0,1.0,0.0,0.0
6578,3,36,0,3.0,0.0,0,11.0,13.0,6.0,7.0,8.0,7.0,4.0,9.0,0.0,0.0,0.0,0.0
6579,46,34,2,0.0,0.0,1,7.0,15.0,0.0,8.0,9.0,9.0,3.0,2.0,2.0,3.0,0.0,0.0
6580,0,5,0,0.0,0.0,1,19.0,1.0,9.0,0.0,14.0,20.0,5.0,3.0,1.0,5.0,0.0,0.0
6581,19,17,1,0.0,0.0,1,13.0,13.0,9.0,9.0,10.0,10.0,6.0,8.0,0.0,2.0,1.0,0.0
6582,31,18,0,1.0,0.0,0,15.0,11.0,10.0,6.0,13.0,19.0,8.0,2.0,2.0,1.0,0.0,0.0
6583,0,40,0,2.0,1.0,0,18.0,11.0,8.0,7.0,10.0,9.0,8.0,2.0,0.0,2.0,0.0,1.0
6584,5,14,2,0.0,1.0,2,13.0,15.0,7.0,8.0,17.0,8.0,5.0,5.0,5.0,1.0,0.0,0.0
6585,28,30,0,2.0,0.0,0,18.0,17.0,13.0,11.0,11.0,13.0,8.0,8.0,2.0,3.0,0.0,0.0
6586,36,17,0,0.0,0.0,1,11.0,7.0,3.0,0.0,9.0,18.0,3.0,3.0,1.0,1.0,0.0,0.0
6587,3,2,0,1.0,0.0,0,17.0,6.0,5.0,5.0,15.0,13.0,6.0,7.0,3.0,1.0,0.0,0.0
6588,26,42,1,1.0,1.0,1,21.0,11.0,9.0,6.0,18.0,10.0,5.0,3.0,0.0,1.0,0.0,0.0
6589,19,34,2,0.0,0.0,1,13.0,14.0,10.0,8.0,7.0,17.0,8.0,5.0,1.0,0.0,0.0,0.0
6590,1,45,0,1.0,0.0,0,5.0,8.0,5.0,3.0,17.0,12.0,7.0,4.0,3.0,2.0,0.0,0.0
6591,29,46,0,0.0,0.0,1,17.0,6.0,12.0,2.0,12.0,6.0,12.0,2.0,1.0,1.0,0.0,0.0
6592,42,1,1,1.0,3.0,2,19.0,7.0,12.0,7.0,10.0,13.0,13.0,3.0,2.0,3.0,0.0,0.0
6593,18,30,0,1.0,0.0,0,13.0,13.0,9.0,5.0,17.0,21.0,2.0,6.0,0.0,4.0,0.0,0.0
6594,2,29,2,0.0,0.0,1,17.0,11.0,9.0,4.0,14.0,11.0,4.0,4.0,3.0,1.0,0.0,0.0
6595,45,0,2,0.0,1.0,2,9.0,16.0,4.0,12.0,15.0,14.0,3.0,14.0,2.0,2.0,0.0,0.0
6596,28,31,0,1.0,1.0,1,16.0,12.0,12.0,8.0,7.0,10.0,3.0,9.0,0.0,0.0,0.0,0.0
6597,40,3,2,0.0,0.0,1,14.0,14.0,12.0,8.0,11.0,4.0,10.0,2.0,1.0,0.0,0.0,0.0
6598,17,5,1,1.0,1.0,1,10.0,12.0,6.0,7.0,15.0,8.0,7.0,8.0,3.0,2.0,0.0,0.0
6599,34,36,0,2.0,1.0,0,25.0,13.0,17.0,7.0,4.0,7.0,8.0,4.0,1.0,1.0,0.0,0.0
6600,46,26,2,0.0,0.0,1,9.0,14.0,3.0,10.0,11.0,10.0,5.0,6.0,2.0,1.0,0.0,0.0
6601,14,19,1,0.0,0.0,1,16.0,6.0,4.0,1.0,8.0,18.0,9.0,4.0,1.0,1.0,1.0,0.0
6602,29,14,0,1.0,0.0,0,17.0,4.0,9.0,1.0,10.0,15.0,10.0,1.0,2.0,2.0,0.0,1.0
6603,5,42,1,1.0,1.0,1,5.0,10.0,4.0,7.0,14.0,15.0,4.0,11.0,0.0,2.0,0.0,0.0
6604,31,45,0,2.0,1.0,0,12.0,13.0,4.0,8.0,16.0,15.0,1.0,5.0,1.0,3.0,0.0,0.0
6605,1,18,0,1.0,0.0,0,8.0,8.0,3.0,6.0,17.0,12.0,6.0,3.0,1.0,0.0,0.0,0.0
6606,3,34,2,0.0,1.0,2,9.0,13.0,3.0,7.0,6.0,16.0,7.0,4.0,0.0,3.0,0.0,0.0
6607,19,28,1,1.0,1.0,1,13.0,11.0,8.0,5.0,10.0,7.0,6.0,2.0,3.0,2.0,0.0,0.0
6608,0,17,0,2.0,0.0,0,15.0,4.0,9.0,3.0,9.0,12.0,5.0,4.0,1.0,1.0,0.0,0.0
6609,26,2,1,0.0,0.0,1,18.0,5.0,4.0,2.0,3.0,10.0,11.0,2.0,0.0,2.0,0.0,0.0
6610,36,46,0,1.0,0.0,0,15.0,9.0,7.0,5.0,17.0,13.0,6.0,7.0,3.0,2.0,0.0,0.0
6611,30,40,1,1.0,1.0,1,16.0,11.0,5.0,6.0,18.0,11.0,7.0,2.0,3.0,4.0,0.0,0.0
6612,17,31,0,1.0,0.0,0,10.0,8.0,3.0,3.0,16.0,11.0,5.0,5.0,2.0,3.0,0.0,0.0
6613,28,1,0,0.0,0.0,1,12.0,11.0,8.0,2.0,11.0,14.0,8.0,6.0,1.0,1.0,0.0,0.0
6614,14,3,1,0.0,0.0,1,16.0,5.0,8.0,1.0,21.0,13.0,9.0,2.0,2.0,2.0,0.0,0.0
6615,45,30,0,0.0,0.0,1,13.0,16.0,7.0,12.0,14.0,14.0,5.0,8.0,2.0,1.0,0.0,0.0
6616,42,0,2,1.0,0.0,0,14.0,16.0,5.0,10.0,28.0,22.0,8.0,4.0,2.0,2.0,0.0,0.0
6617,46,19,1,0.0,1.0,2,14.0,10.0,4.0,5.0,8.0,9.0,9.0,4.0,1.0,0.0,0.0,0.0
6618,34,26,1,0.0,0.0,1,9.0,12.0,2.0,6.0,20.0,14.0,5.0,4.0,3.0,2.0,0.0,0.0
6619,2,5,0,1.0,0.0,0,10.0,8.0,5.0,3.0,16.0,15.0,6.0,5.0,1.0,3.0,0.0,0.0
6620,18,29,2,0.0,0.0,1,8.0,16.0,2.0,8.0,20.0,10.0,3.0,6.0,2.0,2.0,0.0,0.0
6621,40,36,0,1.0,0.0,0,14.0,10.0,8.0,4.0,14.0,18.0,9.0,9.0,1.0,2.0,0.0,0.0
6622,3,28,0,1.0,0.0,0,16.0,7.0,11.0,3.0,23.0,3.0,6.0,3.0,5.0,1.0,1.0,1.0
6623,1,14,0,0.0,0.0,1,9.0,20.0,5.0,8.0,17.0,11.0,2.0,13.0,4.0,1.0,0.0,0.0
6624,0,34,0,2.0,0.0,0,10.0,15.0,8.0,10.0,6.0,12.0,8.0,5.0,1.0,2.0,1.0,0.0
6625,31,46,0,0.0,0.0,1,20.0,7.0,8.0,6.0,15.0,18.0,9.0,1.0,2.0,4.0,0.0,1.0
6626,30,2,0,2.0,0.0,0,13.0,9.0,7.0,4.0,8.0,12.0,11.0,5.0,1.0,3.0,0.0,0.0
6627,19,42,1,1.0,2.0,2,13.0,13.0,7.0,8.0,13.0,11.0,6.0,14.0,1.0,0.0,0.0,0.0
6628,36,45,2,0.0,1.0,2,9.0,13.0,3.0,9.0,10.0,11.0,14.0,4.0,0.0,1.0,0.0,0.0
6629,29,40,0,0.0,0.0,1,17.0,4.0,9.0,1.0,10.0,7.0,6.0,0.0,1.0,2.0,0.0,0.0
6630,26,17,0,2.0,0.0,0,20.0,8.0,10.0,3.0,10.0,14.0,4.0,2.0,0.0,1.0,0.0,0.0
6631,5,18,2,0.0,1.0,2,13.0,15.0,7.0,11.0,8.0,10.0,11.0,6.0,1.0,3.0,0.0,0.0
6632,29,42,0,0.0,0.0,1,14.0,10.0,5.0,3.0,15.0,7.0,4.0,4.0,2.0,3.0,0.0,0.0
6633,30,31,1,1.0,1.0,1,11.0,5.0,7.0,3.0,13.0,10.0,5.0,2.0,6.0,3.0,0.0,0.0
6634,40,26,2,0.0,1.0,2,7.0,17.0,2.0,12.0,12.0,12.0,6.0,4.0,1.0,1.0,0.0,0.0
6635,45,46,1,0.0,0.0,1,13.0,12.0,4.0,3.0,11.0,12.0,6.0,1.0,1.0,2.0,0.0,0.0
6636,14,34,0,1.0,0.0,0,18.0,18.0,7.0,4.0,16.0,12.0,4.0,6.0,0.0,2.0,0.0,0.0
6637,18,3,1,0.0,1.0,2,12.0,11.0,8.0,7.0,20.0,18.0,5.0,7.0,0.0,2.0,0.0,0.0
6638,17,2,2,0.0,1.0,2,16.0,11.0,8.0,6.0,8.0,13.0,4.0,4.0,0.0,1.0,0.0,0.0
6639,5,36,0,1.0,0.0,0,18.0,5.0,12.0,2.0,10.0,7.0,10.0,7.0,2.0,1.0,0.0,0.0
6640,1,19,0,0.0,1.0,2,23.0,10.0,4.0,5.0,11.0,13.0,12.0,3.0,1.0,2.0,0.0,1.0
6641,0,28,0,0.0,0.0,1,16.0,8.0,10.0,4.0,8.0,9.0,8.0,2.0,0.0,1.0,0.0,0.0
6642,3,0,1,0.0,1.0,2,9.0,10.0,4.0,3.0,19.0,15.0,5.0,4.0,4.0,4.0,1.0,0.0
6643,26,14,1,1.0,0.0,0,18.0,6.0,8.0,2.0,11.0,16.0,5.0,2.0,4.0,5.0,0.0,0.0
6644,28,29,0,1.0,0.0,0,6.0,15.0,2.0,6.0,8.0,11.0,0.0,11.0,2.0,2.0,0.0,0.0
6645,42,17,0,3.0,0.0,0,25.0,4.0,14.0,2.0,8.0,14.0,9.0,3.0,0.0,4.0,0.0,0.0
6646,34,5,0,2.0,1.0,0,11.0,8.0,6.0,3.0,13.0,11.0,10.0,6.0,0.0,2.0,0.0,0.0
6647,31,1,1,0.0,0.0,1,6.0,11.0,2.0,5.0,16.0,12.0,8.0,6.0,0.0,2.0,0.0,0.0
6648,36,18,0,1.0,0.0,0,10.0,13.0,5.0,5.0,14.0,8.0,4.0,12.0,2.0,2.0,0.0,0.0
6649,19,30,2,1.0,0.0,0,13.0,9.0,6.0,6.0,9.0,12.0,8.0,7.0,1.0,3.0,0.0,0.0
6650,2,45,2,0.0,0.0,1,6.0,13.0,3.0,5.0,16.0,15.0,9.0,5.0,4.0,2.0,0.0,0.0
6651,46,40,0,1.0,0.0,0,9.0,9.0,4.0,6.0,8.0,17.0,5.0,9.0,0.0,2.0,0.0,0.0
6652,2,40,1,1.0,0.0,0,7.0,7.0,3.0,3.0,17.0,10.0,2.0,7.0,1.0,1.0,0.0,0.0
6653,28,17,0,1.0,0.0,0,9.0,5.0,6.0,3.0,12.0,13.0,4.0,4.0,3.0,1.0,0.0,0.0
6654,36,14,2,1.0,0.0,0,15.0,15.0,11.0,7.0,15.0,16.0,4.0,11.0,4.0,5.0,1.0,0.0
6655,19,5,0,2.0,1.0,0,8.0,14.0,6.0,7.0,19.0,13.0,9.0,8.0,2.0,1.0,0.0,0.0
6656,34,29,1,0.0,1.0,2,7.0,20.0,6.0,12.0,13.0,5.0,6.0,12.0,2.0,1.0,1.0,1.0
6657,46,30,0,0.0,0.0,1,14.0,5.0,5.0,1.0,8.0,20.0,5.0,3.0,1.0,3.0,0.0,0.0
6658,42,18,2,1.0,3.0,2,14.0,16.0,8.0,10.0,16.0,9.0,9.0,4.0,2.0,0.0,0.0,0.0
6659,14,2,0,2.0,2.0,1,19.0,6.0,11.0,4.0,8.0,8.0,5.0,3.0,2.0,1.0,0.0,0.0
6660,0,19,0,0.0,1.0,2,19.0,12.0,13.0,9.0,6.0,19.0,14.0,4.0,1.0,5.0,0.0,0.0
6661,29,36,1,0.0,0.0,1,22.0,3.0,9.0,2.0,8.0,16.0,12.0,3.0,0.0,2.0,0.0,1.0
6662,45,28,2,0.0,1.0,2,9.0,14.0,2.0,5.0,13.0,11.0,5.0,3.0,0.0,4.0,0.0,0.0
6663,30,3,2,1.0,0.0,0,10.0,4.0,6.0,4.0,16.0,16.0,13.0,3.0,3.0,4.0,0.0,0.0
6664,17,34,1,1.0,1.0,1,12.0,12.0,5.0,6.0,14.0,17.0,6.0,6.0,1.0,2.0,0.0,0.0
6665,1,26,2,0.0,1.0,2,10.0,17.0,6.0,7.0,18.0,11.0,4.0,2.0,4.0,2.0,0.0,0.0
6666,5,31,2,0.0,3.0,2,13.0,7.0,9.0,5.0,15.0,16.0,4.0,3.0,1.0,1.0,0.0,0.0
6667,40,42,0,0.0,0.0,1,9.0,6.0,4.0,3.0,14.0,14.0,7.0,2.0,1.0,1.0,0.0,0.0
6668,18,46,0,1.0,0.0,0,12.0,14.0,8.0,4.0,8.0,13.0,6.0,2.0,0.0,0.0,0.0,0.0
6669,5,1,1,1.0,1.0,1,10.0,8.0,2.0,3.0,10.0,11.0,7.0,6.0,2.0,1.0,0.0,0.0
6670,34,0,1,0.0,0.0,1,9.0,14.0,4.0,6.0,18.0,15.0,2.0,6.0,0.0,0.0,0.0,0.0
6671,29,45,2,0.0,1.0,2,28.0,6.0,20.0,4.0,13.0,11.0,14.0,3.0,0.0,2.0,0.0,0.0
6672,3,36,1,1.0,1.0,1,15.0,12.0,6.0,7.0,16.0,7.0,5.0,10.0,2.0,0.0,0.0,0.0
6673,42,28,0,2.0,1.0,0,8.0,10.0,3.0,5.0,11.0,13.0,6.0,6.0,1.0,1.0,0.0,0.0
6674,30,19,0,2.0,1.0,0,21.0,8.0,10.0,5.0,11.0,12.0,10.0,3.0,1.0,0.0,0.0,0.0
6675,43,31,1,0.0,1.0,2,11.0,1.0,2.0,1.0,13.0,6.0,8.0,5.0,2.0,4.0,0.0,0.0
6676,14,18,1,0.0,0.0,1,14.0,8.0,10.0,5.0,13.0,5.0,9.0,2.0,2.0,1.0,0.0,0.0
6677,37,46,2,1.0,2.0,2,9.0,9.0,5.0,3.0,11.0,15.0,10.0,3.0,3.0,5.0,0.0,1.0
6678,26,13,1,0.0,1.0,2,22.0,8.0,7.0,4.0,5.0,12.0,9.0,2.0,0.0,0.0,0.0,0.0
6679,42,3,1,0.0,1.0,2,15.0,10.0,7.0,4.0,4.0,17.0,6.0,6.0,0.0,3.0,0.0,1.0
6680,14,29,1,0.0,0.0,1,15.0,5.0,10.0,0.0,12.0,20.0,8.0,1.0,3.0,4.0,0.0,0.0
6681,13,42,2,0.0,1.0,2,7.0,9.0,4.0,6.0,7.0,4.0,11.0,5.0,0.0,0.0,0.0,0.0
6682,0,14,1,1.0,0.0,0,7.0,9.0,4.0,4.0,19.0,13.0,3.0,7.0,1.0,2.0,0.0,1.0
6683,18,34,0,0.0,0.0,1,13.0,12.0,7.0,5.0,9.0,19.0,9.0,8.0,3.0,3.0,0.0,0.0
6684,36,43,2,0.0,0.0,1,15.0,4.0,7.0,4.0,10.0,16.0,14.0,2.0,0.0,2.0,0.0,0.0
6685,46,30,2,0.0,1.0,2,15.0,7.0,7.0,3.0,17.0,8.0,5.0,3.0,3.0,0.0,0.0,0.0
6686,1,37,0,2.0,0.0,0,19.0,9.0,11.0,2.0,14.0,14.0,13.0,5.0,2.0,2.0,0.0,0.0
6687,31,3,2,0.0,1.0,2,14.0,8.0,6.0,6.0,12.0,20.0,5.0,2.0,1.0,3.0,0.0,0.0
6688,19,26,0,0.0,0.0,1,7.0,9.0,5.0,5.0,17.0,15.0,4.0,14.0,2.0,2.0,1.0,0.0
6689,28,29,2,0.0,1.0,2,4.0,6.0,3.0,3.0,13.0,10.0,5.0,3.0,2.0,2.0,0.0,0.0
6690,45,5,0,3.0,0.0,0,9.0,8.0,6.0,3.0,17.0,21.0,5.0,3.0,2.0,5.0,0.0,0.0
6691,36,31,0,0.0,0.0,1,13.0,18.0,8.0,11.0,14.0,11.0,8.0,10.0,2.0,0.0,0.0,0.0
6692,0,19,0,1.0,0.0,0,10.0,7.0,5.0,1.0,6.0,10.0,7.0,6.0,2.0,4.0,0.0,0.0
6693,30,42,2,0.0,1.0,2,16.0,11.0,8.0,5.0,11.0,9.0,7.0,3.0,1.0,1.0,0.0,0.0
6694,14,5,1,2.0,1.0,0,11.0,6.0,3.0,3.0,8.0,10.0,11.0,2.0,0.0,3.0,0.0,0.0
6695,3,13,0,0.0,0.0,1,16.0,8.0,9.0,3.0,14.0,5.0,7.0,2.0,1.0,1.0,0.0,1.0
6696,34,26,0,2.0,0.0,0,9.0,11.0,7.0,4.0,12.0,7.0,7.0,6.0,1.0,1.0,0.0,0.0
6697,18,29,2,1.0,0.0,0,8.0,18.0,3.0,12.0,17.0,11.0,4.0,9.0,1.0,1.0,0.0,0.0
6698,37,43,0,1.0,0.0,0,11.0,13.0,6.0,3.0,13.0,17.0,5.0,7.0,1.0,4.0,0.0,0.0
6699,28,1,2,0.0,1.0,2,14.0,15.0,7.0,7.0,14.0,8.0,5.0,6.0,1.0,0.0,0.0,0.0
6700,46,45,2,0.0,1.0,2,9.0,12.0,6.0,7.0,5.0,17.0,5.0,1.0,1.0,2.0,0.0,0.0
6701,31,14,1,0.0,0.0,1,11.0,12.0,3.0,4.0,15.0,16.0,4.0,2.0,0.0,3.0,0.0,0.0
6702,1,34,1,0.0,0.0,1,17.0,5.0,8.0,2.0,10.0,20.0,15.0,3.0,0.0,1.0,0.0,0.0
6703,5,36,2,0.0,0.0,1,18.0,10.0,15.0,7.0,17.0,13.0,7.0,4.0,0.0,2.0,0.0,0.0
6704,19,3,1,1.0,0.0,0,13.0,18.0,6.0,9.0,17.0,15.0,7.0,11.0,1.0,1.0,0.0,0.0
6705,29,30,1,1.0,1.0,1,21.0,10.0,9.0,5.0,10.0,17.0,6.0,7.0,2.0,5.0,0.0,0.0
6706,26,46,0,1.0,0.0,0,23.0,4.0,12.0,3.0,10.0,10.0,12.0,3.0,2.0,2.0,0.0,0.0
6707,43,28,1,0.0,0.0,1,4.0,4.0,1.0,1.0,9.0,6.0,5.0,3.0,1.0,1.0,0.0,0.0
6708,13,37,1,0.0,0.0,1,10.0,15.0,2.0,10.0,16.0,13.0,8.0,3.0,5.0,3.0,0.0,0.0
6709,42,0,1,1.0,0.0,0,7.0,17.0,3.0,5.0,10.0,6.0,4.0,6.0,2.0,2.0,0.0,0.0
6710,45,18,0,1.0,0.0,0,15.0,10.0,7.0,2.0,16.0,10.0,5.0,7.0,2.0,1.0,0.0,0.0
6711,45,14,2,1.0,2.0,2,14.0,14.0,10.0,7.0,21.0,9.0,9.0,5.0,5.0,2.0,0.0,0.0
6712,26,30,0,0.0,0.0,1,18.0,5.0,7.0,2.0,8.0,13.0,8.0,2.0,0.0,1.0,0.0,0.0
6713,3,43,0,3.0,1.0,0,18.0,4.0,10.0,4.0,8.0,14.0,5.0,4.0,0.0,0.0,0.0,0.0
6714,29,37,0,1.0,0.0,0,13.0,10.0,10.0,3.0,10.0,13.0,4.0,1.0,5.0,3.0,0.0,0.0
6715,0,28,0,1.0,1.0,1,12.0,9.0,10.0,6.0,8.0,8.0,7.0,3.0,0.0,0.0,0.0,0.0
6716,18,13,0,0.0,0.0,1,18.0,7.0,11.0,4.0,7.0,15.0,7.0,4.0,0.0,3.0,0.0,0.0
6717,46,42,1,2.0,2.0,1,21.0,10.0,11.0,6.0,18.0,6.0,5.0,5.0,3.0,0.0,0.0,0.0
6718,34,31,0,1.0,0.0,0,21.0,7.0,7.0,3.0,13.0,8.0,10.0,5.0,2.0,0.0,0.0,0.0
6719,28,26,1,0.0,0.0,1,7.0,11.0,1.0,3.0,12.0,15.0,4.0,4.0,1.0,2.0,0.0,0.0
6720,30,1,2,1.0,1.0,1,13.0,9.0,5.0,7.0,20.0,8.0,2.0,4.0,2.0,1.0,0.0,0.0
6721,36,19,0,1.0,0.0,0,12.0,13.0,6.0,5.0,8.0,7.0,10.0,6.0,2.0,1.0,0.0,0.0
6722,0,5,0,1.0,1.0,1,19.0,6.0,9.0,2.0,7.0,18.0,2.0,5.0,2.0,3.0,0.0,1.0
6723,37,45,0,1.0,0.0,0,6.0,11.0,5.0,3.0,11.0,8.0,4.0,2.0,2.0,3.0,0.0,0.0
6724,13,36,1,0.0,0.0,1,8.0,14.0,5.0,6.0,13.0,13.0,1.0,11.0,1.0,0.0,0.0,0.0
6725,19,28,2,0.0,2.0,2,12.0,7.0,5.0,5.0,12.0,15.0,7.0,4.0,1.0,3.0,0.0,0.0
6726,5,18,1,1.0,1.0,1,7.0,9.0,4.0,7.0,16.0,19.0,7.0,7.0,3.0,1.0,0.0,0.0
6727,43,34,0,2.0,1.0,0,15.0,10.0,10.0,6.0,13.0,15.0,6.0,2.0,0.0,0.0,0.0,0.0
6728,31,0,1,0.0,0.0,1,8.0,6.0,4.0,2.0,13.0,14.0,3.0,6.0,1.0,2.0,0.0,0.0
6729,1,46,1,0.0,1.0,2,13.0,2.0,7.0,1.0,11.0,11.0,13.0,1.0,2.0,3.0,0.0,1.0
6730,34,29,0,1.0,0.0,0,14.0,15.0,9.0,7.0,13.0,2.0,8.0,7.0,3.0,1.0,0.0,0.0
6731,30,43,0,2.0,1.0,0,24.0,6.0,14.0,3.0,7.0,14.0,9.0,3.0,0.0,0.0,0.0,0.0
6732,36,26,2,0.0,1.0,2,8.0,4.0,4.0,3.0,10.0,16.0,7.0,6.0,2.0,1.0,0.0,0.0
6733,37,31,2,0.0,1.0,2,17.0,10.0,11.0,3.0,11.0,13.0,5.0,4.0,1.0,1.0,0.0,0.0
6734,3,1,2,1.0,1.0,1,10.0,9.0,3.0,7.0,17.0,12.0,4.0,10.0,2.0,1.0,0.0,0.0
6735,46,5,2,1.0,1.0,1,17.0,10.0,9.0,9.0,7.0,13.0,9.0,5.0,0.0,3.0,0.0,0.0
6736,0,45,2,0.0,1.0,2,29.0,6.0,15.0,5.0,10.0,15.0,14.0,1.0,0.0,1.0,0.0,0.0
6737,14,42,0,0.0,0.0,1,11.0,6.0,8.0,5.0,13.0,11.0,11.0,7.0,2.0,1.0,0.0,0.0
6738,18,19,0,3.0,1.0,0,14.0,15.0,10.0,8.0,18.0,12.0,4.0,10.0,0.0,0.0,0.0,0.0
6739,28,13,1,0.0,0.0,1,13.0,3.0,6.0,1.0,12.0,11.0,14.0,7.0,0.0,0.0,0.0,0.0
6740,1,18,1,0.0,1.0,2,17.0,18.0,10.0,8.0,18.0,16.0,5.0,6.0,3.0,3.0,0.0,0.0
6741,42,36,0,1.0,0.0,0,18.0,6.0,7.0,3.0,7.0,6.0,5.0,7.0,1.0,0.0,0.0,0.0
6742,31,28,2,0.0,0.0,1,15.0,7.0,6.0,5.0,9.0,16.0,8.0,1.0,1.0,3.0,0.0,0.0
6743,5,37,0,0.0,0.0,1,19.0,7.0,12.0,4.0,8.0,12.0,11.0,4.0,1.0,3.0,0.0,0.0
6744,29,3,0,0.0,1.0,2,27.0,6.0,17.0,3.0,7.0,12.0,8.0,1.0,1.0,3.0,0.0,0.0
6745,43,14,2,0.0,0.0,1,12.0,13.0,6.0,8.0,18.0,9.0,5.0,10.0,1.0,3.0,0.0,0.0
6746,45,30,0,2.0,0.0,0,9.0,10.0,6.0,3.0,11.0,17.0,3.0,4.0,0.0,1.0,0.0,0.0
6747,26,0,0,2.0,0.0,0,12.0,11.0,7.0,3.0,17.0,8.0,2.0,7.0,1.0,3.0,0.0,0.0
6748,13,46,0,0.0,0.0,1,4.0,6.0,1.0,1.0,10.0,15.0,4.0,9.0,1.0,3.0,0.0,0.0
6749,19,34,1,0.0,1.0,2,13.0,10.0,9.0,7.0,14.0,22.0,6.0,4.0,1.0,0.0,0.0,0.0
6750,18,0,0,0.0,0.0,1,11.0,18.0,4.0,9.0,17.0,13.0,5.0,4.0,6.0,0.0,0.0,0.0
6751,13,31,0,0.0,0.0,1,10.0,12.0,4.0,6.0,14.0,20.0,5.0,5.0,1.0,2.0,0.0,0.0
6752,1,26,1,0.0,0.0,1,9.0,7.0,3.0,3.0,11.0,12.0,2.0,6.0,2.0,3.0,0.0,0.0
6753,42,43,0,1.0,0.0,0,17.0,2.0,11.0,2.0,5.0,8.0,5.0,4.0,0.0,0.0,0.0,0.0
6754,36,34,1,0.0,0.0,1,5.0,10.0,0.0,5.0,11.0,15.0,10.0,4.0,1.0,1.0,0.0,0.0
6755,29,5,0,3.0,0.0,0,15.0,7.0,7.0,0.0,14.0,13.0,1.0,5.0,1.0,2.0,0.0,0.0
6756,3,45,2,0.0,0.0,1,9.0,10.0,3.0,7.0,18.0,22.0,10.0,9.0,4.0,4.0,1.0,0.0
6757,30,28,2,0.0,0.0,1,11.0,14.0,5.0,8.0,13.0,21.0,10.0,3.0,1.0,2.0,0.0,0.0
6758,14,37,0,2.0,0.0,0,13.0,7.0,8.0,4.0,7.0,10.0,5.0,1.0,0.0,0.0,0.0,0.0
6759,46,19,1,0.0,0.0,1,6.0,3.0,3.0,0.0,13.0,6.0,7.0,1.0,1.0,0.0,0.0,0.0
6760,1,0,2,0.0,1.0,2,11.0,10.0,6.0,5.0,12.0,14.0,6.0,4.0,1.0,1.0,0.0,0.0
6761,28,14,2,0.0,1.0,2,8.0,5.0,2.0,3.0,10.0,13.0,5.0,4.0,3.0,2.0,0.0,0.0
6762,5,3,2,0.0,0.0,1,15.0,10.0,10.0,2.0,14.0,8.0,8.0,0.0,1.0,0.0,0.0,0.0
6763,45,42,2,2.0,0.0,0,12.0,12.0,6.0,7.0,15.0,12.0,6.0,3.0,6.0,1.0,0.0,0.0
6764,0,36,0,0.0,0.0,1,16.0,7.0,9.0,4.0,8.0,14.0,16.0,7.0,1.0,1.0,0.0,0.0
6765,26,29,2,0.0,0.0,1,15.0,5.0,8.0,3.0,11.0,12.0,12.0,2.0,2.0,2.0,0.0,1.0
6766,19,1,1,1.0,1.0,1,13.0,9.0,7.0,4.0,10.0,21.0,5.0,8.0,0.0,2.0,0.0,0.0
6767,43,13,1,2.0,0.0,0,14.0,13.0,10.0,5.0,18.0,10.0,8.0,1.0,2.0,2.0,0.0,0.0
6768,34,14,2,0.0,1.0,2,8.0,10.0,5.0,5.0,8.0,10.0,7.0,5.0,0.0,2.0,0.0,0.0
6769,28,46,2,0.0,1.0,2,4.0,9.0,3.0,5.0,13.0,14.0,9.0,4.0,3.0,2.0,0.0,0.0
6770,37,18,1,0.0,0.0,1,8.0,7.0,6.0,2.0,18.0,10.0,5.0,6.0,3.0,2.0,0.0,0.0
6771,31,30,1,0.0,0.0,1,11.0,7.0,8.0,4.0,12.0,14.0,8.0,2.0,0.0,3.0,0.0,0.0
6772,46,31,0,1.0,0.0,0,7.0,5.0,4.0,2.0,11.0,12.0,8.0,6.0,6.0,2.0,0.0,0.0
6773,3,34,0,2.0,0.0,0,13.0,13.0,11.0,6.0,11.0,16.0,7.0,4.0,2.0,3.0,0.0,0.0
6774,42,5,0,3.0,1.0,0,14.0,10.0,10.0,6.0,2.0,17.0,5.0,5.0,0.0,4.0,1.0,0.0
6775,43,18,2,0.0,2.0,2,11.0,13.0,3.0,5.0,10.0,17.0,5.0,9.0,2.0,1.0,0.0,0.0
6776,19,29,2,1.0,1.0,1,16.0,16.0,6.0,8.0,16.0,12.0,3.0,7.0,3.0,2.0,0.0,0.0
6777,26,37,0,2.0,0.0,0,8.0,6.0,4.0,2.0,12.0,9.0,5.0,1.0,0.0,2.0,0.0,0.0
6778,13,45,0,3.0,0.0,0,12.0,11.0,5.0,8.0,13.0,7.0,7.0,6.0,3.0,2.0,0.0,0.0
6779,30,36,0,1.0,0.0,0,9.0,10.0,6.0,4.0,9.0,12.0,9.0,5.0,1.0,1.0,0.0,0.0
6780,43,46,1,1.0,1.0,1,10.0,16.0,6.0,13.0,11.0,11.0,8.0,3.0,1.0,1.0,0.0,1.0
6781,18,42,2,1.0,1.0,1,10.0,8.0,3.0,4.0,7.0,14.0,5.0,1.0,2.0,1.0,0.0,0.0
6782,5,19,0,1.0,0.0,0,7.0,7.0,4.0,6.0,14.0,11.0,9.0,8.0,1.0,4.0,0.0,0.0
6783,0,46,0,0.0,1.0,2,10.0,8.0,3.0,2.0,9.0,15.0,10.0,1.0,6.0,3.0,0.0,0.0
6784,36,1,0,1.0,0.0,0,12.0,17.0,9.0,7.0,13.0,11.0,12.0,8.0,2.0,1.0,0.0,0.0
6785,18,3,0,1.0,0.0,0,15.0,8.0,8.0,4.0,15.0,13.0,3.0,10.0,2.0,1.0,0.0,0.0
6786,34,28,0,1.0,0.0,0,17.0,6.0,10.0,3.0,12.0,12.0,13.0,8.0,3.0,3.0,0.0,0.0
6787,14,30,0,1.0,0.0,0,15.0,3.0,5.0,0.0,6.0,11.0,5.0,1.0,0.0,1.0,0.0,0.0
6788,37,42,0,1.0,1.0,1,16.0,6.0,5.0,1.0,14.0,11.0,13.0,3.0,3.0,5.0,0.0,0.0
6789,29,13,0,1.0,0.0,0,18.0,8.0,11.0,2.0,11.0,8.0,5.0,3.0,0.0,1.0,0.0,0.0
6790,31,26,0,1.0,1.0,1,7.0,13.0,3.0,9.0,9.0,14.0,3.0,4.0,1.0,1.0,0.0,0.0
6791,45,43,2,0.0,1.0,2,23.0,8.0,10.0,5.0,17.0,23.0,10.0,4.0,4.0,2.0,0.0,0.0
6792,42,29,2,0.0,1.0,2,10.0,12.0,5.0,7.0,8.0,16.0,5.0,7.0,2.0,3.0,0.0,0.0
6793,46,34,0,0.0,0.0,1,15.0,5.0,8.0,4.0,10.0,8.0,6.0,6.0,1.0,0.0,0.0,0.0
6794,26,18,1,0.0,0.0,1,25.0,6.0,10.0,4.0,13.0,18.0,6.0,4.0,0.0,3.0,0.0,0.0
6795,13,14,2,0.0,1.0,2,8.0,17.0,5.0,8.0,7.0,8.0,6.0,5.0,0.0,1.0,0.0,0.0
6796,30,0,1,0.0,0.0,1,3.0,11.0,1.0,4.0,14.0,5.0,3.0,6.0,2.0,1.0,0.0,1.0
6797,1,45,0,1.0,0.0,0,17.0,7.0,6.0,2.0,13.0,21.0,9.0,6.0,0.0,1.0,0.0,0.0
6798,3,37,0,1.0,1.0,1,11.0,11.0,6.0,5.0,18.0,19.0,7.0,6.0,1.0,4.0,1.0,0.0
6799,28,36,2,0.0,0.0,1,16.0,7.0,7.0,3.0,12.0,13.0,5.0,6.0,0.0,0.0,0.0,0.0
6800,43,5,2,0.0,0.0,1,7.0,7.0,3.0,4.0,8.0,9.0,5.0,4.0,0.0,3.0,0.0,0.0
6801,19,31,0,0.0,0.0,1,15.0,8.0,9.0,4.0,12.0,13.0,8.0,6.0,1.0,3.0,0.0,0.0
6802,29,43,0,1.0,0.0,0,21.0,2.0,10.0,1.0,11.0,11.0,7.0,2.0,2.0,2.0,0.0,0.0
6803,14,3,0,1.0,0.0,0,18.0,6.0,15.0,4.0,12.0,11.0,3.0,9.0,0.0,1.0,0.0,0.0
6804,5,13,1,1.0,1.0,1,12.0,4.0,7.0,2.0,7.0,11.0,10.0,0.0,0.0,1.0,0.0,0.0
6805,31,1,0,2.0,1.0,0,8.0,14.0,4.0,9.0,15.0,15.0,3.0,7.0,1.0,1.0,0.0,0.0
6806,45,26,2,0.0,0.0,1,13.0,15.0,6.0,9.0,11.0,8.0,4.0,9.0,1.0,1.0,0.0,0.0
6807,34,30,1,0.0,0.0,1,15.0,3.0,4.0,3.0,10.0,10.0,10.0,5.0,0.0,1.0,0.0,0.0
6808,37,19,0,2.0,0.0,0,16.0,7.0,8.0,0.0,14.0,10.0,5.0,4.0,1.0,1.0,0.0,0.0
6809,36,46,0,1.0,1.0,1,19.0,21.0,12.0,14.0,11.0,11.0,4.0,3.0,1.0,1.0,0.0,0.0
6810,43,3,0,1.0,1.0,1,15.0,15.0,7.0,3.0,14.0,7.0,9.0,6.0,2.0,0.0,0.0,0.0
6811,46,18,2,0.0,0.0,1,13.0,8.0,6.0,5.0,11.0,17.0,6.0,6.0,0.0,1.0,0.0,0.0
6812,0,29,0,0.0,0.0,1,18.0,10.0,11.0,6.0,13.0,11.0,8.0,6.0,1.0,3.0,0.0,0.0
6813,1,43,0,0.0,0.0,1,17.0,11.0,6.0,6.0,11.0,20.0,7.0,6.0,2.0,0.0,0.0,0.0
6814,36,37,0,1.0,0.0,0,17.0,4.0,10.0,1.0,12.0,8.0,7.0,2.0,1.0,1.0,0.0,1.0
6815,31,45,1,1.0,2.0,2,14.0,12.0,7.0,7.0,16.0,26.0,10.0,2.0,3.0,4.0,0.0,0.0
6816,30,5,0,4.0,1.0,0,10.0,11.0,5.0,5.0,12.0,13.0,1.0,8.0,1.0,3.0,0.0,1.0
6817,26,14,0,2.0,0.0,0,17.0,11.0,8.0,3.0,10.0,17.0,3.0,7.0,0.0,1.0,0.0,0.0
6818,34,13,2,0.0,0.0,1,9.0,8.0,3.0,5.0,9.0,11.0,10.0,7.0,0.0,3.0,0.0,0.0
6819,28,3,2,0.0,1.0,2,13.0,12.0,9.0,5.0,14.0,11.0,6.0,3.0,1.0,3.0,0.0,0.0
6820,19,42,1,0.0,0.0,1,9.0,9.0,3.0,4.0,14.0,16.0,5.0,6.0,3.0,2.0,1.0,0.0
6821,42,31,2,1.0,1.0,1,25.0,12.0,17.0,7.0,8.0,9.0,5.0,3.0,1.0,4.0,0.0,0.0
6822,18,36,1,0.0,1.0,2,14.0,7.0,7.0,3.0,12.0,17.0,8.0,5.0,2.0,2.0,0.0,0.0
6823,37,34,1,1.0,0.0,0,6.0,13.0,3.0,6.0,14.0,19.0,2.0,10.0,0.0,2.0,0.0,0.0
6824,13,30,2,1.0,1.0,1,16.0,12.0,9.0,9.0,12.0,15.0,5.0,3.0,3.0,1.0,0.0,0.0
6825,5,28,1,0.0,0.0,1,8.0,7.0,4.0,0.0,14.0,13.0,5.0,2.0,2.0,2.0,0.0,0.0
6826,3,0,2,0.0,1.0,2,13.0,6.0,7.0,4.0,15.0,5.0,8.0,2.0,4.0,0.0,0.0,1.0
6827,45,19,1,1.0,1.0,1,10.0,9.0,7.0,6.0,20.0,21.0,8.0,5.0,3.0,6.0,1.0,0.0
6828,14,46,0,1.0,0.0,0,12.0,2.0,6.0,1.0,15.0,17.0,7.0,3.0,1.0,3.0,0.0,0.0
6829,43,26,2,0.0,2.0,2,8.0,22.0,4.0,13.0,9.0,10.0,3.0,12.0,0.0,0.0,0.0,0.0
6830,29,1,0,3.0,0.0,0,27.0,7.0,17.0,5.0,8.0,15.0,8.0,4.0,1.0,1.0,0.0,0.0
6831,1,14,1,0.0,0.0,1,4.0,22.0,2.0,12.0,7.0,13.0,5.0,8.0,1.0,3.0,0.0,0.0
6832,0,13,0,2.0,0.0,0,16.0,4.0,10.0,2.0,13.0,9.0,8.0,2.0,0.0,1.0,0.0,1.0
6833,34,42,1,1.0,0.0,0,15.0,9.0,9.0,7.0,12.0,12.0,10.0,6.0,1.0,4.0,0.0,0.0
6834,28,18,0,0.0,0.0,1,11.0,15.0,7.0,5.0,13.0,13.0,4.0,6.0,2.0,3.0,0.0,0.0
6835,46,3,2,0.0,1.0,2,14.0,8.0,5.0,5.0,10.0,16.0,5.0,5.0,0.0,5.0,0.0,0.0
6836,26,5,0,0.0,0.0,1,19.0,1.0,9.0,0.0,18.0,12.0,8.0,8.0,0.0,3.0,0.0,0.0
6837,30,37,0,1.0,1.0,1,13.0,6.0,7.0,3.0,10.0,11.0,7.0,3.0,2.0,1.0,0.0,0.0
6838,36,45,0,4.0,0.0,0,18.0,9.0,9.0,3.0,6.0,13.0,3.0,3.0,1.0,0.0,0.0,0.0
6839,19,43,1,0.0,0.0,1,16.0,13.0,4.0,5.0,6.0,17.0,6.0,7.0,1.0,2.0,0.0,1.0
6840,31,29,1,1.0,1.0,1,8.0,20.0,8.0,8.0,11.0,10.0,1.0,10.0,1.0,2.0,0.0,0.0
6841,13,1,0,0.0,1.0,2,14.0,6.0,8.0,2.0,10.0,10.0,7.0,4.0,2.0,1.0,0.0,1.0
6842,29,36,0,1.0,1.0,1,28.0,7.0,12.0,3.0,9.0,11.0,13.0,4.0,1.0,2.0,0.0,1.0
6843,18,31,0,1.0,0.0,0,16.0,7.0,9.0,3.0,7.0,11.0,7.0,12.0,2.0,3.0,0.0,0.0
6844,37,0,0,1.0,0.0,0,11.0,9.0,5.0,4.0,11.0,5.0,5.0,9.0,2.0,3.0,0.0,0.0
6845,3,30,0,1.0,0.0,0,14.0,8.0,7.0,5.0,16.0,21.0,6.0,3.0,1.0,3.0,0.0,0.0
6846,14,19,1,1.0,1.0,1,15.0,11.0,4.0,6.0,14.0,11.0,5.0,5.0,1.0,1.0,0.0,0.0
6847,45,28,2,0.0,0.0,1,12.0,7.0,6.0,5.0,12.0,15.0,6.0,2.0,1.0,2.0,0.0,0.0
6848,5,34,0,2.0,1.0,0,12.0,14.0,7.0,7.0,11.0,13.0,8.0,7.0,0.0,1.0,0.0,0.0
6849,42,26,2,0.0,1.0,2,9.0,10.0,3.0,5.0,5.0,21.0,2.0,3.0,0.0,0.0,0.0,0.0
6850,13,19,1,2.0,1.0,0,12.0,15.0,7.0,9.0,14.0,15.0,4.0,9.0,0.0,0.0,0.0,0.0
6851,37,28,2,0.0,0.0,1,19.0,11.0,13.0,8.0,7.0,9.0,8.0,5.0,2.0,1.0,0.0,0.0
6852,14,36,1,1.0,0.0,0,16.0,6.0,5.0,1.0,14.0,9.0,6.0,7.0,1.0,1.0,0.0,0.0
6853,45,34,2,0.0,2.0,2,14.0,12.0,7.0,6.0,12.0,13.0,6.0,4.0,2.0,1.0,0.0,0.0
6854,18,30,1,0.0,0.0,1,10.0,7.0,4.0,2.0,12.0,17.0,12.0,2.0,2.0,1.0,0.0,0.0
6855,43,0,2,1.0,1.0,1,6.0,16.0,3.0,8.0,11.0,6.0,7.0,5.0,2.0,0.0,0.0,0.0
6856,29,46,0,0.0,0.0,1,17.0,6.0,8.0,3.0,12.0,14.0,8.0,1.0,0.0,0.0,0.0,0.0
6857,3,26,0,0.0,0.0,1,8.0,18.0,4.0,12.0,13.0,6.0,3.0,5.0,3.0,2.0,0.0,0.0
6858,5,31,0,1.0,1.0,1,10.0,10.0,7.0,5.0,15.0,14.0,5.0,2.0,3.0,3.0,0.0,0.0
6859,42,1,0,0.0,0.0,1,12.0,9.0,10.0,7.0,12.0,14.0,4.0,4.0,1.0,2.0,0.0,0.0
6860,46,14,2,1.0,2.0,2,14.0,8.0,6.0,5.0,10.0,10.0,3.0,6.0,3.0,4.0,0.0,0.0
6861,1,29,2,0.0,0.0,1,11.0,14.0,3.0,10.0,12.0,11.0,6.0,8.0,2.0,2.0,0.0,0.0
6862,0,3,0,3.0,1.0,0,18.0,11.0,12.0,7.0,14.0,14.0,7.0,6.0,3.0,3.0,0.0,0.0
6863,34,37,0,0.0,1.0,2,13.0,11.0,6.0,6.0,14.0,6.0,6.0,3.0,0.0,2.0,0.0,0.0
6864,30,13,0,1.0,0.0,0,16.0,8.0,9.0,6.0,1.0,9.0,11.0,4.0,0.0,1.0,0.0,0.0
6865,26,43,0,0.0,0.0,1,15.0,7.0,10.0,4.0,10.0,17.0,7.0,6.0,0.0,0.0,0.0,0.0
6866,36,18,2,0.0,1.0,2,11.0,10.0,7.0,7.0,10.0,6.0,12.0,4.0,0.0,0.0,0.0,0.0
6867,31,42,0,3.0,1.0,0,12.0,17.0,9.0,6.0,12.0,18.0,5.0,5.0,1.0,1.0,0.0,0.0
6868,19,45,1,0.0,0.0,1,11.0,13.0,7.0,4.0,17.0,17.0,2.0,7.0,1.0,2.0,0.0,1.0
6869,28,5,2,0.0,2.0,2,5.0,9.0,3.0,3.0,23.0,16.0,8.0,2.0,1.0,3.0,1.0,0.0
6870,19,30,0,2.0,0.0,0,11.0,16.0,6.0,10.0,19.0,16.0,5.0,6.0,0.0,0.0,0.0,0.0
6871,18,14,2,1.0,0.0,0,3.0,18.0,1.0,9.0,17.0,8.0,5.0,6.0,1.0,1.0,0.0,0.0
6872,45,29,0,0.0,0.0,1,10.0,19.0,4.0,11.0,25.0,10.0,1.0,11.0,3.0,2.0,0.0,0.0
6873,28,42,2,0.0,2.0,2,10.0,11.0,4.0,7.0,13.0,11.0,6.0,3.0,1.0,0.0,0.0,0.0
6874,0,34,1,0.0,1.0,2,14.0,7.0,8.0,5.0,13.0,13.0,7.0,4.0,0.0,2.0,0.0,0.0
6875,31,43,0,0.0,0.0,1,11.0,11.0,6.0,8.0,7.0,18.0,4.0,8.0,0.0,0.0,0.0,0.0
6876,46,37,2,0.0,1.0,2,14.0,11.0,6.0,7.0,10.0,12.0,6.0,2.0,0.0,2.0,0.0,0.0
6877,36,3,2,1.0,0.0,0,10.0,10.0,5.0,7.0,17.0,8.0,9.0,3.0,1.0,2.0,0.0,0.0
6878,1,5,2,0.0,0.0,1,15.0,7.0,9.0,3.0,16.0,19.0,8.0,2.0,0.0,4.0,0.0,0.0
6879,13,26,2,0.0,1.0,2,7.0,22.0,2.0,10.0,9.0,5.0,2.0,8.0,1.0,1.0,0.0,0.0
6880,14,31,0,0.0,0.0,1,15.0,6.0,8.0,1.0,16.0,13.0,7.0,2.0,2.0,2.0,0.0,0.0
6881,46,0,2,0.0,0.0,1,15.0,9.0,7.0,3.0,10.0,7.0,4.0,7.0,1.0,0.0,0.0,0.0
6882,37,1,1,0.0,1.0,2,16.0,7.0,10.0,5.0,11.0,16.0,10.0,4.0,2.0,1.0,0.0,0.0
6883,14,0,1,0.0,0.0,1,20.0,11.0,7.0,4.0,16.0,16.0,4.0,5.0,2.0,2.0,0.0,0.0
6884,30,46,1,0.0,1.0,2,13.0,8.0,7.0,3.0,10.0,7.0,7.0,4.0,2.0,1.0,0.0,0.0
6885,5,45,0,1.0,0.0,0,17.0,3.0,10.0,1.0,11.0,11.0,4.0,3.0,2.0,2.0,0.0,0.0
6886,43,36,1,0.0,0.0,1,8.0,6.0,5.0,1.0,14.0,12.0,2.0,5.0,0.0,1.0,0.0,0.0
6887,3,31,2,0.0,2.0,2,13.0,16.0,7.0,8.0,10.0,5.0,7.0,4.0,1.0,2.0,1.0,0.0
6888,34,18,0,2.0,0.0,0,13.0,12.0,8.0,5.0,20.0,11.0,6.0,4.0,2.0,4.0,0.0,0.0
6889,42,13,0,2.0,1.0,0,13.0,12.0,9.0,3.0,7.0,11.0,5.0,9.0,2.0,4.0,0.0,0.0
6890,29,28,0,2.0,0.0,0,20.0,15.0,11.0,7.0,15.0,19.0,7.0,4.0,1.0,3.0,0.0,1.0
6891,26,19,0,0.0,0.0,1,32.0,5.0,19.0,3.0,7.0,8.0,14.0,1.0,1.0,1.0,0.0,0.0
6892,31,36,0,1.0,2.0,2,14.0,14.0,8.0,5.0,11.0,13.0,1.0,8.0,1.0,1.0,0.0,0.0
6893,45,46,2,0.0,0.0,1,13.0,9.0,6.0,4.0,12.0,16.0,7.0,9.0,0.0,3.0,0.0,0.0
6894,13,3,0,0.0,0.0,1,13.0,5.0,10.0,3.0,10.0,12.0,5.0,4.0,1.0,2.0,0.0,0.0
6895,42,30,0,0.0,0.0,1,22.0,6.0,11.0,3.0,10.0,16.0,7.0,5.0,0.0,3.0,1.0,1.0
6896,28,43,1,0.0,0.0,1,14.0,6.0,12.0,4.0,12.0,16.0,9.0,8.0,1.0,3.0,0.0,0.0
6897,18,45,0,0.0,0.0,1,8.0,16.0,5.0,11.0,16.0,9.0,3.0,14.0,2.0,2.0,0.0,0.0
6898,30,29,2,0.0,1.0,2,13.0,11.0,5.0,7.0,12.0,16.0,6.0,9.0,2.0,3.0,0.0,0.0
6899,0,42,0,2.0,0.0,0,6.0,7.0,5.0,4.0,15.0,15.0,3.0,2.0,1.0,2.0,0.0,0.0
6900,3,19,0,2.0,0.0,0,10.0,4.0,6.0,2.0,19.0,13.0,3.0,3.0,2.0,2.0,0.0,0.0
6901,36,5,0,1.0,0.0,0,10.0,12.0,3.0,7.0,11.0,15.0,5.0,4.0,0.0,3.0,0.0,0.0
6902,37,13,0,0.0,1.0,2,26.0,8.0,10.0,4.0,11.0,14.0,12.0,3.0,1.0,1.0,0.0,0.0
6903,34,1,1,0.0,1.0,2,18.0,8.0,6.0,4.0,14.0,19.0,6.0,7.0,2.0,4.0,1.0,0.0
6904,46,26,2,0.0,4.0,2,15.0,9.0,6.0,6.0,9.0,14.0,8.0,2.0,2.0,2.0,0.0,0.0
6905,29,18,0,1.0,0.0,0,18.0,7.0,6.0,4.0,15.0,15.0,3.0,2.0,1.0,1.0,0.0,0.0
6906,26,34,1,0.0,0.0,1,15.0,3.0,4.0,1.0,13.0,13.0,5.0,1.0,1.0,3.0,0.0,0.0
6907,5,14,2,0.0,1.0,2,9.0,16.0,3.0,10.0,13.0,13.0,3.0,5.0,3.0,1.0,0.0,0.0
6908,19,0,0,2.0,1.0,0,13.0,7.0,7.0,2.0,17.0,15.0,6.0,6.0,4.0,5.0,0.0,1.0
6909,1,28,2,0.0,2.0,2,6.0,11.0,4.0,8.0,15.0,11.0,1.0,5.0,1.0,0.0,0.0,0.0
6910,43,37,2,0.0,0.0,1,9.0,17.0,6.0,7.0,20.0,10.0,6.0,1.0,3.0,1.0,1.0,0.0
6911,42,46,0,2.0,1.0,0,11.0,10.0,6.0,5.0,12.0,17.0,3.0,2.0,2.0,4.0,0.0,0.0
6912,31,34,0,0.0,0.0,1,13.0,7.0,10.0,2.0,13.0,12.0,10.0,3.0,2.0,2.0,0.0,0.0
6913,29,14,1,1.0,0.0,0,8.0,13.0,5.0,7.0,16.0,12.0,3.0,2.0,1.0,3.0,0.0,0.0
6914,19,36,2,0.0,1.0,2,10.0,8.0,4.0,2.0,6.0,14.0,4.0,3.0,0.0,3.0,1.0,0.0
6915,5,0,0,2.0,1.0,0,10.0,14.0,8.0,7.0,11.0,8.0,7.0,11.0,3.0,4.0,0.0,0.0
6916,1,30,1,1.0,1.0,1,11.0,9.0,4.0,4.0,18.0,11.0,9.0,4.0,1.0,3.0,0.0,0.0
6917,13,18,1,0.0,0.0,1,16.0,9.0,8.0,6.0,16.0,13.0,6.0,7.0,2.0,0.0,0.0,0.0
6918,45,37,0,1.0,0.0,0,12.0,13.0,7.0,5.0,16.0,22.0,5.0,9.0,2.0,4.0,0.0,0.0
6919,26,28,0,0.0,0.0,1,12.0,6.0,6.0,2.0,9.0,20.0,8.0,2.0,2.0,1.0,0.0,0.0
6920,3,42,1,1.0,0.0,0,6.0,13.0,3.0,5.0,17.0,16.0,4.0,5.0,0.0,1.0,1.0,1.0
6921,46,1,1,0.0,0.0,1,14.0,7.0,5.0,3.0,6.0,11.0,6.0,6.0,1.0,0.0,0.0,0.0
6922,0,31,1,0.0,1.0,2,23.0,2.0,10.0,1.0,10.0,9.0,11.0,1.0,2.0,5.0,0.0,0.0
6923,34,43,0,1.0,1.0,1,17.0,8.0,11.0,4.0,14.0,18.0,9.0,5.0,1.0,3.0,0.0,0.0
6924,37,29,2,1.0,1.0,1,5.0,22.0,3.0,15.0,19.0,10.0,0.0,14.0,1.0,1.0,0.0,0.0
6925,28,19,0,3.0,0.0,0,15.0,7.0,7.0,2.0,22.0,12.0,5.0,0.0,1.0,1.0,0.0,0.0
6926,30,26,1,0.0,0.0,1,1.0,17.0,1.0,10.0,14.0,3.0,2.0,12.0,0.0,0.0,0.0,0.0
6927,14,45,0,1.0,0.0,0,19.0,7.0,9.0,1.0,10.0,8.0,5.0,6.0,1.0,4.0,0.0,0.0
6928,18,5,0,0.0,0.0,1,9.0,13.0,2.0,2.0,18.0,14.0,5.0,8.0,3.0,0.0,0.0,0.0
6929,36,13,0,1.0,0.0,0,11.0,4.0,4.0,2.0,6.0,11.0,4.0,9.0,0.0,3.0,0.0,0.0
6930,36,42,0,2.0,1.0,0,8.0,9.0,4.0,3.0,14.0,7.0,7.0,2.0,1.0,1.0,0.0,0.0
6931,0,26,0,1.0,0.0,0,7.0,10.0,7.0,4.0,7.0,12.0,2.0,6.0,2.0,3.0,0.0,0.0
6932,28,31,1,0.0,0.0,1,15.0,8.0,8.0,3.0,18.0,11.0,6.0,5.0,1.0,3.0,0.0,0.0
6933,34,19,1,0.0,0.0,1,23.0,7.0,12.0,4.0,11.0,7.0,19.0,5.0,0.0,3.0,0.0,0.0
6934,37,5,1,0.0,1.0,2,8.0,6.0,4.0,4.0,5.0,6.0,4.0,5.0,1.0,1.0,0.0,0.0
6935,46,13,0,2.0,0.0,0,8.0,7.0,5.0,4.0,18.0,11.0,2.0,3.0,2.0,0.0,0.0,0.0
6936,14,43,0,2.0,0.0,0,14.0,2.0,8.0,1.0,13.0,14.0,9.0,4.0,1.0,1.0,0.0,0.0
6937,3,29,2,0.0,0.0,1,9.0,14.0,4.0,7.0,17.0,8.0,6.0,4.0,4.0,3.0,0.0,0.0
6938,18,1,2,0.0,1.0,2,10.0,17.0,4.0,9.0,16.0,19.0,6.0,2.0,2.0,3.0,0.0,0.0
6939,30,45,0,0.0,0.0,1,11.0,11.0,8.0,7.0,7.0,10.0,7.0,1.0,1.0,3.0,0.0,0.0
6940,42,14,0,1.0,1.0,1,8.0,17.0,3.0,10.0,15.0,15.0,7.0,10.0,3.0,5.0,0.0,1.0
6941,1,3,0,1.0,0.0,0,8.0,5.0,5.0,3.0,15.0,13.0,4.0,3.0,1.0,3.0,0.0,0.0
6942,45,0,0,0.0,0.0,1,11.0,11.0,5.0,5.0,11.0,8.0,8.0,3.0,3.0,2.0,0.0,0.0
6943,29,34,0,2.0,0.0,0,18.0,8.0,11.0,5.0,6.0,9.0,9.0,5.0,0.0,1.0,0.0,0.0
6944,43,30,0,1.0,0.0,0,14.0,5.0,6.0,2.0,15.0,15.0,10.0,4.0,1.0,1.0,0.0,0.0
6945,13,28,0,1.0,0.0,0,18.0,15.0,11.0,9.0,10.0,9.0,5.0,12.0,1.0,2.0,0.0,0.0
6946,19,18,0,0.0,0.0,1,5.0,5.0,3.0,3.0,8.0,17.0,4.0,10.0,0.0,1.0,0.0,0.0
6947,31,37,2,0.0,0.0,1,11.0,12.0,3.0,6.0,16.0,12.0,7.0,0.0,3.0,2.0,0.0,0.0
6948,5,46,2,0.0,0.0,1,13.0,9.0,5.0,3.0,15.0,14.0,5.0,3.0,1.0,2.0,0.0,0.0
6949,26,36,0,1.0,0.0,0,21.0,5.0,10.0,2.0,8.0,14.0,9.0,6.0,0.0,2.0,0.0,0.0
6950,28,30,0,1.0,0.0,0,14.0,4.0,5.0,0.0,16.0,22.0,9.0,1.0,2.0,4.0,0.0,0.0
6951,45,3,0,1.0,0.0,0,9.0,13.0,5.0,7.0,16.0,10.0,5.0,8.0,1.0,1.0,0.0,0.0
6952,34,36,0,1.0,0.0,0,18.0,8.0,12.0,4.0,18.0,6.0,5.0,13.0,0.0,0.0,0.0,0.0
6953,19,46,2,0.0,0.0,1,4.0,15.0,1.0,7.0,11.0,12.0,5.0,4.0,1.0,2.0,0.0,0.0
6954,37,14,2,0.0,1.0,2,6.0,10.0,2.0,7.0,15.0,12.0,8.0,7.0,2.0,0.0,0.0,0.0
6955,5,29,2,0.0,2.0,2,8.0,15.0,3.0,10.0,18.0,11.0,7.0,2.0,2.0,2.0,0.0,0.0
6956,0,18,1,0.0,1.0,2,26.0,2.0,12.0,2.0,6.0,21.0,16.0,3.0,2.0,3.0,0.0,0.0
6957,31,13,1,0.0,0.0,1,20.0,8.0,10.0,4.0,12.0,9.0,10.0,3.0,1.0,1.0,0.0,0.0
6958,26,1,0,3.0,0.0,0,19.0,7.0,6.0,5.0,11.0,17.0,8.0,4.0,0.0,1.0,0.0,0.0
6959,43,42,1,0.0,0.0,1,9.0,11.0,2.0,8.0,14.0,14.0,7.0,7.0,3.0,1.0,0.0,0.0
6960,30,31,0,0.0,0.0,1,19.0,13.0,8.0,4.0,17.0,13.0,8.0,4.0,2.0,0.0,0.0,0.0
6961,3,5,2,0.0,0.0,1,24.0,8.0,11.0,7.0,12.0,16.0,7.0,8.0,2.0,2.0,0.0,1.0
6962,42,45,0,1.0,0.0,0,13.0,5.0,5.0,2.0,14.0,15.0,9.0,9.0,3.0,4.0,0.0,0.0
6963,29,26,0,1.0,0.0,0,10.0,13.0,8.0,5.0,14.0,21.0,5.0,5.0,1.0,3.0,0.0,0.0
6964,36,0,2,0.0,2.0,2,3.0,16.0,1.0,9.0,6.0,6.0,10.0,2.0,0.0,0.0,0.0,0.0
6965,18,37,0,2.0,0.0,0,13.0,10.0,5.0,4.0,13.0,11.0,4.0,3.0,0.0,1.0,0.0,1.0
6966,13,43,1,0.0,0.0,1,16.0,8.0,8.0,3.0,13.0,17.0,9.0,9.0,2.0,0.0,0.0,0.0
6967,46,28,0,2.0,0.0,0,12.0,9.0,5.0,4.0,14.0,13.0,3.0,5.0,1.0,1.0,0.0,0.0
6968,14,34,0,0.0,0.0,1,26.0,10.0,18.0,1.0,6.0,12.0,9.0,5.0,3.0,2.0,0.0,0.0
6969,1,19,1,1.0,1.0,1,3.0,5.0,1.0,2.0,12.0,13.0,4.0,1.0,0.0,2.0,0.0,0.0
6970,19,13,0,0.0,0.0,1,11.0,10.0,6.0,3.0,9.0,12.0,3.0,6.0,1.0,3.0,0.0,0.0
6971,31,5,2,1.0,0.0,0,10.0,7.0,3.0,5.0,21.0,15.0,3.0,3.0,3.0,3.0,0.0,0.0
6972,46,29,2,1.0,0.0,0,6.0,12.0,2.0,5.0,7.0,8.0,2.0,5.0,0.0,2.0,0.0,0.0
6973,30,18,0,1.0,0.0,0,9.0,12.0,6.0,8.0,12.0,9.0,10.0,13.0,1.0,0.0,0.0,0.0
6974,28,37,1,0.0,0.0,1,14.0,7.0,6.0,3.0,14.0,12.0,3.0,4.0,0.0,1.0,0.0,0.0
6975,36,14,2,0.0,1.0,2,5.0,7.0,0.0,4.0,16.0,7.0,8.0,5.0,3.0,2.0,1.0,1.0
6976,34,45,0,1.0,0.0,0,18.0,6.0,6.0,3.0,20.0,11.0,4.0,4.0,4.0,4.0,0.0,0.0
6977,1,42,1,0.0,0.0,1,12.0,10.0,6.0,5.0,13.0,11.0,2.0,2.0,0.0,1.0,0.0,1.0
6978,0,43,0,2.0,0.0,0,15.0,9.0,7.0,3.0,6.0,14.0,8.0,4.0,0.0,1.0,0.0,0.0
6979,26,3,1,0.0,1.0,2,18.0,5.0,9.0,3.0,6.0,15.0,8.0,1.0,1.0,3.0,0.0,0.0
6980,43,19,1,1.0,0.0,0,9.0,9.0,4.0,3.0,24.0,12.0,3.0,2.0,1.0,3.0,0.0,0.0
6981,42,34,0,2.0,1.0,0,8.0,9.0,6.0,6.0,8.0,10.0,6.0,10.0,0.0,0.0,0.0,0.0
6982,3,46,0,1.0,1.0,1,12.0,11.0,8.0,6.0,16.0,17.0,5.0,4.0,3.0,4.0,0.0,0.0
6983,45,36,2,0.0,1.0,2,13.0,2.0,8.0,1.0,8.0,7.0,10.0,5.0,4.0,2.0,0.0,0.0
6984,29,31,0,1.0,0.0,0,24.0,3.0,11.0,3.0,5.0,13.0,8.0,3.0,1.0,3.0,0.0,0.0
6985,18,28,1,1.0,0.0,0,14.0,11.0,10.0,5.0,14.0,17.0,8.0,4.0,2.0,2.0,0.0,0.0
6986,37,30,0,1.0,0.0,0,13.0,7.0,7.0,2.0,8.0,12.0,10.0,4.0,1.0,3.0,0.0,0.0
6987,13,0,2,1.0,1.0,1,10.0,21.0,6.0,12.0,19.0,8.0,4.0,7.0,4.0,4.0,0.0,0.0
6988,14,1,1,1.0,1.0,1,18.0,9.0,10.0,5.0,13.0,14.0,7.0,5.0,0.0,2.0,0.0,0.0
6989,5,26,0,1.0,0.0,0,4.0,13.0,3.0,6.0,15.0,12.0,1.0,10.0,2.0,1.0,0.0,0.0
6990,34,5,2,0.0,1.0,2,13.0,4.0,5.0,3.0,8.0,13.0,11.0,2.0,2.0,2.0,0.0,0.0
6991,31,18,1,1.0,1.0,1,21.0,12.0,13.0,5.0,12.0,18.0,9.0,6.0,2.0,4.0,1.0,1.0
6992,46,43,1,1.0,0.0,0,8.0,10.0,4.0,4.0,15.0,15.0,4.0,3.0,2.0,2.0,0.0,0.0
6993,30,3,2,0.0,1.0,2,13.0,13.0,7.0,7.0,14.0,17.0,6.0,7.0,1.0,3.0,0.0,0.0
6994,0,37,0,0.0,0.0,1,14.0,5.0,11.0,4.0,11.0,8.0,7.0,2.0,2.0,1.0,0.0,0.0
6995,19,14,2,0.0,0.0,1,7.0,13.0,4.0,5.0,19.0,9.0,5.0,7.0,2.0,1.0,0.0,0.0
6996,28,45,0,0.0,0.0,1,17.0,4.0,8.0,0.0,12.0,15.0,4.0,6.0,0.0,0.0,0.0,0.0
6997,1,13,0,1.0,0.0,0,12.0,8.0,5.0,3.0,10.0,14.0,4.0,4.0,0.0,1.0,0.0,0.0
6998,26,42,0,0.0,0.0,1,14.0,5.0,6.0,1.0,12.0,9.0,6.0,0.0,1.0,0.0,0.0,0.0
6999,36,29,1,0.0,0.0,1,3.0,18.0,1.0,8.0,6.0,10.0,2.0,6.0,0.0,0.0,0.0,0.0
7000,26,31,0,1.0,0.0,0,22.0,11.0,11.0,6.0,12.0,13.0,8.0,6.0,1.0,1.0,0.0,0.0
7001,42,19,1,0.0,0.0,1,18.0,8.0,8.0,3.0,11.0,20.0,12.0,2.0,2.0,2.0,0.0,0.0
7002,29,0,2,0.0,0.0,1,17.0,14.0,9.0,7.0,11.0,11.0,10.0,5.0,2.0,2.0,0.0,0.0
7003,3,28,0,2.0,2.0,1,11.0,15.0,5.0,8.0,11.0,11.0,4.0,3.0,2.0,3.0,0.0,0.0
7004,45,31,2,0.0,0.0,1,10.0,16.0,7.0,9.0,11.0,11.0,5.0,6.0,3.0,3.0,0.0,0.0
7005,14,26,0,1.0,0.0,0,4.0,9.0,3.0,6.0,13.0,17.0,1.0,3.0,3.0,2.0,1.0,0.0
7006,5,30,1,0.0,0.0,1,13.0,14.0,3.0,7.0,7.0,19.0,9.0,4.0,0.0,1.0,0.0,0.0
7007,13,34,2,0.0,0.0,1,18.0,12.0,5.0,5.0,6.0,10.0,9.0,4.0,0.0,2.0,0.0,0.0
7008,18,46,1,0.0,0.0,1,14.0,10.0,9.0,7.0,14.0,23.0,4.0,2.0,1.0,5.0,0.0,0.0
7009,37,36,2,0.0,2.0,2,14.0,8.0,7.0,2.0,12.0,6.0,8.0,7.0,2.0,1.0,0.0,0.0
7010,43,1,1,0.0,0.0,1,12.0,9.0,5.0,4.0,12.0,10.0,7.0,1.0,1.0,0.0,0.0,0.0
7011,36,28,0,1.0,0.0,0,12.0,15.0,7.0,8.0,6.0,16.0,6.0,4.0,0.0,4.0,0.0,1.0
7012,45,1,1,0.0,1.0,2,7.0,10.0,1.0,6.0,15.0,9.0,3.0,5.0,2.0,2.0,0.0,0.0
7013,31,19,2,0.0,0.0,1,15.0,8.0,7.0,5.0,16.0,12.0,4.0,7.0,1.0,1.0,0.0,0.0
7014,34,46,0,0.0,0.0,1,9.0,11.0,7.0,5.0,14.0,5.0,6.0,9.0,0.0,1.0,0.0,0.0
7015,5,43,0,0.0,0.0,1,7.0,15.0,2.0,6.0,13.0,15.0,6.0,6.0,3.0,1.0,0.0,0.0
7016,29,42,0,1.0,0.0,0,10.0,9.0,5.0,4.0,12.0,17.0,5.0,4.0,2.0,2.0,0.0,0.0
7017,14,13,0,1.0,0.0,0,19.0,3.0,6.0,2.0,12.0,7.0,6.0,3.0,2.0,1.0,0.0,0.0
7018,18,26,0,2.0,0.0,0,8.0,21.0,6.0,5.0,22.0,13.0,2.0,11.0,1.0,3.0,0.0,0.0
7019,0,30,1,0.0,1.0,2,20.0,1.0,12.0,1.0,5.0,17.0,15.0,0.0,1.0,6.0,0.0,1.0
7020,37,3,1,0.0,0.0,1,14.0,12.0,9.0,1.0,12.0,11.0,7.0,6.0,2.0,2.0,0.0,0.0
7021,30,34,2,0.0,1.0,2,19.0,10.0,8.0,7.0,15.0,9.0,8.0,6.0,2.0,1.0,0.0,0.0
7022,3,14,2,0.0,0.0,1,12.0,14.0,3.0,8.0,10.0,15.0,7.0,3.0,3.0,1.0,0.0,0.0
7023,1,31,0,2.0,0.0,0,9.0,8.0,7.0,5.0,14.0,12.0,2.0,3.0,2.0,2.0,0.0,0.0
7024,13,5,0,0.0,0.0,1,9.0,7.0,5.0,2.0,11.0,17.0,6.0,5.0,1.0,4.0,1.0,1.0
7025,28,0,0,1.0,0.0,0,10.0,17.0,3.0,6.0,16.0,8.0,2.0,8.0,1.0,1.0,0.0,0.0
7026,26,45,0,2.0,1.0,0,19.0,8.0,8.0,3.0,15.0,6.0,6.0,1.0,1.0,0.0,0.0,0.0
7027,43,29,2,1.0,1.0,1,8.0,19.0,7.0,10.0,20.0,14.0,4.0,7.0,1.0,1.0,0.0,0.0
7028,42,18,2,0.0,0.0,1,15.0,6.0,6.0,2.0,9.0,12.0,7.0,2.0,1.0,1.0,0.0,1.0
7029,19,37,0,1.0,0.0,0,10.0,9.0,5.0,1.0,17.0,17.0,9.0,5.0,3.0,3.0,0.0,0.0
7030,46,36,0,1.0,0.0,0,15.0,5.0,5.0,3.0,12.0,14.0,4.0,10.0,2.0,2.0,0.0,0.0
7031,19,5,1,0.0,0.0,1,11.0,4.0,4.0,1.0,9.0,16.0,1.0,6.0,0.0,2.0,0.0,0.0
7032,1,36,0,1.0,1.0,1,11.0,5.0,6.0,3.0,9.0,6.0,2.0,7.0,2.0,1.0,0.0,1.0
7033,3,18,1,0.0,0.0,1,10.0,10.0,5.0,4.0,22.0,20.0,5.0,3.0,4.0,3.0,0.0,0.0
7034,13,29,2,0.0,0.0,1,8.0,21.0,2.0,11.0,14.0,11.0,4.0,11.0,1.0,1.0,0.0,0.0
7035,28,34,1,0.0,0.0,1,6.0,3.0,3.0,1.0,15.0,13.0,8.0,0.0,2.0,1.0,0.0,0.0
7036,30,14,0,0.0,1.0,2,9.0,8.0,2.0,5.0,15.0,7.0,3.0,3.0,2.0,2.0,0.0,0.0
7037,43,45,1,0.0,0.0,1,11.0,8.0,4.0,4.0,12.0,12.0,5.0,1.0,0.0,0.0,0.0,0.0
7038,42,37,0,2.0,0.0,0,18.0,6.0,13.0,3.0,5.0,9.0,6.0,4.0,0.0,1.0,0.0,0.0
7039,14,28,0,2.0,0.0,0,10.0,5.0,4.0,2.0,7.0,15.0,5.0,2.0,1.0,3.0,0.0,1.0
7040,29,19,0,4.0,1.0,0,15.0,12.0,7.0,8.0,14.0,20.0,5.0,2.0,1.0,1.0,0.0,0.0
7041,31,46,0,1.0,0.0,0,9.0,14.0,8.0,9.0,17.0,20.0,4.0,11.0,1.0,2.0,0.0,0.0
7042,0,1,1,0.0,0.0,1,19.0,5.0,11.0,3.0,10.0,19.0,18.0,1.0,1.0,2.0,0.0,0.0
7043,5,42,0,2.0,0.0,0,8.0,9.0,6.0,6.0,19.0,22.0,6.0,3.0,0.0,1.0,0.0,0.0
7044,34,3,0,1.0,0.0,0,21.0,9.0,16.0,7.0,20.0,17.0,6.0,2.0,2.0,1.0,0.0,2.0
7045,18,43,0,1.0,0.0,0,6.0,12.0,2.0,8.0,12.0,13.0,0.0,6.0,2.0,2.0,0.0,0.0
7046,37,26,1,0.0,0.0,1,5.0,12.0,3.0,7.0,10.0,16.0,0.0,12.0,1.0,2.0,0.0,0.0
7047,36,30,0,2.0,2.0,1,14.0,7.0,9.0,5.0,8.0,15.0,8.0,2.0,1.0,3.0,0.0,0.0
7048,45,13,0,0.0,1.0,2,16.0,4.0,5.0,2.0,14.0,14.0,6.0,0.0,2.0,2.0,0.0,1.0
7049,19,30,0,0.0,0.0,1,8.0,6.0,3.0,3.0,8.0,12.0,8.0,4.0,0.0,1.0,0.0,0.0
7050,45,42,0,1.0,1.0,1,12.0,14.0,7.0,6.0,17.0,7.0,11.0,4.0,1.0,0.0,0.0,0.0
7051,18,44,1,0.0,1.0,2,22.0,6.0,18.0,5.0,16.0,18.0,14.0,2.0,1.0,2.0,0.0,0.0
7052,29,13,0,3.0,0.0,0,20.0,8.0,11.0,3.0,9.0,6.0,8.0,2.0,1.0,0.0,0.0,0.0
7053,31,14,0,0.0,0.0,1,16.0,10.0,8.0,5.0,17.0,14.0,3.0,7.0,4.0,2.0,1.0,0.0
7054,3,28,0,1.0,0.0,0,6.0,11.0,2.0,4.0,20.0,9.0,4.0,4.0,2.0,4.0,1.0,0.0
7055,1,40,0,1.0,0.0,0,16.0,14.0,9.0,7.0,11.0,10.0,7.0,7.0,4.0,2.0,0.0,0.0
7056,0,46,0,2.0,2.0,1,13.0,8.0,7.0,3.0,12.0,16.0,5.0,1.0,1.0,1.0,0.0,1.0
7057,5,2,0,0.0,0.0,1,16.0,5.0,6.0,2.0,7.0,14.0,5.0,2.0,0.0,1.0,0.0,0.0
7058,34,26,2,0.0,0.0,1,6.0,8.0,4.0,4.0,5.0,11.0,5.0,6.0,1.0,0.0,0.0,0.0
7059,40,19,0,1.0,0.0,0,3.0,10.0,3.0,2.0,18.0,6.0,10.0,3.0,4.0,4.0,0.0,0.0
7060,28,0,2,1.0,1.0,1,10.0,17.0,8.0,12.0,21.0,8.0,12.0,6.0,3.0,0.0,0.0,0.0
7061,5,30,1,0.0,0.0,1,17.0,5.0,9.0,3.0,9.0,10.0,6.0,1.0,1.0,1.0,0.0,0.0
7062,3,14,0,1.0,0.0,0,6.0,7.0,1.0,2.0,18.0,6.0,5.0,8.0,2.0,2.0,0.0,0.0
7063,40,0,2,0.0,3.0,2,7.0,7.0,2.0,4.0,17.0,8.0,5.0,3.0,3.0,0.0,0.0,0.0
7064,44,45,2,0.0,1.0,2,16.0,10.0,4.0,5.0,8.0,15.0,9.0,6.0,0.0,0.0,0.0,0.0
7065,29,30,1,0.0,0.0,1,17.0,10.0,6.0,6.0,11.0,10.0,10.0,2.0,2.0,2.0,0.0,0.0
7066,42,5,0,0.0,0.0,1,9.0,14.0,4.0,6.0,11.0,12.0,6.0,8.0,1.0,5.0,0.0,0.0
7067,28,19,2,0.0,0.0,1,19.0,12.0,10.0,7.0,11.0,11.0,9.0,6.0,1.0,2.0,0.0,0.0
7068,14,29,0,1.0,0.0,0,11.0,7.0,5.0,2.0,17.0,12.0,2.0,3.0,4.0,2.0,0.0,0.0
7069,2,31,1,0.0,0.0,1,15.0,4.0,5.0,0.0,9.0,10.0,6.0,3.0,2.0,2.0,0.0,0.0
7070,46,34,2,1.0,0.0,0,13.0,16.0,7.0,8.0,11.0,8.0,3.0,9.0,3.0,1.0,1.0,0.0
7071,26,1,0,1.0,0.0,0,15.0,7.0,9.0,3.0,7.0,11.0,6.0,5.0,0.0,0.0,0.0,0.0
7072,30,18,2,0.0,0.0,1,11.0,8.0,3.0,4.0,13.0,17.0,4.0,6.0,2.0,2.0,0.0,0.0
7073,13,3,2,0.0,1.0,2,7.0,10.0,3.0,4.0,10.0,6.0,4.0,4.0,3.0,4.0,0.0,0.0
7074,45,26,2,0.0,1.0,2,11.0,13.0,7.0,7.0,11.0,7.0,6.0,3.0,0.0,0.0,1.0,1.0
7075,1,28,2,0.0,0.0,1,10.0,15.0,5.0,6.0,12.0,9.0,4.0,9.0,1.0,1.0,0.0,0.0
7076,19,46,0,1.0,0.0,0,12.0,21.0,6.0,10.0,11.0,9.0,4.0,8.0,4.0,2.0,0.0,0.0
7077,5,13,0,3.0,0.0,0,13.0,5.0,11.0,3.0,14.0,12.0,9.0,1.0,0.0,0.0,0.0,0.0
7078,34,40,0,0.0,0.0,1,23.0,7.0,15.0,6.0,9.0,15.0,8.0,5.0,2.0,3.0,0.0,0.0
7079,0,42,1,0.0,0.0,1,9.0,9.0,6.0,6.0,9.0,9.0,5.0,4.0,1.0,1.0,0.0,1.0
7080,31,44,0,2.0,0.0,0,14.0,5.0,9.0,1.0,16.0,11.0,4.0,2.0,0.0,1.0,0.0,0.0
7081,18,2,1,0.0,0.0,1,17.0,6.0,9.0,2.0,15.0,18.0,11.0,2.0,0.0,4.0,0.0,0.0
7082,2,3,0,0.0,0.0,1,12.0,12.0,6.0,6.0,15.0,12.0,9.0,11.0,5.0,0.0,0.0,0.0
7083,46,1,0,1.0,0.0,0,18.0,9.0,11.0,4.0,10.0,13.0,8.0,7.0,2.0,2.0,0.0,0.0
7084,44,5,1,0.0,0.0,1,9.0,8.0,1.0,3.0,13.0,16.0,3.0,6.0,0.0,0.0,0.0,0.0
7085,42,29,2,0.0,2.0,2,15.0,11.0,8.0,5.0,7.0,15.0,9.0,5.0,1.0,1.0,0.0,0.0
7086,30,45,0,1.0,0.0,0,12.0,14.0,8.0,6.0,6.0,12.0,4.0,7.0,0.0,1.0,0.0,0.0
7087,40,31,2,1.0,0.0,0,12.0,9.0,6.0,4.0,16.0,21.0,13.0,1.0,1.0,2.0,0.0,0.0
7088,14,18,0,1.0,0.0,0,15.0,4.0,8.0,2.0,6.0,6.0,6.0,3.0,0.0,0.0,0.0,1.0
7089,13,34,0,0.0,1.0,2,16.0,11.0,9.0,5.0,10.0,17.0,6.0,9.0,1.0,1.0,0.0,0.0
7090,1,2,0,1.0,1.0,1,9.0,12.0,7.0,8.0,22.0,12.0,5.0,5.0,4.0,3.0,0.0,0.0
7091,3,26,2,0.0,1.0,2,6.0,7.0,3.0,2.0,12.0,11.0,6.0,4.0,3.0,2.0,0.0,0.0
7092,34,30,0,0.0,0.0,1,16.0,12.0,11.0,8.0,12.0,10.0,7.0,5.0,0.0,0.0,0.0,0.0
7093,31,46,0,2.0,1.0,0,11.0,13.0,8.0,5.0,13.0,16.0,7.0,1.0,2.0,3.0,0.0,0.0
7094,45,28,0,1.0,0.0,0,8.0,6.0,6.0,2.0,18.0,11.0,9.0,3.0,0.0,2.0,0.0,0.0
7095,5,14,2,0.0,1.0,2,7.0,5.0,4.0,3.0,19.0,15.0,4.0,1.0,3.0,3.0,1.0,0.0
7096,0,44,0,1.0,0.0,0,16.0,8.0,10.0,1.0,8.0,6.0,5.0,1.0,2.0,1.0,0.0,0.0
7097,19,13,0,2.0,1.0,0,6.0,10.0,4.0,7.0,12.0,16.0,2.0,12.0,0.0,0.0,0.0,0.0
7098,18,42,2,0.0,1.0,2,8.0,10.0,4.0,6.0,16.0,9.0,7.0,9.0,2.0,1.0,0.0,0.0
7099,29,40,1,0.0,0.0,1,24.0,12.0,11.0,3.0,6.0,13.0,16.0,2.0,0.0,1.0,0.0,0.0
7100,34,0,1,0.0,1.0,2,10.0,9.0,4.0,3.0,9.0,9.0,3.0,10.0,1.0,1.0,0.0,0.0
7101,30,31,2,0.0,2.0,2,13.0,14.0,8.0,5.0,14.0,21.0,6.0,5.0,2.0,4.0,0.0,0.0
7102,26,5,0,1.0,0.0,0,17.0,7.0,7.0,4.0,6.0,6.0,3.0,2.0,1.0,1.0,0.0,0.0
7103,14,45,0,2.0,1.0,0,14.0,6.0,5.0,4.0,7.0,14.0,5.0,5.0,0.0,2.0,1.0,0.0
7104,1,44,1,0.0,0.0,1,6.0,7.0,3.0,4.0,15.0,10.0,6.0,10.0,1.0,2.0,0.0,0.0
7105,29,0,0,0.0,0.0,1,14.0,10.0,8.0,3.0,16.0,16.0,5.0,3.0,3.0,1.0,0.0,0.0
7106,46,2,1,0.0,0.0,1,13.0,11.0,6.0,5.0,16.0,9.0,13.0,7.0,0.0,2.0,0.0,0.0
7107,13,18,1,0.0,0.0,1,9.0,7.0,4.0,3.0,16.0,16.0,6.0,4.0,0.0,2.0,0.0,0.0
7108,42,28,0,1.0,0.0,0,23.0,14.0,19.0,6.0,4.0,16.0,8.0,5.0,0.0,3.0,0.0,0.0
7109,34,3,1,1.0,1.0,1,22.0,4.0,12.0,3.0,12.0,10.0,7.0,3.0,1.0,3.0,0.0,0.0
7110,2,5,0,1.0,0.0,0,7.0,8.0,2.0,1.0,12.0,7.0,5.0,2.0,1.0,0.0,0.0,0.0
7111,3,46,1,0.0,0.0,1,11.0,12.0,5.0,4.0,13.0,19.0,12.0,3.0,0.0,2.0,0.0,0.0
7112,45,13,1,0.0,0.0,1,16.0,8.0,7.0,2.0,9.0,6.0,12.0,8.0,0.0,1.0,0.0,0.0
7113,28,30,2,0.0,1.0,2,9.0,16.0,2.0,9.0,15.0,17.0,2.0,9.0,0.0,1.0,0.0,0.0
7114,44,26,2,0.0,2.0,2,8.0,13.0,4.0,4.0,11.0,8.0,1.0,4.0,0.0,0.0,0.0,0.0
7115,5,29,2,1.0,1.0,1,7.0,14.0,2.0,10.0,17.0,11.0,3.0,5.0,1.0,2.0,0.0,0.0
7116,31,42,0,3.0,1.0,0,14.0,10.0,11.0,5.0,11.0,12.0,5.0,3.0,2.0,3.0,0.0,1.0
7117,19,34,2,1.0,2.0,2,10.0,10.0,4.0,7.0,9.0,16.0,7.0,8.0,2.0,2.0,1.0,0.0
7118,18,40,1,2.0,1.0,0,16.0,16.0,8.0,8.0,8.0,10.0,4.0,4.0,0.0,0.0,0.0,0.0
7119,0,1,0,2.0,0.0,0,20.0,9.0,16.0,4.0,9.0,11.0,8.0,8.0,0.0,1.0,0.0,0.0
7120,2,14,1,0.0,0.0,1,4.0,13.0,1.0,4.0,11.0,6.0,2.0,8.0,0.0,0.0,0.0,0.0
7121,29,45,0,1.0,0.0,0,23.0,9.0,13.0,3.0,10.0,12.0,3.0,6.0,0.0,0.0,0.0,0.0
7122,42,44,0,0.0,1.0,2,11.0,13.0,8.0,8.0,10.0,14.0,6.0,5.0,0.0,2.0,0.0,0.0
7123,13,31,0,2.0,1.0,0,11.0,15.0,5.0,8.0,12.0,13.0,5.0,5.0,1.0,1.0,0.0,0.0
7124,30,5,0,2.0,1.0,0,15.0,11.0,10.0,6.0,11.0,12.0,1.0,6.0,2.0,2.0,0.0,0.0
7125,29,2,0,2.0,0.0,0,8.0,7.0,5.0,5.0,14.0,11.0,2.0,9.0,0.0,3.0,0.0,0.0
7126,46,45,2,1.0,0.0,0,12.0,5.0,8.0,3.0,10.0,20.0,4.0,1.0,3.0,0.0,0.0,0.0
7127,14,28,0,2.0,0.0,0,19.0,5.0,10.0,4.0,5.0,10.0,11.0,1.0,1.0,3.0,0.0,1.0
7128,40,3,2,0.0,1.0,2,10.0,7.0,6.0,4.0,12.0,17.0,4.0,4.0,4.0,1.0,0.0,0.0
7129,1,19,1,0.0,0.0,1,10.0,9.0,6.0,3.0,11.0,8.0,8.0,4.0,0.0,0.0,0.0,0.0
7130,26,18,0,1.0,0.0,0,17.0,8.0,10.0,5.0,12.0,25.0,5.0,3.0,3.0,7.0,1.0,1.0
7131,19,14,0,1.0,0.0,0,7.0,10.0,4.0,4.0,12.0,13.0,0.0,16.0,1.0,4.0,0.0,1.0
7132,31,26,2,1.0,2.0,2,8.0,12.0,4.0,6.0,21.0,18.0,2.0,1.0,2.0,3.0,1.0,0.0
7133,45,34,2,0.0,3.0,2,13.0,12.0,6.0,8.0,13.0,12.0,5.0,4.0,1.0,1.0,0.0,0.0
7134,18,1,0,3.0,0.0,0,12.0,9.0,7.0,7.0,6.0,11.0,4.0,9.0,1.0,3.0,0.0,0.0
7135,3,30,0,2.0,1.0,0,5.0,7.0,3.0,5.0,11.0,11.0,6.0,4.0,3.0,3.0,1.0,0.0
7136,5,40,0,0.0,0.0,1,16.0,6.0,7.0,3.0,9.0,18.0,7.0,6.0,1.0,4.0,0.0,0.0
7137,0,13,0,2.0,0.0,0,16.0,2.0,9.0,1.0,6.0,10.0,8.0,1.0,0.0,1.0,0.0,0.0
7138,2,42,2,0.0,0.0,1,6.0,9.0,4.0,6.0,11.0,9.0,10.0,4.0,2.0,0.0,0.0,0.0
7139,44,29,2,0.0,1.0,2,8.0,20.0,3.0,9.0,12.0,12.0,6.0,8.0,1.0,3.0,0.0,0.0
7140,28,46,2,0.0,0.0,1,7.0,10.0,1.0,4.0,12.0,14.0,6.0,7.0,2.0,0.0,0.0,0.0
7141,26,19,0,2.0,1.0,0,19.0,8.0,10.0,4.0,8.0,12.0,8.0,2.0,0.0,3.0,0.0,0.0
7142,29,31,0,2.0,0.0,0,28.0,5.0,12.0,2.0,6.0,11.0,5.0,7.0,0.0,1.0,0.0,0.0
7143,0,26,0,1.0,0.0,0,11.0,8.0,4.0,3.0,8.0,18.0,5.0,0.0,0.0,2.0,0.0,1.0
7144,13,30,0,0.0,0.0,1,5.0,9.0,3.0,7.0,16.0,20.0,0.0,4.0,2.0,1.0,0.0,0.0
7145,34,28,0,0.0,0.0,1,12.0,9.0,5.0,4.0,11.0,7.0,8.0,1.0,0.0,0.0,0.0,0.0
7146,5,45,0,3.0,0.0,0,19.0,9.0,10.0,5.0,12.0,18.0,7.0,6.0,1.0,5.0,0.0,0.0
7147,18,19,0,2.0,0.0,0,15.0,8.0,7.0,3.0,15.0,12.0,8.0,4.0,2.0,2.0,0.0,0.0
7148,14,42,0,1.0,1.0,1,13.0,4.0,10.0,3.0,11.0,16.0,4.0,4.0,2.0,0.0,0.0,0.0
7149,3,1,0,0.0,0.0,1,12.0,12.0,5.0,5.0,10.0,16.0,3.0,6.0,0.0,1.0,0.0,0.0
7150,40,46,2,0.0,1.0,2,13.0,5.0,9.0,2.0,14.0,13.0,5.0,2.0,1.0,0.0,0.0,0.0
7151,2,44,1,0.0,0.0,1,6.0,10.0,1.0,4.0,12.0,22.0,6.0,11.0,2.0,3.0,0.0,0.0
7152,46,29,2,0.0,0.0,1,18.0,9.0,7.0,2.0,22.0,13.0,6.0,2.0,5.0,3.0,0.0,0.0
7153,28,40,0,2.0,1.0,0,15.0,6.0,7.0,3.0,11.0,16.0,6.0,3.0,1.0,3.0,0.0,1.0
7154,42,3,0,2.0,1.0,0,10.0,6.0,5.0,4.0,14.0,12.0,6.0,9.0,2.0,3.0,0.0,0.0
7155,1,34,0,1.0,0.0,0,17.0,11.0,8.0,6.0,15.0,14.0,16.0,10.0,1.0,1.0,0.0,0.0
7156,31,5,0,2.0,0.0,0,9.0,11.0,5.0,3.0,18.0,13.0,11.0,5.0,2.0,1.0,0.0,0.0
7157,26,13,1,0.0,0.0,1,21.0,3.0,10.0,1.0,5.0,14.0,12.0,5.0,1.0,1.0,0.0,0.0
7158,44,14,2,0.0,0.0,1,6.0,7.0,2.0,5.0,12.0,10.0,6.0,4.0,1.0,0.0,0.0,1.0
7159,30,2,0,1.0,0.0,0,12.0,14.0,6.0,5.0,12.0,12.0,3.0,4.0,0.0,0.0,0.0,0.0
7160,45,18,1,2.0,1.0,0,7.0,13.0,3.0,5.0,12.0,10.0,1.0,9.0,3.0,3.0,0.0,0.0
7161,19,0,2,0.0,2.0,2,7.0,18.0,4.0,11.0,11.0,15.0,0.0,7.0,0.0,1.0,0.0,0.0
7162,26,28,0,1.0,0.0,0,20.0,6.0,12.0,3.0,4.0,16.0,12.0,2.0,0.0,2.0,0.0,1.0
7163,5,19,0,1.0,1.0,1,13.0,10.0,5.0,6.0,13.0,13.0,8.0,5.0,1.0,1.0,0.0,0.0
7164,44,30,2,0.0,2.0,2,17.0,5.0,9.0,4.0,7.0,14.0,6.0,3.0,0.0,2.0,1.0,0.0
7165,13,1,1,0.0,0.0,1,13.0,11.0,6.0,7.0,9.0,9.0,1.0,8.0,0.0,1.0,0.0,0.0
7166,2,40,0,1.0,0.0,0,14.0,8.0,7.0,4.0,13.0,14.0,6.0,2.0,0.0,3.0,0.0,0.0
7167,3,0,0,1.0,0.0,0,6.0,10.0,2.0,3.0,23.0,10.0,3.0,5.0,3.0,2.0,0.0,0.0
7168,14,34,0,0.0,0.0,1,17.0,5.0,8.0,1.0,7.0,13.0,6.0,7.0,0.0,1.0,0.0,0.0
7169,31,18,0,0.0,0.0,1,18.0,12.0,10.0,6.0,26.0,15.0,6.0,4.0,1.0,1.0,0.0,0.0
7170,31,13,1,0.0,0.0,1,13.0,7.0,8.0,4.0,13.0,13.0,5.0,6.0,1.0,2.0,0.0,0.0
7171,42,46,1,1.0,1.0,1,10.0,8.0,4.0,5.0,12.0,14.0,4.0,3.0,1.0,1.0,0.0,0.0
7172,3,40,0,1.0,0.0,0,12.0,5.0,6.0,1.0,16.0,19.0,6.0,2.0,1.0,2.0,0.0,0.0
7173,26,0,0,0.0,0.0,1,22.0,6.0,9.0,2.0,12.0,15.0,13.0,1.0,0.0,1.0,0.0,0.0
7174,45,2,0,1.0,0.0,0,13.0,17.0,8.0,7.0,10.0,7.0,4.0,6.0,0.0,2.0,0.0,0.0
7175,28,13,0,1.0,0.0,0,16.0,12.0,10.0,7.0,12.0,15.0,11.0,1.0,0.0,0.0,0.0,0.0
7176,40,42,1,0.0,1.0,2,9.0,10.0,5.0,7.0,16.0,9.0,5.0,0.0,2.0,1.0,0.0,0.0
7177,34,29,2,0.0,3.0,2,15.0,6.0,6.0,4.0,12.0,16.0,16.0,2.0,0.0,0.0,0.0,0.0
7178,18,3,0,1.0,0.0,0,5.0,18.0,2.0,5.0,8.0,14.0,6.0,10.0,4.0,2.0,1.0,0.0
7179,19,44,0,2.0,0.0,0,11.0,11.0,7.0,6.0,19.0,14.0,4.0,7.0,3.0,2.0,0.0,0.0
7180,0,5,1,0.0,1.0,2,16.0,5.0,10.0,3.0,14.0,12.0,8.0,6.0,2.0,2.0,0.0,0.0
7181,30,14,0,2.0,0.0,0,7.0,17.0,6.0,10.0,17.0,7.0,5.0,9.0,0.0,3.0,0.0,0.0
7182,1,31,2,1.0,2.0,2,13.0,9.0,7.0,6.0,23.0,20.0,11.0,7.0,4.0,2.0,0.0,1.0
7183,46,26,2,0.0,1.0,2,5.0,7.0,1.0,6.0,8.0,3.0,4.0,3.0,2.0,0.0,0.0,0.0
7184,13,26,0,2.0,0.0,0,6.0,13.0,2.0,5.0,12.0,13.0,1.0,10.0,2.0,2.0,0.0,0.0
7185,14,26,0,1.0,0.0,0,10.0,12.0,6.0,2.0,14.0,17.0,5.0,5.0,1.0,2.0,0.0,1.0
7186,42,13,0,2.0,0.0,0,14.0,7.0,10.0,5.0,13.0,13.0,5.0,2.0,0.0,3.0,0.0,0.0
7187,44,3,0,2.0,0.0,0,9.0,10.0,5.0,4.0,16.0,10.0,4.0,7.0,1.0,1.0,0.0,0.0
7188,45,40,0,0.0,0.0,1,11.0,7.0,7.0,3.0,13.0,11.0,6.0,5.0,1.0,3.0,0.0,1.0
7189,18,28,0,1.0,0.0,0,10.0,7.0,5.0,3.0,13.0,19.0,9.0,5.0,0.0,3.0,0.0,1.0
7190,5,46,1,0.0,0.0,1,12.0,7.0,9.0,4.0,12.0,12.0,4.0,1.0,0.0,4.0,0.0,0.0
7191,2,0,2,0.0,1.0,2,13.0,9.0,5.0,6.0,18.0,21.0,6.0,6.0,2.0,3.0,1.0,0.0
7192,31,34,0,1.0,0.0,0,14.0,3.0,10.0,1.0,9.0,8.0,7.0,1.0,0.0,1.0,0.0,0.0
7193,29,19,0,3.0,2.0,0,21.0,10.0,14.0,7.0,10.0,14.0,8.0,5.0,4.0,2.0,0.0,0.0
7194,30,1,2,0.0,2.0,2,9.0,10.0,4.0,5.0,14.0,12.0,6.0,5.0,3.0,1.0,0.0,0.0
7195,1,14,1,0.0,1.0,2,6.0,11.0,2.0,5.0,6.0,15.0,5.0,4.0,1.0,3.0,0.0,0.0
7196,28,31,0,2.0,0.0,0,14.0,4.0,8.0,1.0,13.0,10.0,3.0,3.0,1.0,1.0,0.0,0.0
7197,34,5,1,0.0,0.0,1,13.0,8.0,5.0,2.0,12.0,9.0,6.0,4.0,0.0,0.0,0.0,0.0
7198,3,29,0,3.0,1.0,0,7.0,12.0,4.0,6.0,23.0,17.0,2.0,2.0,3.0,3.0,0.0,1.0
7199,0,45,2,1.0,2.0,2,16.0,4.0,10.0,4.0,6.0,15.0,12.0,2.0,1.0,1.0,0.0,0.0
7200,26,2,1,0.0,0.0,1,24.0,3.0,10.0,2.0,13.0,12.0,11.0,3.0,0.0,0.0,0.0,1.0
7201,19,42,0,0.0,0.0,1,12.0,7.0,8.0,3.0,9.0,11.0,3.0,9.0,1.0,3.0,0.0,1.0
7202,13,44,1,0.0,0.0,1,12.0,12.0,9.0,6.0,8.0,18.0,3.0,5.0,2.0,4.0,1.0,0.0
7203,40,30,2,0.0,2.0,2,14.0,7.0,7.0,4.0,18.0,9.0,2.0,5.0,1.0,1.0,0.0,0.0
7204,46,18,1,1.0,1.0,1,14.0,8.0,6.0,6.0,15.0,15.0,5.0,5.0,1.0,1.0,1.0,1.0
7205,45,19,0,2.0,0.0,0,9.0,12.0,5.0,6.0,16.0,12.0,4.0,7.0,2.0,2.0,0.0,0.0
7206,14,13,1,1.0,0.0,0,12.0,9.0,7.0,5.0,10.0,13.0,6.0,0.0,2.0,1.0,1.0,0.0
7207,29,26,0,0.0,0.0,1,7.0,11.0,4.0,7.0,15.0,17.0,1.0,2.0,2.0,3.0,0.0,0.0
7208,42,1,1,0.0,0.0,1,21.0,4.0,13.0,1.0,10.0,15.0,9.0,2.0,0.0,2.0,0.0,1.0
7209,2,34,0,2.0,0.0,0,9.0,10.0,6.0,4.0,11.0,23.0,7.0,2.0,1.0,1.0,0.0,0.0
7210,5,28,0,2.0,0.0,0,11.0,9.0,6.0,2.0,8.0,17.0,4.0,5.0,2.0,2.0,0.0,0.0
7211,44,40,2,0.0,0.0,1,10.0,7.0,5.0,2.0,13.0,16.0,6.0,2.0,0.0,3.0,0.0,0.0
7212,18,0,0,1.0,0.0,0,9.0,14.0,3.0,5.0,19.0,17.0,5.0,6.0,4.0,2.0,0.0,1.0
7213,31,3,2,0.0,0.0,1,12.0,6.0,3.0,2.0,12.0,12.0,4.0,4.0,0.0,2.0,0.0,0.0
7214,30,46,2,0.0,2.0,2,7.0,16.0,4.0,10.0,9.0,11.0,8.0,8.0,0.0,2.0,0.0,0.0
7215,46,44,2,0.0,0.0,1,27.0,7.0,12.0,6.0,14.0,16.0,6.0,5.0,0.0,3.0,0.0,1.0
7216,40,14,2,1.0,1.0,1,10.0,21.0,7.0,13.0,13.0,8.0,4.0,3.0,1.0,2.0,0.0,1.0
7217,0,30,0,4.0,0.0,0,24.0,5.0,17.0,2.0,12.0,14.0,4.0,6.0,1.0,2.0,0.0,1.0
7218,1,45,2,1.0,0.0,0,14.0,10.0,8.0,7.0,15.0,21.0,4.0,10.0,1.0,3.0,0.0,0.0
7219,13,2,0,1.0,0.0,0,11.0,14.0,4.0,5.0,16.0,12.0,2.0,7.0,0.0,0.0,0.0,0.0
7220,34,18,2,0.0,1.0,2,14.0,9.0,8.0,3.0,21.0,13.0,4.0,8.0,2.0,2.0,0.0,0.0
7221,19,31,0,0.0,0.0,1,12.0,6.0,5.0,4.0,9.0,13.0,5.0,10.0,0.0,2.0,0.0,0.0
7222,28,29,0,2.0,0.0,0,12.0,13.0,7.0,4.0,19.0,18.0,3.0,3.0,2.0,1.0,0.0,1.0
7223,3,5,1,0.0,0.0,1,18.0,3.0,3.0,1.0,21.0,16.0,11.0,1.0,2.0,5.0,0.0,1.0
7224,26,42,0,0.0,0.0,1,16.0,6.0,12.0,2.0,8.0,12.0,10.0,7.0,0.0,1.0,0.0,1.0
7225,28,42,2,0.0,1.0,2,13.0,8.0,3.0,2.0,8.0,11.0,12.0,8.0,2.0,2.0,0.0,0.0
7226,0,29,1,0.0,0.0,1,8.0,16.0,5.0,6.0,17.0,13.0,6.0,9.0,2.0,3.0,0.0,0.0
7227,31,30,1,1.0,0.0,0,10.0,8.0,5.0,3.0,14.0,13.0,5.0,2.0,0.0,2.0,0.0,0.0
7228,44,1,2,0.0,0.0,1,9.0,13.0,5.0,7.0,9.0,13.0,7.0,6.0,2.0,3.0,0.0,0.0
7229,19,40,0,1.0,1.0,1,12.0,10.0,9.0,7.0,9.0,14.0,6.0,6.0,2.0,2.0,0.0,1.0
7230,45,14,2,0.0,1.0,2,6.0,17.0,3.0,10.0,10.0,11.0,2.0,5.0,1.0,3.0,0.0,0.0
7231,3,34,0,2.0,1.0,0,12.0,8.0,7.0,4.0,11.0,12.0,4.0,6.0,1.0,4.0,0.0,0.0
7232,2,46,0,2.0,0.0,0,8.0,6.0,4.0,2.0,9.0,16.0,8.0,3.0,1.0,2.0,0.0,0.0
7233,5,26,1,1.0,0.0,0,12.0,15.0,7.0,7.0,16.0,14.0,3.0,5.0,2.0,3.0,0.0,0.0
7234,18,13,0,2.0,1.0,0,13.0,11.0,6.0,4.0,13.0,14.0,5.0,2.0,0.0,2.0,0.0,0.0
7235,42,31,0,1.0,0.0,0,13.0,9.0,3.0,4.0,13.0,11.0,5.0,3.0,0.0,1.0,0.0,0.0
7236,26,44,0,0.0,0.0,1,27.0,4.0,13.0,0.0,8.0,12.0,10.0,1.0,0.0,0.0,0.0,0.0
7237,34,19,0,1.0,0.0,0,17.0,9.0,7.0,4.0,14.0,7.0,8.0,8.0,1.0,2.0,0.0,0.0
7238,1,0,1,0.0,0.0,1,11.0,10.0,5.0,3.0,19.0,11.0,10.0,1.0,1.0,1.0,0.0,0.0
7239,13,45,0,1.0,0.0,0,14.0,8.0,7.0,3.0,15.0,8.0,6.0,13.0,1.0,0.0,0.0,0.0
7240,46,3,2,0.0,1.0,2,9.0,13.0,4.0,7.0,9.0,13.0,2.0,7.0,1.0,1.0,0.0,0.0
7241,30,28,1,0.0,0.0,1,12.0,8.0,4.0,3.0,6.0,12.0,4.0,7.0,0.0,1.0,0.0,0.0
7242,29,5,0,2.0,1.0,0,18.0,4.0,9.0,2.0,9.0,22.0,7.0,1.0,2.0,5.0,0.0,0.0
7243,14,2,0,2.0,0.0,0,12.0,9.0,8.0,3.0,11.0,8.0,5.0,4.0,1.0,0.0,0.0,0.0
7244,40,18,2,0.0,0.0,1,13.0,9.0,6.0,5.0,6.0,7.0,8.0,5.0,1.0,1.0,0.0,0.0
7245,18,26,2,1.0,2.0,2,10.0,12.0,6.0,5.0,23.0,20.0,5.0,2.0,4.0,2.0,2.0,0.0
7246,45,46,2,0.0,2.0,2,4.0,8.0,1.0,4.0,14.0,15.0,5.0,3.0,1.0,1.0,0.0,0.0
7247,44,42,0,1.0,0.0,0,6.0,7.0,5.0,7.0,16.0,12.0,4.0,3.0,0.0,0.0,0.0,0.0
7248,28,14,2,0.0,0.0,1,5.0,11.0,2.0,4.0,20.0,12.0,1.0,4.0,1.0,1.0,0.0,0.0
7249,2,29,1,1.0,1.0,1,11.0,11.0,5.0,5.0,13.0,13.0,4.0,4.0,0.0,0.0,0.0,0.0
7250,19,1,1,2.0,1.0,0,6.0,9.0,3.0,4.0,13.0,12.0,6.0,10.0,0.0,4.0,0.0,0.0
7251,0,34,0,4.0,0.0,0,6.0,6.0,4.0,4.0,12.0,13.0,3.0,1.0,0.0,1.0,0.0,0.0
7252,26,31,0,2.0,0.0,0,21.0,2.0,11.0,2.0,9.0,13.0,7.0,4.0,1.0,0.0,0.0,1.0
7253,46,28,0,3.0,1.0,0,10.0,21.0,5.0,14.0,8.0,9.0,2.0,9.0,0.0,0.0,0.0,0.0
7254,14,19,0,2.0,1.0,0,15.0,9.0,11.0,4.0,16.0,16.0,10.0,4.0,1.0,3.0,0.0,0.0
7255,34,45,1,1.0,0.0,0,11.0,14.0,9.0,4.0,14.0,10.0,6.0,5.0,3.0,1.0,1.0,0.0
7256,42,2,0,0.0,0.0,1,9.0,7.0,4.0,4.0,19.0,17.0,9.0,8.0,4.0,1.0,0.0,1.0
7257,13,0,2,0.0,0.0,1,8.0,18.0,0.0,11.0,16.0,10.0,4.0,10.0,3.0,2.0,1.0,0.0
7258,29,44,0,2.0,0.0,0,17.0,5.0,9.0,3.0,13.0,6.0,8.0,2.0,1.0,0.0,0.0,0.0
7259,1,18,0,1.0,0.0,0,12.0,10.0,7.0,5.0,12.0,11.0,4.0,9.0,0.0,0.0,0.0,0.0
7260,40,5,1,0.0,0.0,1,11.0,8.0,7.0,1.0,16.0,12.0,1.0,4.0,1.0,3.0,0.0,0.0
7261,30,3,2,0.0,1.0,2,8.0,7.0,5.0,4.0,14.0,16.0,2.0,3.0,4.0,2.0,0.0,0.0
7262,0,14,2,0.0,1.0,2,7.0,11.0,5.0,8.0,13.0,18.0,5.0,5.0,3.0,4.0,0.0,0.0
7263,30,42,1,2.0,1.0,0,11.0,8.0,8.0,5.0,17.0,13.0,14.0,4.0,2.0,3.0,0.0,0.0
7264,19,3,0,1.0,0.0,0,8.0,10.0,5.0,4.0,12.0,13.0,8.0,12.0,4.0,4.0,0.0,0.0
7265,28,2,0,3.0,0.0,0,17.0,6.0,9.0,2.0,19.0,12.0,7.0,5.0,2.0,2.0,0.0,1.0
7266,46,13,0,1.0,0.0,0,18.0,5.0,12.0,2.0,8.0,8.0,12.0,3.0,0.0,1.0,0.0,0.0
7267,34,44,0,0.0,0.0,1,5.0,4.0,4.0,2.0,15.0,7.0,6.0,8.0,1.0,1.0,0.0,0.0
7268,45,31,2,1.0,2.0,2,11.0,10.0,7.0,7.0,9.0,16.0,3.0,2.0,3.0,3.0,0.0,0.0
7269,18,5,2,0.0,1.0,2,13.0,7.0,10.0,5.0,13.0,15.0,10.0,0.0,2.0,2.0,0.0,0.0
7270,1,29,2,0.0,1.0,2,11.0,17.0,7.0,10.0,19.0,16.0,2.0,6.0,1.0,0.0,0.0,0.0
7271,18,45,2,1.0,1.0,1,12.0,7.0,3.0,2.0,10.0,11.0,4.0,9.0,2.0,1.0,0.0,0.0
7272,29,46,0,2.0,0.0,0,12.0,15.0,9.0,7.0,12.0,6.0,7.0,7.0,1.0,1.0,0.0,0.0
7273,42,34,0,0.0,1.0,2,16.0,8.0,9.0,5.0,6.0,19.0,6.0,3.0,0.0,0.0,0.0,0.0
7274,29,18,1,1.0,1.0,1,21.0,7.0,12.0,5.0,12.0,11.0,9.0,0.0,1.0,2.0,0.0,0.0
7275,44,28,0,1.0,0.0,0,11.0,8.0,4.0,2.0,17.0,13.0,4.0,6.0,1.0,4.0,0.0,1.0
7276,3,45,0,0.0,1.0,2,14.0,6.0,5.0,3.0,13.0,14.0,4.0,1.0,3.0,6.0,0.0,0.0
7277,14,46,0,0.0,0.0,1,11.0,4.0,8.0,1.0,16.0,10.0,5.0,1.0,1.0,1.0,0.0,0.0
7278,13,40,0,1.0,0.0,0,14.0,14.0,8.0,6.0,11.0,16.0,3.0,6.0,0.0,2.0,0.0,0.0
7279,5,1,1,0.0,0.0,1,13.0,6.0,7.0,3.0,16.0,22.0,6.0,3.0,2.0,4.0,0.0,0.0
7280,2,19,0,0.0,0.0,1,11.0,7.0,7.0,3.0,12.0,10.0,2.0,2.0,0.0,0.0,0.0,0.0
7281,31,0,0,0.0,0.0,1,8.0,6.0,4.0,3.0,23.0,13.0,5.0,4.0,2.0,1.0,0.0,1.0
7282,26,30,0,0.0,0.0,1,23.0,6.0,13.0,3.0,10.0,18.0,11.0,2.0,1.0,2.0,0.0,1.0
7283,2,45,2,1.0,2.0,2,14.0,10.0,6.0,4.0,12.0,5.0,11.0,8.0,1.0,1.0,0.0,0.0
7284,13,28,2,1.0,2.0,2,10.0,17.0,4.0,9.0,20.0,14.0,8.0,4.0,2.0,3.0,0.0,0.0
7285,26,46,0,2.0,0.0,0,16.0,10.0,12.0,6.0,16.0,15.0,11.0,6.0,1.0,2.0,0.0,0.0
7286,5,0,0,2.0,0.0,0,10.0,8.0,9.0,3.0,16.0,15.0,9.0,3.0,1.0,2.0,0.0,0.0
7287,31,1,1,1.0,0.0,0,8.0,9.0,2.0,6.0,17.0,15.0,6.0,4.0,1.0,2.0,0.0,0.0
7288,44,19,1,0.0,0.0,1,5.0,8.0,4.0,1.0,8.0,15.0,1.0,3.0,1.0,3.0,0.0,1.0
7289,42,40,0,1.0,1.0,1,14.0,5.0,8.0,2.0,8.0,19.0,12.0,0.0,0.0,2.0,0.0,0.0
7290,14,30,0,0.0,0.0,1,17.0,10.0,9.0,5.0,15.0,14.0,6.0,4.0,0.0,0.0,0.0,0.0
7291,29,34,0,1.0,0.0,0,19.0,8.0,12.0,4.0,9.0,16.0,11.0,4.0,0.0,1.0,0.0,0.0
7292,3,18,2,0.0,2.0,2,15.0,8.0,7.0,5.0,8.0,18.0,7.0,5.0,1.0,1.0,1.0,0.0
7293,40,26,2,0.0,2.0,2,8.0,15.0,4.0,11.0,15.0,10.0,3.0,3.0,0.0,2.0,0.0,1.0
7294,19,5,0,2.0,0.0,0,10.0,5.0,7.0,3.0,17.0,18.0,3.0,6.0,2.0,7.0,0.0,0.0
7295,45,29,2,1.0,0.0,0,10.0,16.0,3.0,10.0,15.0,7.0,4.0,5.0,2.0,3.0,0.0,0.0
7296,18,31,0,0.0,0.0,1,14.0,16.0,9.0,10.0,19.0,19.0,12.0,8.0,1.0,5.0,0.0,0.0
7297,30,44,1,1.0,1.0,1,13.0,9.0,8.0,6.0,15.0,13.0,6.0,5.0,1.0,1.0,0.0,0.0
7298,46,42,2,0.0,1.0,2,11.0,7.0,3.0,5.0,14.0,17.0,6.0,5.0,0.0,2.0,0.0,0.0
7299,34,14,2,0.0,1.0,2,6.0,12.0,2.0,6.0,22.0,7.0,2.0,1.0,5.0,1.0,0.0,0.0
7300,40,2,2,0.0,0.0,1,4.0,10.0,3.0,7.0,7.0,10.0,6.0,2.0,0.0,0.0,0.0,0.0
7301,0,3,0,2.0,0.0,0,13.0,15.0,10.0,9.0,9.0,15.0,9.0,10.0,1.0,2.0,0.0,0.0
7302,1,13,0,0.0,0.0,1,16.0,5.0,10.0,3.0,9.0,12.0,10.0,3.0,2.0,2.0,0.0,0.0
7303,28,26,2,0.0,0.0,1,3.0,8.0,1.0,6.0,13.0,13.0,6.0,4.0,0.0,2.0,0.0,0.0
7304,42,45,1,1.0,0.0,0,15.0,8.0,8.0,4.0,16.0,13.0,9.0,7.0,3.0,1.0,0.0,0.0
7305,30,19,0,0.0,1.0,2,20.0,9.0,11.0,6.0,9.0,16.0,9.0,4.0,0.0,1.0,0.0,0.0
7306,46,0,2,2.0,3.0,2,11.0,13.0,5.0,8.0,16.0,17.0,2.0,2.0,3.0,3.0,0.0,0.0
7307,13,29,2,0.0,1.0,2,18.0,13.0,11.0,7.0,13.0,11.0,4.0,3.0,0.0,2.0,0.0,0.0
7308,14,31,0,0.0,0.0,1,12.0,3.0,4.0,2.0,12.0,13.0,3.0,5.0,2.0,1.0,0.0,0.0
7309,40,1,2,0.0,0.0,1,8.0,16.0,6.0,11.0,10.0,13.0,6.0,5.0,2.0,1.0,0.0,0.0
7310,26,34,0,2.0,0.0,0,15.0,7.0,11.0,5.0,7.0,8.0,7.0,6.0,1.0,1.0,0.0,0.0
7311,44,18,0,1.0,0.0,0,11.0,11.0,8.0,6.0,11.0,9.0,4.0,8.0,0.0,0.0,0.0,0.0
7312,28,3,1,0.0,0.0,1,12.0,5.0,4.0,4.0,7.0,15.0,4.0,4.0,2.0,4.0,0.0,0.0
7313,5,42,0,1.0,0.0,0,9.0,9.0,8.0,7.0,13.0,9.0,6.0,5.0,0.0,1.0,0.0,0.0
7314,18,30,0,1.0,0.0,0,12.0,17.0,8.0,9.0,21.0,16.0,9.0,3.0,2.0,1.0,0.0,0.0
7315,29,14,0,1.0,0.0,0,10.0,21.0,5.0,11.0,19.0,14.0,5.0,9.0,3.0,4.0,0.0,0.0
7316,1,26,2,0.0,0.0,1,6.0,10.0,2.0,6.0,16.0,11.0,3.0,5.0,2.0,2.0,0.0,0.0
7317,0,40,0,2.0,0.0,0,12.0,1.0,9.0,1.0,11.0,13.0,4.0,6.0,0.0,1.0,0.0,0.0
7318,45,44,0,0.0,0.0,1,10.0,10.0,6.0,6.0,15.0,12.0,8.0,5.0,2.0,0.0,0.0,0.0
7319,34,46,2,0.0,0.0,1,7.0,7.0,4.0,5.0,11.0,13.0,5.0,8.0,1.0,2.0,0.0,0.0
7320,3,13,0,2.0,1.0,0,9.0,10.0,3.0,9.0,9.0,15.0,7.0,9.0,0.0,2.0,0.0,0.0
7321,19,28,0,2.0,1.0,0,9.0,4.0,5.0,2.0,10.0,16.0,4.0,2.0,1.0,3.0,0.0,0.0
7322,31,2,0,0.0,0.0,1,10.0,9.0,5.0,3.0,20.0,18.0,3.0,2.0,3.0,2.0,0.0,0.0
7323,28,1,0,2.0,0.0,0,13.0,11.0,5.0,5.0,17.0,10.0,2.0,6.0,1.0,1.0,0.0,0.0
7324,44,31,2,0.0,0.0,1,8.0,11.0,4.0,8.0,9.0,14.0,9.0,4.0,0.0,1.0,0.0,0.0
7325,14,3,0,2.0,2.0,1,19.0,6.0,10.0,4.0,12.0,19.0,5.0,2.0,1.0,5.0,0.0,0.0
7326,42,0,1,1.0,0.0,0,11.0,10.0,3.0,7.0,18.0,13.0,6.0,1.0,4.0,2.0,0.0,0.0
7327,30,29,0,3.0,0.0,0,7.0,13.0,4.0,8.0,14.0,22.0,2.0,6.0,1.0,4.0,0.0,0.0
7328,26,45,0,1.0,0.0,0,17.0,4.0,9.0,2.0,15.0,13.0,10.0,5.0,2.0,0.0,0.0,0.0
7329,46,19,0,0.0,0.0,1,12.0,7.0,6.0,1.0,11.0,7.0,6.0,3.0,1.0,1.0,0.0,0.0
7330,40,34,2,1.0,0.0,0,5.0,5.0,2.0,5.0,11.0,9.0,11.0,2.0,0.0,1.0,0.0,0.0
7331,2,18,2,0.0,1.0,2,18.0,11.0,8.0,6.0,11.0,15.0,8.0,6.0,0.0,1.0,0.0,0.0
7332,13,5,2,0.0,0.0,1,7.0,11.0,4.0,7.0,11.0,13.0,4.0,2.0,1.0,0.0,0.0,0.0
7333,31,40,0,2.0,2.0,1,12.0,10.0,9.0,5.0,12.0,13.0,5.0,3.0,2.0,2.0,0.0,0.0
7334,5,44,0,0.0,0.0,1,19.0,2.0,12.0,1.0,13.0,16.0,10.0,1.0,2.0,2.0,0.0,0.0
7335,45,30,0,0.0,0.0,1,15.0,19.0,8.0,9.0,11.0,9.0,4.0,7.0,1.0,2.0,0.0,0.0
7336,18,14,1,1.0,0.0,0,4.0,24.0,4.0,12.0,14.0,14.0,3.0,11.0,2.0,2.0,0.0,0.0
7337,1,46,2,0.0,1.0,2,16.0,6.0,5.0,6.0,12.0,13.0,9.0,5.0,0.0,0.0,0.0,0.0
7338,29,42,1,1.0,0.0,0,13.0,9.0,9.0,7.0,15.0,12.0,7.0,8.0,2.0,3.0,0.0,0.0
7339,34,13,2,1.0,0.0,0,15.0,11.0,6.0,7.0,10.0,15.0,6.0,5.0,2.0,3.0,0.0,0.0
7340,3,2,0,0.0,0.0,1,11.0,3.0,5.0,2.0,22.0,17.0,3.0,9.0,0.0,3.0,0.0,0.0
7341,19,26,0,1.0,0.0,0,6.0,14.0,3.0,6.0,9.0,14.0,3.0,8.0,0.0,2.0,0.0,0.0
7342,0,28,0,0.0,0.0,1,4.0,7.0,2.0,4.0,24.0,17.0,4.0,3.0,3.0,5.0,0.0,0.0
7343,13,19,1,0.0,1.0,2,14.0,13.0,3.0,1.0,19.0,19.0,6.0,1.0,2.0,3.0,0.0,0.0
7344,28,45,0,1.0,0.0,0,22.0,6.0,17.0,3.0,11.0,13.0,9.0,3.0,2.0,0.0,0.0,0.0
7345,2,1,2,0.0,1.0,2,8.0,4.0,5.0,1.0,13.0,19.0,11.0,5.0,2.0,2.0,0.0,0.0
7346,40,29,2,0.0,1.0,2,11.0,15.0,6.0,9.0,12.0,10.0,4.0,5.0,3.0,1.0,0.0,0.0
7347,44,0,0,1.0,1.0,1,5.0,14.0,4.0,10.0,23.0,10.0,3.0,6.0,1.0,2.0,0.0,0.0
7348,26,3,0,0.0,0.0,1,19.0,4.0,5.0,1.0,8.0,22.0,9.0,2.0,0.0,3.0,0.0,1.0
7349,46,31,0,1.0,0.0,0,12.0,11.0,6.0,7.0,15.0,20.0,6.0,5.0,2.0,3.0,1.0,0.0
7350,42,18,0,0.0,0.0,1,7.0,8.0,5.0,4.0,13.0,9.0,5.0,8.0,0.0,2.0,0.0,0.0
7351,30,34,1,0.0,0.0,1,14.0,9.0,7.0,4.0,12.0,12.0,6.0,3.0,2.0,3.0,0.0,0.0
7352,14,5,0,0.0,1.0,2,17.0,4.0,8.0,2.0,10.0,17.0,5.0,3.0,2.0,2.0,0.0,1.0
7353,46,5,0,0.0,0.0,1,16.0,13.0,9.0,4.0,11.0,14.0,4.0,8.0,0.0,2.0,0.0,0.0
7354,26,14,2,1.0,2.0,2,11.0,7.0,5.0,5.0,15.0,17.0,4.0,2.0,1.0,3.0,0.0,0.0
7355,1,30,2,0.0,1.0,2,13.0,13.0,6.0,10.0,17.0,10.0,6.0,5.0,4.0,1.0,0.0,0.0
7356,28,18,0,0.0,0.0,1,14.0,5.0,5.0,4.0,16.0,10.0,4.0,2.0,1.0,0.0,0.0,0.0
7357,0,2,0,0.0,0.0,1,16.0,2.0,13.0,2.0,13.0,17.0,11.0,4.0,0.0,1.0,0.0,1.0
7358,40,45,1,1.0,0.0,0,16.0,6.0,8.0,3.0,12.0,15.0,5.0,3.0,1.0,5.0,0.0,0.0
7359,3,44,0,0.0,0.0,1,20.0,6.0,11.0,3.0,15.0,17.0,11.0,1.0,2.0,0.0,0.0,0.0
7360,13,42,2,1.0,0.0,0,9.0,13.0,4.0,7.0,15.0,17.0,1.0,6.0,3.0,2.0,0.0,0.0
7361,34,31,1,0.0,0.0,1,10.0,6.0,6.0,3.0,12.0,12.0,4.0,4.0,1.0,2.0,0.0,0.0
7362,19,29,2,2.0,3.0,2,11.0,11.0,6.0,7.0,20.0,11.0,3.0,9.0,2.0,1.0,0.0,0.0
7363,42,19,0,1.0,0.0,0,9.0,8.0,4.0,5.0,10.0,9.0,6.0,6.0,0.0,3.0,0.0,0.0
7364,30,40,2,0.0,1.0,2,20.0,4.0,11.0,2.0,13.0,21.0,8.0,2.0,3.0,2.0,0.0,0.0
7365,29,3,2,0.0,1.0,2,27.0,10.0,8.0,10.0,13.0,15.0,7.0,1.0,1.0,3.0,0.0,0.0
7366,45,0,1,0.0,0.0,1,6.0,8.0,0.0,2.0,11.0,7.0,4.0,3.0,2.0,0.0,0.0,0.0
7367,18,46,2,0.0,0.0,1,14.0,11.0,7.0,3.0,17.0,21.0,11.0,3.0,2.0,1.0,0.0,0.0
7368,2,26,1,0.0,0.0,1,4.0,14.0,4.0,6.0,14.0,14.0,3.0,7.0,2.0,3.0,1.0,0.0
7369,31,28,0,1.0,0.0,0,8.0,8.0,6.0,4.0,14.0,14.0,3.0,6.0,0.0,2.0,0.0,0.0
7370,44,13,2,0.0,2.0,2,18.0,8.0,10.0,4.0,10.0,12.0,6.0,3.0,0.0,1.0,0.0,0.0
7371,5,34,0,1.0,0.0,0,11.0,6.0,2.0,4.0,9.0,6.0,7.0,3.0,2.0,2.0,0.0,0.0
7372,14,1,0,1.0,1.0,1,18.0,3.0,6.0,2.0,8.0,17.0,9.0,1.0,1.0,1.0,0.0,0.0
7373,0,18,0,2.0,0.0,0,11.0,4.0,4.0,2.0,13.0,19.0,4.0,0.0,2.0,3.0,0.0,0.0
7374,26,29,1,0.0,0.0,1,9.0,4.0,3.0,1.0,24.0,15.0,4.0,2.0,2.0,2.0,0.0,0.0
7375,3,31,2,0.0,0.0,1,17.0,4.0,10.0,3.0,14.0,19.0,7.0,2.0,1.0,5.0,0.0,1.0
7376,28,5,2,0.0,0.0,1,17.0,5.0,8.0,1.0,14.0,16.0,7.0,5.0,1.0,1.0,0.0,0.0
7377,46,30,1,0.0,1.0,2,11.0,10.0,4.0,3.0,11.0,16.0,4.0,5.0,0.0,1.0,0.0,0.0
7378,34,2,1,1.0,1.0,1,14.0,3.0,9.0,2.0,16.0,14.0,7.0,3.0,2.0,0.0,0.0,1.0
7379,13,14,2,0.0,0.0,1,11.0,16.0,4.0,11.0,11.0,10.0,2.0,7.0,0.0,2.0,0.0,0.0
7380,1,42,1,1.0,0.0,0,13.0,13.0,6.0,7.0,14.0,14.0,4.0,3.0,1.0,2.0,0.0,0.0
7381,40,44,1,1.0,0.0,0,11.0,13.0,6.0,6.0,19.0,11.0,1.0,9.0,0.0,3.0,0.0,0.0
7382,19,45,2,0.0,0.0,1,9.0,10.0,6.0,3.0,11.0,14.0,4.0,6.0,2.0,1.0,0.0,0.0
7383,45,1,0,2.0,0.0,0,14.0,14.0,9.0,8.0,15.0,12.0,4.0,11.0,0.0,1.0,0.0,0.0
7384,5,3,1,0.0,0.0,1,12.0,7.0,6.0,3.0,18.0,17.0,4.0,4.0,1.0,2.0,0.0,0.0
7385,29,28,1,1.0,0.0,0,7.0,5.0,2.0,3.0,12.0,18.0,3.0,5.0,1.0,4.0,0.0,0.0
7386,2,13,2,0.0,1.0,2,18.0,8.0,5.0,4.0,9.0,10.0,13.0,4.0,0.0,2.0,0.0,0.0
7387,18,34,2,0.0,0.0,1,11.0,12.0,6.0,8.0,10.0,12.0,11.0,6.0,2.0,1.0,0.0,0.0
7388,44,46,2,1.0,1.0,1,10.0,9.0,5.0,4.0,19.0,15.0,5.0,0.0,3.0,1.0,0.0,0.0
7389,30,0,0,1.0,0.0,0,6.0,13.0,5.0,8.0,17.0,16.0,6.0,7.0,3.0,4.0,0.0,0.0
7390,31,19,1,0.0,1.0,2,15.0,13.0,10.0,8.0,19.0,16.0,10.0,8.0,4.0,1.0,1.0,0.0
7391,42,26,1,0.0,0.0,1,10.0,11.0,7.0,6.0,16.0,13.0,4.0,4.0,1.0,1.0,0.0,0.0
7392,14,40,0,0.0,0.0,1,9.0,2.0,6.0,2.0,14.0,10.0,4.0,2.0,1.0,0.0,0.0,0.0
7393,31,29,2,0.0,0.0,1,9.0,11.0,4.0,5.0,26.0,16.0,5.0,3.0,1.0,2.0,0.0,0.0
7394,30,13,2,0.0,1.0,2,10.0,12.0,6.0,8.0,18.0,15.0,6.0,1.0,2.0,1.0,0.0,0.0
7395,19,18,0,0.0,0.0,1,9.0,6.0,4.0,2.0,19.0,25.0,6.0,2.0,1.0,2.0,0.0,1.0
7396,42,14,2,0.0,1.0,2,11.0,13.0,6.0,7.0,16.0,12.0,2.0,5.0,3.0,2.0,1.0,0.0
7397,28,34,0,0.0,0.0,1,16.0,7.0,9.0,2.0,13.0,17.0,12.0,3.0,1.0,2.0,0.0,0.0
7398,1,3,0,1.0,0.0,0,10.0,9.0,3.0,2.0,13.0,16.0,4.0,11.0,2.0,2.0,0.0,0.0
7399,46,40,0,1.0,0.0,0,11.0,9.0,5.0,7.0,11.0,13.0,0.0,6.0,3.0,3.0,0.0,0.0
7400,44,2,2,1.0,3.0,2,15.0,8.0,8.0,7.0,11.0,24.0,3.0,2.0,1.0,3.0,0.0,0.0
7401,45,5,2,0.0,0.0,1,13.0,10.0,6.0,6.0,13.0,16.0,7.0,7.0,1.0,4.0,0.0,0.0
7402,14,44,0,2.0,0.0,0,11.0,0.0,8.0,0.0,10.0,7.0,9.0,1.0,0.0,1.0,0.0,0.0
7403,5,31,0,1.0,0.0,0,14.0,7.0,6.0,4.0,12.0,17.0,4.0,3.0,0.0,1.0,0.0,0.0
7404,3,42,1,0.0,0.0,1,11.0,1.0,7.0,1.0,15.0,12.0,7.0,0.0,2.0,2.0,1.0,0.0
7405,0,19,0,1.0,1.0,1,20.0,8.0,14.0,3.0,16.0,11.0,6.0,7.0,5.0,2.0,0.0,0.0
7406,34,1,1,1.0,1.0,1,20.0,7.0,11.0,3.0,12.0,10.0,13.0,4.0,3.0,1.0,0.0,1.0
7407,2,30,2,0.0,2.0,2,14.0,8.0,8.0,3.0,14.0,15.0,2.0,2.0,0.0,1.0,0.0,0.0
7408,40,28,2,1.0,2.0,2,15.0,12.0,10.0,7.0,10.0,10.0,5.0,3.0,1.0,2.0,0.0,0.0
7409,5,18,2,0.0,0.0,1,16.0,3.0,6.0,1.0,10.0,13.0,8.0,3.0,0.0,1.0,0.0,0.0
7410,14,0,0,0.0,0.0,1,9.0,9.0,6.0,3.0,17.0,21.0,3.0,7.0,2.0,3.0,0.0,0.0
7411,2,28,2,1.0,1.0,1,9.0,9.0,2.0,6.0,7.0,12.0,9.0,4.0,3.0,1.0,0.0,0.0
7412,3,19,0,1.0,0.0,0,16.0,8.0,9.0,4.0,26.0,14.0,8.0,1.0,2.0,2.0,0.0,0.0
7413,29,1,0,0.0,0.0,1,18.0,3.0,12.0,3.0,13.0,21.0,11.0,7.0,2.0,1.0,0.0,0.0
7414,44,34,0,1.0,0.0,0,6.0,10.0,2.0,2.0,21.0,19.0,3.0,3.0,4.0,3.0,0.0,0.0
7415,13,46,0,1.0,0.0,0,21.0,4.0,10.0,0.0,10.0,11.0,4.0,4.0,0.0,1.0,0.0,0.0
7416,26,40,0,1.0,0.0,0,15.0,2.0,6.0,0.0,8.0,20.0,5.0,5.0,2.0,3.0,0.0,1.0
7417,31,45,1,0.0,0.0,1,14.0,6.0,6.0,1.0,9.0,11.0,10.0,2.0,1.0,1.0,0.0,1.0
7418,42,30,0,0.0,0.0,1,18.0,12.0,8.0,3.0,16.0,10.0,5.0,6.0,3.0,1.0,0.0,0.0
7419,0,31,0,0.0,0.0,1,15.0,2.0,12.0,1.0,15.0,17.0,8.0,3.0,0.0,1.0,0.0,1.0
7420,46,14,2,0.0,0.0,1,12.0,20.0,5.0,9.0,14.0,7.0,2.0,6.0,1.0,0.0,0.0,0.0
7421,19,2,1,0.0,0.0,1,15.0,7.0,7.0,4.0,12.0,13.0,6.0,6.0,1.0,2.0,0.0,0.0
7422,28,44,1,0.0,0.0,1,15.0,13.0,8.0,3.0,13.0,11.0,3.0,6.0,2.0,3.0,0.0,0.0
7423,34,42,2,0.0,1.0,2,11.0,11.0,7.0,6.0,13.0,23.0,7.0,2.0,0.0,2.0,0.0,0.0
7424,45,3,0,0.0,1.0,2,13.0,11.0,5.0,5.0,11.0,14.0,2.0,6.0,0.0,1.0,0.0,1.0
7425,30,26,1,0.0,0.0,1,4.0,16.0,2.0,7.0,17.0,11.0,5.0,0.0,2.0,3.0,1.0,0.0
7426,18,29,2,0.0,1.0,2,10.0,12.0,5.0,5.0,15.0,14.0,8.0,6.0,3.0,1.0,0.0,0.0
7427,40,13,2,1.0,1.0,1,12.0,14.0,8.0,4.0,15.0,17.0,5.0,5.0,2.0,0.0,0.0,1.0
7428,1,5,1,2.0,2.0,1,3.0,13.0,2.0,6.0,14.0,16.0,7.0,8.0,0.0,2.0,0.0,0.0
7429,44,34,0,0.0,0.0,1,9.0,8.0,5.0,2.0,12.0,13.0,6.0,1.0,0.0,1.0,0.0,0.0
7430,2,0,0,0.0,0.0,1,9.0,11.0,4.0,5.0,10.0,8.0,3.0,2.0,1.0,0.0,0.0,0.0
7431,19,32,0,2.0,0.0,0,13.0,2.0,9.0,0.0,11.0,12.0,4.0,13.0,0.0,1.0,0.0,0.0
7432,38,29,2,1.0,1.0,1,11.0,16.0,3.0,8.0,14.0,13.0,5.0,3.0,1.0,2.0,0.0,0.0
7433,26,1,0,2.0,0.0,0,15.0,13.0,7.0,4.0,10.0,16.0,9.0,5.0,0.0,0.0,0.0,0.0
7434,28,30,1,0.0,1.0,2,10.0,4.0,5.0,3.0,12.0,15.0,10.0,3.0,2.0,4.0,0.0,0.0
7435,31,14,1,1.0,1.0,1,8.0,12.0,4.0,7.0,11.0,17.0,6.0,4.0,4.0,4.0,0.0,0.0
7436,13,16,1,1.0,0.0,0,8.0,9.0,5.0,6.0,14.0,14.0,3.0,8.0,2.0,2.0,0.0,0.0
7437,42,3,1,0.0,0.0,1,11.0,12.0,7.0,8.0,10.0,14.0,5.0,7.0,2.0,2.0,0.0,0.0
7438,5,18,0,0.0,1.0,2,16.0,10.0,9.0,5.0,12.0,17.0,5.0,6.0,2.0,1.0,1.0,0.0
7439,0,18,0,3.0,0.0,0,19.0,7.0,12.0,3.0,9.0,12.0,4.0,2.0,2.0,0.0,0.0,0.0
7440,29,14,2,1.0,1.0,1,15.0,7.0,9.0,6.0,11.0,14.0,7.0,0.0,2.0,3.0,0.0,0.0
7441,0,26,0,2.0,0.0,0,11.0,11.0,8.0,6.0,13.0,10.0,1.0,4.0,0.0,2.0,0.0,0.0
7442,3,19,2,1.0,1.0,1,13.0,8.0,6.0,6.0,11.0,23.0,8.0,5.0,2.0,2.0,1.0,1.0
7443,16,38,1,1.0,1.0,1,14.0,7.0,6.0,3.0,16.0,18.0,5.0,2.0,3.0,1.0,1.0,1.0
7444,18,31,0,1.0,0.0,0,8.0,9.0,6.0,4.0,22.0,11.0,3.0,2.0,3.0,1.0,0.0,1.0
7445,14,13,0,0.0,0.0,1,15.0,6.0,6.0,3.0,7.0,13.0,2.0,5.0,0.0,0.0,0.0,0.0
7446,29,44,1,1.0,0.0,0,27.0,2.0,14.0,0.0,10.0,13.0,12.0,0.0,1.0,0.0,0.0,0.0
7447,34,5,1,0.0,1.0,2,9.0,12.0,4.0,4.0,12.0,23.0,2.0,9.0,0.0,2.0,0.0,0.0
7448,30,42,0,1.0,0.0,0,16.0,5.0,8.0,2.0,14.0,10.0,4.0,3.0,1.0,3.0,0.0,0.0
7449,32,2,0,1.0,0.0,0,8.0,22.0,4.0,9.0,20.0,10.0,1.0,7.0,1.0,5.0,0.0,1.0
7450,1,28,2,0.0,2.0,2,15.0,10.0,8.0,4.0,8.0,18.0,6.0,2.0,1.0,1.0,0.0,0.0
7451,19,31,2,0.0,1.0,2,6.0,4.0,3.0,3.0,11.0,13.0,1.0,2.0,1.0,1.0,0.0,0.0
7452,44,0,2,0.0,0.0,1,7.0,8.0,3.0,5.0,12.0,11.0,9.0,0.0,0.0,0.0,0.0,0.0
7453,13,29,2,0.0,2.0,2,6.0,18.0,4.0,12.0,6.0,15.0,1.0,7.0,0.0,2.0,1.0,0.0
7454,42,1,0,3.0,1.0,0,20.0,4.0,14.0,3.0,13.0,17.0,9.0,3.0,1.0,2.0,0.0,0.0
7455,19,18,0,2.0,0.0,0,11.0,11.0,6.0,4.0,18.0,16.0,3.0,7.0,1.0,3.0,1.0,0.0
7456,31,16,1,0.0,0.0,1,16.0,7.0,9.0,3.0,16.0,15.0,5.0,2.0,1.0,1.0,0.0,0.0
7457,26,30,1,0.0,1.0,2,12.0,6.0,6.0,3.0,10.0,20.0,7.0,4.0,2.0,3.0,0.0,0.0
7458,5,14,2,0.0,0.0,1,14.0,8.0,6.0,5.0,17.0,14.0,7.0,2.0,4.0,1.0,0.0,0.0
7459,2,3,0,0.0,1.0,2,10.0,5.0,6.0,1.0,15.0,16.0,6.0,1.0,2.0,1.0,0.0,0.0
7460,38,32,0,3.0,3.0,1,15.0,14.0,9.0,7.0,18.0,13.0,6.0,8.0,3.0,2.0,0.0,0.0
7461,28,34,0,2.0,0.0,0,13.0,7.0,7.0,3.0,14.0,6.0,7.0,5.0,0.0,1.0,0.0,0.0
7462,31,30,1,0.0,0.0,1,11.0,5.0,5.0,3.0,8.0,9.0,7.0,1.0,1.0,2.0,0.0,0.0
7463,44,3,1,1.0,0.0,0,9.0,14.0,3.0,7.0,13.0,15.0,6.0,4.0,3.0,4.0,0.0,0.0
7464,0,42,0,1.0,0.0,0,12.0,7.0,3.0,1.0,17.0,15.0,4.0,7.0,0.0,4.0,0.0,0.0
7465,29,31,0,0.0,1.0,2,18.0,11.0,10.0,5.0,8.0,20.0,9.0,4.0,1.0,0.0,0.0,0.0
7466,34,38,0,4.0,1.0,0,18.0,11.0,8.0,8.0,15.0,11.0,4.0,7.0,2.0,1.0,0.0,0.0
7467,1,5,1,1.0,0.0,0,13.0,12.0,10.0,6.0,17.0,13.0,7.0,5.0,0.0,2.0,0.0,0.0
7468,18,2,1,0.0,1.0,2,11.0,9.0,6.0,4.0,18.0,18.0,9.0,5.0,2.0,3.0,0.0,0.0
7469,16,26,0,1.0,0.0,0,6.0,9.0,3.0,7.0,19.0,14.0,4.0,1.0,2.0,5.0,0.0,0.0
7470,3,28,1,0.0,0.0,1,11.0,7.0,5.0,1.0,20.0,17.0,6.0,2.0,0.0,0.0,0.0,0.0
7471,32,13,0,0.0,0.0,1,13.0,11.0,6.0,6.0,8.0,9.0,7.0,8.0,1.0,1.0,0.0,0.0
7472,30,44,0,3.0,0.0,0,12.0,15.0,8.0,9.0,12.0,12.0,1.0,4.0,1.0,1.0,0.0,0.0
7473,14,19,0,1.0,1.0,1,12.0,10.0,7.0,4.0,7.0,11.0,4.0,6.0,1.0,1.0,0.0,0.0
7474,32,31,0,0.0,0.0,1,15.0,24.0,8.0,10.0,12.0,11.0,6.0,6.0,0.0,0.0,0.0,0.0
7475,28,2,0,0.0,0.0,1,8.0,5.0,4.0,1.0,11.0,9.0,8.0,3.0,0.0,1.0,0.0,0.0
7476,42,44,1,0.0,1.0,2,15.0,10.0,5.0,4.0,12.0,12.0,7.0,3.0,2.0,0.0,0.0,0.0
7477,34,26,2,1.0,2.0,2,8.0,19.0,6.0,12.0,10.0,8.0,5.0,4.0,1.0,0.0,0.0,0.0
7478,1,13,1,0.0,0.0,1,13.0,12.0,5.0,3.0,14.0,9.0,6.0,5.0,0.0,1.0,0.0,0.0
7479,14,0,1,0.0,0.0,1,9.0,6.0,3.0,4.0,10.0,16.0,2.0,2.0,1.0,3.0,0.0,0.0
7480,18,29,0,0.0,0.0,1,7.0,16.0,3.0,11.0,18.0,17.0,4.0,5.0,3.0,2.0,0.0,2.0
7481,3,16,0,1.0,0.0,0,18.0,4.0,7.0,3.0,11.0,19.0,11.0,6.0,3.0,2.0,0.0,0.0
7482,30,19,1,0.0,0.0,1,8.0,7.0,4.0,2.0,11.0,12.0,2.0,6.0,1.0,0.0,0.0,0.0
7483,5,38,1,1.0,0.0,0,22.0,5.0,16.0,4.0,9.0,9.0,5.0,2.0,2.0,0.0,0.0,0.0
7484,26,42,1,1.0,1.0,1,18.0,9.0,7.0,6.0,5.0,7.0,12.0,3.0,0.0,0.0,0.0,0.0
7485,16,32,1,1.0,1.0,1,12.0,12.0,10.0,8.0,17.0,21.0,7.0,3.0,2.0,2.0,0.0,0.0
7486,13,5,2,1.0,1.0,1,18.0,11.0,10.0,5.0,10.0,14.0,8.0,2.0,0.0,1.0,0.0,0.0
7487,38,1,2,2.0,0.0,0,16.0,11.0,8.0,7.0,10.0,17.0,5.0,8.0,1.0,2.0,0.0,0.0
7488,19,28,1,0.0,1.0,2,8.0,7.0,3.0,3.0,9.0,19.0,6.0,8.0,0.0,1.0,0.0,0.0
7489,2,34,1,0.0,0.0,1,9.0,5.0,4.0,4.0,16.0,12.0,7.0,5.0,1.0,2.0,0.0,0.0
7490,1,44,1,1.0,0.0,0,14.0,7.0,7.0,5.0,6.0,10.0,5.0,5.0,1.0,2.0,1.0,1.0
7491,42,31,0,1.0,0.0,0,19.0,6.0,6.0,3.0,9.0,15.0,4.0,7.0,2.0,2.0,0.0,0.0
7492,18,16,0,1.0,0.0,0,13.0,11.0,8.0,3.0,10.0,14.0,4.0,9.0,1.0,1.0,0.0,0.0
7493,3,38,0,1.0,0.0,0,15.0,9.0,8.0,3.0,19.0,14.0,4.0,2.0,2.0,1.0,0.0,0.0
7494,30,0,2,0.0,0.0,1,9.0,7.0,6.0,1.0,11.0,9.0,5.0,3.0,1.0,1.0,0.0,0.0
7495,5,19,0,2.0,0.0,0,15.0,7.0,10.0,4.0,6.0,14.0,4.0,6.0,0.0,2.0,0.0,1.0
7496,34,13,0,2.0,2.0,1,13.0,8.0,9.0,4.0,11.0,14.0,5.0,4.0,1.0,3.0,0.0,0.0
7497,14,2,1,0.0,0.0,1,19.0,2.0,12.0,1.0,17.0,12.0,8.0,5.0,2.0,2.0,0.0,0.0
7498,32,29,0,0.0,0.0,1,7.0,16.0,5.0,8.0,19.0,18.0,3.0,4.0,2.0,2.0,0.0,0.0
7499,28,26,0,0.0,0.0,1,11.0,6.0,8.0,1.0,8.0,11.0,5.0,2.0,1.0,1.0,0.0,0.0
7500,19,34,0,0.0,1.0,2,12.0,8.0,7.0,4.0,14.0,10.0,5.0,5.0,3.0,3.0,0.0,0.0
7501,44,18,0,0.0,0.0,1,8.0,8.0,4.0,2.0,15.0,20.0,7.0,7.0,1.0,2.0,0.0,0.0
7502,13,28,1,1.0,2.0,2,9.0,16.0,3.0,8.0,6.0,8.0,6.0,7.0,1.0,0.0,0.0,0.0
7503,26,5,0,0.0,0.0,1,10.0,13.0,7.0,5.0,6.0,13.0,4.0,12.0,1.0,3.0,0.0,0.0
7504,38,14,2,0.0,2.0,2,4.0,12.0,3.0,8.0,11.0,10.0,4.0,3.0,0.0,2.0,0.0,0.0
7505,29,3,1,0.0,0.0,1,23.0,9.0,9.0,3.0,21.0,18.0,9.0,3.0,3.0,2.0,0.0,0.0
7506,31,1,2,0.0,1.0,2,20.0,8.0,12.0,5.0,14.0,24.0,8.0,6.0,1.0,2.0,3.0,0.0
7507,0,32,0,2.0,1.0,0,21.0,3.0,15.0,1.0,8.0,11.0,10.0,3.0,1.0,0.0,0.0,0.0
7508,16,30,2,0.0,1.0,2,23.0,7.0,13.0,5.0,6.0,19.0,8.0,3.0,0.0,4.0,0.0,0.0
7509,2,42,1,0.0,0.0,1,14.0,9.0,7.0,5.0,6.0,10.0,3.0,3.0,0.0,1.0,0.0,0.0
7510,30,38,2,1.0,1.0,1,14.0,12.0,8.0,7.0,20.0,17.0,3.0,6.0,0.0,0.0,0.0,0.0
7511,2,1,0,0.0,0.0,1,10.0,5.0,4.0,4.0,12.0,20.0,2.0,3.0,3.0,3.0,0.0,0.0
7512,26,18,0,2.0,0.0,0,15.0,4.0,8.0,2.0,13.0,15.0,5.0,1.0,1.0,4.0,1.0,0.0
7513,29,19,0,1.0,0.0,0,19.0,10.0,12.0,6.0,7.0,11.0,18.0,3.0,0.0,1.0,0.0,0.0
7514,34,31,1,1.0,1.0,1,13.0,11.0,6.0,6.0,15.0,19.0,4.0,3.0,5.0,4.0,0.0,0.0
7515,13,44,2,1.0,1.0,1,8.0,14.0,5.0,9.0,11.0,8.0,3.0,9.0,0.0,0.0,1.0,0.0
7516,3,0,2,0.0,1.0,2,9.0,10.0,2.0,8.0,21.0,8.0,4.0,6.0,3.0,1.0,0.0,0.0
7517,14,16,0,1.0,1.0,1,20.0,6.0,13.0,3.0,13.0,16.0,10.0,4.0,1.0,0.0,0.0,0.0
7518,5,32,0,1.0,0.0,0,16.0,6.0,10.0,2.0,20.0,16.0,7.0,6.0,3.0,1.0,0.0,0.0
7519,42,28,0,1.0,1.0,1,12.0,11.0,9.0,7.0,13.0,13.0,6.0,4.0,2.0,3.0,0.0,0.0
7520,26,3,1,0.0,0.0,1,7.0,5.0,2.0,2.0,12.0,13.0,11.0,3.0,1.0,1.0,0.0,0.0
7521,13,42,0,1.0,0.0,0,5.0,7.0,2.0,4.0,15.0,16.0,5.0,2.0,1.0,4.0,0.0,0.0
7522,14,44,0,1.0,0.0,0,23.0,7.0,11.0,4.0,13.0,9.0,8.0,3.0,0.0,1.0,0.0,0.0
7523,28,5,2,0.0,1.0,2,8.0,11.0,3.0,3.0,10.0,21.0,5.0,5.0,1.0,2.0,0.0,0.0
7524,44,2,0,0.0,0.0,1,12.0,7.0,7.0,0.0,16.0,18.0,13.0,3.0,1.0,1.0,0.0,0.0
7525,18,3,2,0.0,0.0,1,12.0,11.0,4.0,5.0,15.0,20.0,6.0,3.0,3.0,2.0,0.0,0.0
7526,31,26,0,0.0,0.0,1,13.0,6.0,4.0,3.0,11.0,16.0,5.0,4.0,2.0,2.0,0.0,0.0
7527,1,30,0,0.0,0.0,1,8.0,5.0,4.0,1.0,8.0,6.0,5.0,4.0,1.0,2.0,0.0,0.0
7528,16,29,1,0.0,0.0,1,2.0,16.0,1.0,9.0,12.0,9.0,2.0,7.0,5.0,4.0,1.0,0.0
7529,0,34,0,1.0,0.0,0,11.0,5.0,6.0,2.0,12.0,15.0,7.0,3.0,0.0,2.0,0.0,0.0
7530,32,14,2,0.0,1.0,2,8.0,23.0,5.0,13.0,14.0,15.0,7.0,7.0,1.0,2.0,0.0,0.0
7531,19,13,1,0.0,0.0,1,10.0,9.0,5.0,6.0,9.0,12.0,5.0,5.0,3.0,2.0,0.0,0.0
7532,38,42,0,0.0,0.0,1,9.0,13.0,4.0,8.0,7.0,11.0,4.0,10.0,1.0,2.0,0.0,0.0
7533,32,28,2,2.0,2.0,1,5.0,17.0,4.0,10.0,12.0,7.0,3.0,12.0,2.0,2.0,1.0,0.0
7534,31,5,0,1.0,1.0,1,14.0,4.0,9.0,2.0,12.0,19.0,6.0,3.0,0.0,2.0,0.0,0.0
7535,30,13,1,0.0,1.0,2,21.0,5.0,18.0,2.0,10.0,15.0,10.0,1.0,0.0,3.0,0.0,0.0
7536,16,2,0,1.0,0.0,0,8.0,9.0,2.0,5.0,23.0,15.0,4.0,7.0,3.0,3.0,0.0,0.0
7537,42,19,0,0.0,0.0,1,18.0,8.0,8.0,5.0,6.0,13.0,13.0,2.0,0.0,1.0,0.0,0.0
7538,38,0,1,0.0,1.0,2,10.0,17.0,3.0,12.0,9.0,13.0,3.0,5.0,1.0,1.0,1.0,1.0
7539,29,34,0,1.0,0.0,0,13.0,8.0,6.0,4.0,15.0,15.0,4.0,3.0,1.0,2.0,0.0,0.0
7540,1,18,2,0.0,1.0,2,9.0,15.0,6.0,9.0,22.0,17.0,3.0,7.0,3.0,0.0,0.0,0.0
7541,44,38,1,0.0,0.0,1,9.0,11.0,4.0,7.0,15.0,15.0,7.0,3.0,2.0,3.0,0.0,0.0
7542,0,16,0,3.0,0.0,0,17.0,6.0,12.0,3.0,8.0,17.0,5.0,1.0,1.0,2.0,0.0,0.0
7543,28,29,2,0.0,0.0,1,9.0,10.0,3.0,3.0,9.0,14.0,4.0,6.0,2.0,3.0,0.0,0.0
7544,2,26,0,2.0,0.0,0,5.0,6.0,3.0,2.0,16.0,10.0,10.0,4.0,2.0,0.0,0.0,0.0
7545,5,30,1,0.0,0.0,1,13.0,5.0,8.0,2.0,11.0,15.0,3.0,2.0,0.0,1.0,0.0,0.0
7546,18,14,2,0.0,0.0,1,4.0,25.0,2.0,11.0,14.0,9.0,3.0,9.0,1.0,2.0,1.0,0.0
7547,34,1,2,1.0,1.0,1,9.0,6.0,3.0,4.0,14.0,22.0,6.0,3.0,2.0,1.0,0.0,0.0
7548,3,32,0,2.0,0.0,0,18.0,9.0,13.0,6.0,15.0,14.0,12.0,3.0,2.0,1.0,0.0,0.0
7549,14,28,1,0.0,0.0,1,11.0,5.0,8.0,2.0,9.0,11.0,7.0,1.0,2.0,1.0,0.0,0.0
7550,38,18,1,1.0,1.0,1,21.0,8.0,9.0,4.0,15.0,11.0,8.0,3.0,0.0,2.0,0.0,0.0
7551,32,44,0,1.0,1.0,1,13.0,15.0,7.0,8.0,18.0,13.0,3.0,3.0,0.0,3.0,0.0,0.0
7552,29,2,0,0.0,0.0,1,17.0,7.0,11.0,1.0,10.0,16.0,5.0,2.0,1.0,3.0,0.0,0.0
7553,26,19,0,1.0,1.0,1,10.0,6.0,7.0,2.0,12.0,13.0,4.0,3.0,1.0,4.0,0.0,0.0
7554,31,13,1,0.0,0.0,1,21.0,8.0,10.0,2.0,10.0,12.0,7.0,2.0,1.0,1.0,0.0,0.0
7555,1,0,2,0.0,3.0,2,5.0,15.0,1.0,6.0,13.0,11.0,5.0,2.0,2.0,0.0,0.0,0.0
7556,30,3,0,1.0,0.0,0,13.0,6.0,7.0,3.0,14.0,10.0,8.0,10.0,1.0,2.0,1.0,0.0
7557,42,34,0,1.0,1.0,1,18.0,6.0,10.0,3.0,10.0,8.0,9.0,2.0,0.0,0.0,0.0,0.0
7558,16,5,2,0.0,1.0,2,17.0,9.0,7.0,6.0,16.0,10.0,6.0,4.0,0.0,1.0,0.0,0.0
7559,18,32,0,0.0,0.0,1,18.0,11.0,4.0,6.0,12.0,16.0,3.0,3.0,1.0,0.0,0.0,0.0
7560,2,38,0,2.0,0.0,0,12.0,6.0,4.0,3.0,11.0,18.0,8.0,1.0,0.0,2.0,0.0,0.0
7561,28,31,1,0.0,1.0,2,5.0,3.0,1.0,1.0,11.0,18.0,3.0,1.0,2.0,3.0,0.0,0.0
7562,19,1,1,0.0,0.0,1,12.0,12.0,3.0,2.0,12.0,17.0,4.0,8.0,1.0,3.0,0.0,0.0
7563,3,14,2,0.0,1.0,2,11.0,6.0,2.0,3.0,24.0,15.0,4.0,4.0,2.0,2.0,0.0,0.0
7564,0,29,2,2.0,1.0,0,11.0,10.0,10.0,9.0,20.0,16.0,6.0,7.0,2.0,4.0,0.0,1.0
7565,44,16,1,0.0,0.0,1,12.0,4.0,7.0,4.0,17.0,11.0,8.0,4.0,1.0,0.0,0.0,1.0
7566,5,42,0,0.0,0.0,1,15.0,11.0,9.0,5.0,9.0,17.0,4.0,6.0,0.0,2.0,0.0,1.0
7567,34,30,0,1.0,1.0,1,14.0,9.0,5.0,2.0,9.0,8.0,9.0,5.0,1.0,2.0,0.0,0.0
7568,13,26,2,1.0,0.0,0,4.0,19.0,3.0,7.0,11.0,15.0,3.0,7.0,0.0,0.0,0.0,0.0
7569,3,5,2,0.0,0.0,1,9.0,6.0,4.0,3.0,16.0,19.0,7.0,7.0,1.0,4.0,0.0,0.0
7570,0,31,0,1.0,0.0,0,13.0,4.0,8.0,1.0,17.0,19.0,11.0,1.0,2.0,3.0,0.0,0.0
7571,38,26,0,2.0,0.0,0,11.0,11.0,7.0,2.0,10.0,12.0,6.0,3.0,1.0,2.0,0.0,0.0
7572,2,19,2,0.0,0.0,1,8.0,6.0,5.0,3.0,16.0,11.0,5.0,3.0,1.0,3.0,0.0,0.0
7573,44,28,0,1.0,0.0,0,13.0,11.0,6.0,5.0,9.0,12.0,3.0,11.0,2.0,0.0,0.0,0.0
7574,18,13,2,0.0,1.0,2,12.0,4.0,7.0,3.0,13.0,10.0,9.0,5.0,1.0,2.0,0.0,0.0
7575,29,1,0,1.0,0.0,0,18.0,10.0,11.0,6.0,11.0,21.0,4.0,2.0,2.0,5.0,0.0,0.0
7576,14,34,0,3.0,0.0,0,14.0,9.0,9.0,5.0,2.0,9.0,2.0,3.0,0.0,0.0,0.0,0.0
7577,32,30,1,1.0,1.0,1,17.0,22.0,9.0,15.0,11.0,16.0,5.0,8.0,0.0,3.0,0.0,0.0
7578,16,42,0,0.0,0.0,1,8.0,12.0,7.0,6.0,9.0,14.0,5.0,4.0,1.0,2.0,0.0,0.0
7579,30,18,1,1.0,0.0,0,18.0,13.0,12.0,5.0,12.0,10.0,9.0,6.0,1.0,2.0,0.0,0.0
7580,19,44,0,0.0,0.0,1,8.0,7.0,4.0,6.0,12.0,12.0,7.0,5.0,3.0,1.0,0.0,0.0
7581,26,29,2,0.0,1.0,2,13.0,5.0,5.0,2.0,12.0,25.0,9.0,4.0,2.0,4.0,0.0,1.0
7582,42,14,2,0.0,1.0,2,12.0,12.0,4.0,5.0,14.0,12.0,4.0,7.0,2.0,4.0,0.0,0.0
7583,31,38,0,2.0,1.0,0,22.0,9.0,17.0,6.0,12.0,20.0,14.0,4.0,0.0,2.0,0.0,0.0
7584,5,0,0,1.0,0.0,0,9.0,11.0,3.0,7.0,8.0,8.0,8.0,7.0,2.0,1.0,0.0,0.0
7585,28,16,0,2.0,1.0,0,16.0,7.0,9.0,2.0,10.0,11.0,7.0,7.0,2.0,1.0,0.0,0.0
7586,34,3,2,0.0,0.0,1,11.0,14.0,1.0,6.0,13.0,23.0,5.0,6.0,2.0,6.0,2.0,0.0
7587,1,32,0,2.0,0.0,0,22.0,7.0,10.0,1.0,15.0,12.0,7.0,5.0,0.0,0.0,0.0,0.0
7588,13,2,0,1.0,0.0,0,10.0,10.0,6.0,6.0,11.0,10.0,4.0,4.0,0.0,2.0,0.0,0.0
7589,38,19,1,2.0,2.0,1,8.0,12.0,5.0,7.0,16.0,16.0,2.0,10.0,2.0,2.0,0.0,0.0
7590,29,42,1,0.0,0.0,1,23.0,7.0,16.0,5.0,11.0,13.0,8.0,2.0,1.0,2.0,0.0,0.0
7591,0,28,1,0.0,1.0,2,13.0,5.0,9.0,4.0,10.0,13.0,12.0,5.0,3.0,3.0,0.0,0.0
7592,18,34,0,1.0,1.0,1,17.0,9.0,7.0,6.0,5.0,9.0,8.0,1.0,0.0,0.0,0.0,0.0
7593,14,30,0,2.0,0.0,0,14.0,2.0,10.0,1.0,15.0,9.0,4.0,3.0,2.0,1.0,0.0,0.0
7594,2,5,2,0.0,1.0,2,14.0,11.0,8.0,6.0,12.0,12.0,6.0,5.0,2.0,2.0,0.0,0.0
7595,3,13,0,1.0,0.0,0,16.0,9.0,11.0,6.0,11.0,14.0,6.0,8.0,2.0,3.0,0.0,0.0
7596,16,1,0,1.0,0.0,0,14.0,12.0,9.0,6.0,8.0,14.0,7.0,7.0,2.0,3.0,0.0,0.0
7597,44,31,1,0.0,0.0,1,8.0,12.0,5.0,7.0,9.0,7.0,1.0,6.0,2.0,0.0,0.0,0.0
7598,32,26,2,0.0,0.0,1,7.0,11.0,4.0,6.0,16.0,19.0,5.0,2.0,2.0,3.0,0.0,0.0
7599,13,0,2,1.0,1.0,1,7.0,8.0,4.0,5.0,13.0,15.0,1.0,2.0,1.0,1.0,0.0,0.0
7600,31,2,0,2.0,0.0,0,8.0,10.0,4.0,8.0,8.0,14.0,6.0,5.0,1.0,2.0,0.0,0.0
7601,30,29,2,0.0,1.0,2,6.0,13.0,2.0,7.0,13.0,9.0,10.0,4.0,1.0,0.0,0.0,0.0
7602,28,38,0,2.0,0.0,0,15.0,6.0,8.0,1.0,12.0,9.0,9.0,8.0,0.0,0.0,0.0,0.0
7603,1,3,0,0.0,0.0,1,11.0,9.0,3.0,4.0,9.0,9.0,6.0,7.0,1.0,0.0,0.0,0.0
7604,26,14,2,0.0,0.0,1,14.0,8.0,7.0,7.0,14.0,16.0,3.0,2.0,2.0,2.0,0.0,0.0
7605,34,32,1,0.0,1.0,2,14.0,6.0,6.0,5.0,13.0,6.0,7.0,5.0,3.0,0.0,0.0,1.0
7606,42,18,0,2.0,1.0,0,14.0,6.0,12.0,3.0,8.0,13.0,6.0,4.0,0.0,0.0,0.0,0.0
7607,5,44,1,0.0,1.0,2,25.0,11.0,15.0,7.0,13.0,15.0,7.0,3.0,0.0,1.0,0.0,0.0
7608,19,16,0,1.0,1.0,1,12.0,7.0,6.0,3.0,11.0,18.0,4.0,2.0,1.0,3.0,0.0,0.0
7609,31,0,2,0.0,1.0,2,9.0,13.0,5.0,6.0,10.0,21.0,4.0,8.0,1.0,4.0,0.0,0.0
7610,13,18,0,0.0,0.0,1,12.0,5.0,8.0,3.0,13.0,11.0,8.0,2.0,0.0,0.0,0.0,1.0
7611,19,2,2,1.0,2.0,2,10.0,6.0,7.0,5.0,9.0,13.0,7.0,3.0,1.0,0.0,0.0,0.0
7612,42,16,1,0.0,0.0,1,17.0,11.0,14.0,7.0,10.0,15.0,5.0,6.0,1.0,0.0,0.0,0.0
7613,34,14,2,0.0,0.0,1,4.0,12.0,2.0,9.0,12.0,15.0,5.0,4.0,1.0,3.0,0.0,0.0
7614,5,3,2,0.0,1.0,2,13.0,7.0,5.0,5.0,13.0,10.0,5.0,1.0,2.0,2.0,0.0,0.0
7615,28,44,1,1.0,0.0,0,11.0,0.0,4.0,0.0,7.0,10.0,11.0,0.0,0.0,0.0,0.0,1.0
7616,26,38,0,1.0,0.0,0,19.0,3.0,11.0,2.0,6.0,12.0,7.0,3.0,0.0,3.0,0.0,0.0
7617,1,29,2,0.0,1.0,2,8.0,15.0,6.0,7.0,14.0,10.0,6.0,9.0,0.0,3.0,0.0,0.0
7618,30,32,0,0.0,0.0,1,17.0,10.0,11.0,2.0,13.0,10.0,8.0,4.0,1.0,1.0,0.0,0.0
7619,38,13,1,0.0,0.0,1,12.0,15.0,4.0,5.0,7.0,12.0,5.0,11.0,1.0,0.0,0.0,0.0
7620,14,1,0,1.0,0.0,0,14.0,9.0,7.0,7.0,12.0,13.0,6.0,3.0,3.0,3.0,0.0,0.0
7621,29,5,0,1.0,0.0,0,14.0,8.0,7.0,1.0,12.0,14.0,9.0,0.0,0.0,0.0,0.0,0.0
7622,16,34,2,0.0,0.0,1,18.0,11.0,10.0,6.0,10.0,14.0,9.0,7.0,0.0,2.0,0.0,0.0
7623,3,31,1,1.0,2.0,2,21.0,5.0,11.0,3.0,18.0,19.0,7.0,5.0,1.0,2.0,0.0,0.0
7624,44,26,2,0.0,1.0,2,2.0,16.0,1.0,8.0,12.0,13.0,4.0,11.0,0.0,0.0,1.0,0.0
7625,0,19,0,1.0,0.0,0,11.0,2.0,8.0,1.0,12.0,9.0,7.0,6.0,1.0,2.0,0.0,0.0
7626,2,30,0,2.0,0.0,0,11.0,9.0,10.0,6.0,17.0,9.0,5.0,3.0,1.0,0.0,0.0,0.0
7627,18,28,0,1.0,1.0,1,9.0,10.0,6.0,6.0,14.0,21.0,4.0,4.0,1.0,2.0,0.0,1.0
7628,32,42,2,0.0,0.0,1,13.0,16.0,8.0,9.0,11.0,9.0,10.0,8.0,1.0,0.0,0.0,0.0
7629,13,19,0,1.0,0.0,0,8.0,6.0,5.0,4.0,14.0,16.0,5.0,3.0,1.0,2.0,0.0,0.0
7630,26,31,0,2.0,1.0,0,15.0,7.0,5.0,3.0,12.0,19.0,5.0,5.0,0.0,3.0,0.0,1.0
7631,34,0,2,0.0,0.0,1,11.0,13.0,5.0,5.0,13.0,9.0,5.0,7.0,0.0,1.0,0.0,0.0
7632,42,38,0,3.0,0.0,0,18.0,7.0,12.0,4.0,9.0,13.0,6.0,3.0,0.0,2.0,0.0,0.0
7633,29,16,0,2.0,1.0,0,19.0,4.0,14.0,3.0,12.0,8.0,15.0,3.0,0.0,1.0,0.0,0.0
7634,2,44,0,3.0,0.0,0,7.0,11.0,5.0,9.0,14.0,20.0,2.0,2.0,0.0,4.0,0.0,0.0
7635,14,32,0,3.0,0.0,0,12.0,1.0,8.0,0.0,12.0,11.0,7.0,3.0,0.0,0.0,0.0,0.0
7636,30,1,0,1.0,0.0,0,9.0,14.0,8.0,6.0,6.0,18.0,5.0,6.0,0.0,1.0,0.0,0.0
7637,5,28,2,0.0,0.0,1,14.0,6.0,6.0,2.0,17.0,12.0,8.0,1.0,0.0,0.0,0.0,0.0
7638,3,18,1,0.0,0.0,1,13.0,5.0,9.0,2.0,25.0,21.0,7.0,3.0,1.0,2.0,0.0,0.0
7639,26,34,1,0.0,0.0,1,12.0,7.0,7.0,4.0,6.0,9.0,6.0,4.0,0.0,0.0,0.0,0.0
7640,19,29,1,0.0,1.0,2,7.0,14.0,3.0,6.0,15.0,11.0,6.0,7.0,2.0,1.0,0.0,0.0
7641,0,14,1,2.0,1.0,0,10.0,10.0,5.0,5.0,11.0,17.0,4.0,6.0,1.0,3.0,0.0,0.0
7642,1,2,2,0.0,2.0,2,9.0,9.0,3.0,5.0,9.0,28.0,6.0,0.0,2.0,4.0,0.0,0.0
7643,44,13,2,0.0,1.0,2,7.0,8.0,4.0,2.0,16.0,13.0,6.0,6.0,0.0,0.0,0.0,0.0
7644,32,5,0,1.0,2.0,2,9.0,4.0,4.0,3.0,10.0,26.0,4.0,4.0,1.0,3.0,0.0,0.0
7645,31,34,1,1.0,1.0,1,15.0,6.0,2.0,3.0,12.0,15.0,6.0,2.0,1.0,2.0,0.0,0.0
7646,38,30,1,1.0,0.0,0,16.0,15.0,5.0,7.0,11.0,12.0,4.0,6.0,1.0,1.0,0.0,0.0
7647,16,3,1,0.0,0.0,1,8.0,16.0,1.0,8.0,19.0,20.0,2.0,1.0,3.0,3.0,0.0,1.0
7648,28,42,2,0.0,0.0,1,8.0,5.0,3.0,2.0,8.0,9.0,6.0,2.0,1.0,2.0,0.0,0.0
7649,18,26,0,0.0,0.0,1,6.0,16.0,2.0,5.0,12.0,14.0,2.0,7.0,2.0,3.0,0.0,0.0
7650,30,28,0,1.0,1.0,1,11.0,9.0,7.0,6.0,14.0,18.0,6.0,4.0,0.0,3.0,0.0,0.0
7651,16,13,2,0.0,0.0,1,5.0,11.0,3.0,7.0,16.0,14.0,5.0,3.0,2.0,3.0,0.0,0.0
7652,1,26,1,1.0,1.0,1,3.0,12.0,2.0,7.0,10.0,10.0,3.0,9.0,1.0,0.0,0.0,0.0
7653,29,38,0,0.0,0.0,1,34.0,4.0,14.0,0.0,5.0,10.0,16.0,2.0,0.0,1.0,0.0,0.0
7654,32,19,2,0.0,1.0,2,10.0,15.0,4.0,9.0,22.0,22.0,5.0,4.0,1.0,3.0,0.0,0.0
7655,34,44,0,1.0,2.0,2,14.0,10.0,10.0,4.0,14.0,14.0,8.0,3.0,0.0,2.0,0.0,0.0
7656,3,42,2,0.0,0.0,1,12.0,10.0,7.0,8.0,11.0,11.0,7.0,5.0,3.0,1.0,0.0,0.0
7657,0,2,0,1.0,0.0,0,7.0,2.0,4.0,1.0,7.0,15.0,4.0,2.0,0.0,1.0,0.0,0.0
7658,18,5,0,1.0,1.0,1,12.0,10.0,3.0,6.0,14.0,18.0,4.0,4.0,0.0,3.0,0.0,0.0
7659,14,31,0,0.0,0.0,1,14.0,9.0,9.0,5.0,12.0,15.0,3.0,2.0,1.0,2.0,0.0,0.0
7660,26,0,0,1.0,0.0,0,11.0,3.0,7.0,2.0,6.0,16.0,6.0,0.0,0.0,2.0,0.0,0.0
7661,42,30,0,0.0,0.0,1,14.0,8.0,9.0,3.0,11.0,13.0,5.0,7.0,1.0,2.0,0.0,1.0
7662,31,18,1,1.0,0.0,0,19.0,7.0,9.0,3.0,14.0,19.0,8.0,4.0,1.0,3.0,0.0,0.0
7663,5,34,2,0.0,1.0,2,19.0,8.0,10.0,4.0,13.0,14.0,7.0,6.0,0.0,1.0,0.0,0.0
7664,19,3,2,0.0,1.0,2,12.0,17.0,6.0,4.0,9.0,13.0,6.0,6.0,2.0,1.0,1.0,0.0
7665,28,1,0,2.0,0.0,0,11.0,7.0,6.0,3.0,14.0,19.0,8.0,8.0,1.0,1.0,0.0,1.0
7666,2,32,1,1.0,0.0,0,16.0,7.0,10.0,3.0,14.0,12.0,6.0,1.0,2.0,1.0,0.0,0.0
7667,44,29,2,0.0,0.0,1,3.0,18.0,2.0,9.0,13.0,11.0,1.0,8.0,0.0,0.0,0.0,0.0
7668,13,14,2,0.0,1.0,2,8.0,16.0,4.0,12.0,13.0,11.0,7.0,10.0,0.0,1.0,0.0,0.0
7669,38,16,1,0.0,0.0,1,15.0,11.0,8.0,8.0,7.0,11.0,4.0,8.0,0.0,3.0,0.0,0.0
7670,1,42,0,0.0,0.0,1,9.0,11.0,5.0,6.0,17.0,11.0,5.0,5.0,0.0,0.0,0.0,0.0
7671,3,2,1,1.0,3.0,2,15.0,8.0,10.0,5.0,12.0,9.0,6.0,9.0,1.0,1.0,0.0,0.0
7672,18,19,0,0.0,0.0,1,13.0,6.0,7.0,4.0,11.0,24.0,12.0,7.0,0.0,1.0,0.0,0.0
7673,32,38,0,1.0,1.0,1,9.0,14.0,8.0,7.0,19.0,14.0,4.0,6.0,1.0,1.0,0.0,0.0
7674,0,44,1,0.0,0.0,1,11.0,4.0,4.0,2.0,9.0,12.0,12.0,3.0,0.0,1.0,0.0,0.0
7675,16,31,2,0.0,0.0,1,7.0,17.0,5.0,9.0,13.0,10.0,3.0,5.0,1.0,3.0,0.0,0.0
7676,34,28,2,1.0,1.0,1,9.0,18.0,7.0,13.0,8.0,14.0,8.0,11.0,3.0,0.0,0.0,0.0
7677,29,13,0,1.0,0.0,0,20.0,5.0,11.0,2.0,8.0,13.0,6.0,3.0,0.0,0.0,0.0,0.0
7678,30,26,0,1.0,0.0,0,14.0,17.0,6.0,10.0,14.0,10.0,3.0,5.0,3.0,2.0,0.0,0.0
7679,14,5,1,1.0,0.0,0,17.0,10.0,11.0,5.0,18.0,11.0,9.0,2.0,1.0,0.0,0.0,0.0
7680,44,30,2,1.0,1.0,1,16.0,11.0,6.0,7.0,14.0,14.0,7.0,10.0,0.0,0.0,0.0,0.0
7681,31,29,2,0.0,1.0,2,13.0,12.0,7.0,7.0,11.0,16.0,2.0,7.0,2.0,0.0,0.0,0.0
7682,5,1,2,1.0,1.0,1,15.0,10.0,7.0,5.0,10.0,17.0,9.0,5.0,1.0,1.0,0.0,0.0
7683,38,34,0,1.0,1.0,1,11.0,13.0,5.0,6.0,14.0,15.0,4.0,8.0,1.0,3.0,0.0,0.0
7684,28,3,1,1.0,0.0,0,8.0,11.0,7.0,2.0,19.0,13.0,3.0,5.0,1.0,3.0,1.0,0.0
7685,26,16,0,2.0,1.0,0,18.0,4.0,5.0,4.0,13.0,17.0,7.0,1.0,1.0,3.0,0.0,0.0
7686,42,0,2,1.0,1.0,1,10.0,10.0,7.0,6.0,20.0,9.0,3.0,4.0,3.0,0.0,0.0,0.0
7687,19,14,2,0.0,1.0,2,7.0,16.0,2.0,11.0,13.0,13.0,1.0,5.0,0.0,2.0,0.0,0.0
7688,2,18,2,0.0,0.0,1,15.0,9.0,4.0,8.0,13.0,12.0,5.0,3.0,0.0,1.0,1.0,0.0
7689,13,32,0,2.0,0.0,0,16.0,8.0,11.0,4.0,14.0,11.0,1.0,5.0,0.0,3.0,0.0,0.0
7690,30,5,1,0.0,0.0,1,14.0,7.0,5.0,4.0,13.0,12.0,3.0,3.0,1.0,3.0,0.0,1.0
7691,31,19,2,0.0,1.0,2,26.0,11.0,20.0,7.0,12.0,16.0,19.0,0.0,1.0,1.0,0.0,0.0
7692,29,28,1,0.0,0.0,1,15.0,3.0,10.0,1.0,10.0,10.0,16.0,1.0,2.0,2.0,1.0,0.0
7693,26,2,2,0.0,0.0,1,17.0,6.0,8.0,1.0,19.0,17.0,4.0,5.0,3.0,1.0,0.0,0.0
7694,1,34,0,3.0,0.0,0,10.0,7.0,9.0,2.0,8.0,13.0,6.0,4.0,1.0,1.0,0.0,0.0
7695,32,3,1,0.0,0.0,1,12.0,15.0,5.0,9.0,18.0,12.0,7.0,4.0,1.0,0.0,0.0,1.0
7696,38,44,1,1.0,2.0,2,11.0,10.0,6.0,5.0,13.0,14.0,5.0,1.0,2.0,0.0,0.0,0.0
7697,42,13,2,0.0,2.0,2,19.0,3.0,11.0,3.0,6.0,13.0,5.0,1.0,0.0,2.0,0.0,1.0
7698,14,18,0,0.0,0.0,1,12.0,3.0,3.0,1.0,10.0,15.0,16.0,3.0,1.0,3.0,0.0,0.0
7699,16,0,1,0.0,0.0,1,3.0,19.0,1.0,13.0,10.0,8.0,1.0,8.0,0.0,1.0,0.0,0.0
7700,28,32,1,1.0,0.0,0,19.0,10.0,11.0,5.0,10.0,13.0,9.0,4.0,1.0,0.0,0.0,0.0
7701,5,31,0,0.0,0.0,1,17.0,5.0,11.0,4.0,14.0,11.0,4.0,5.0,1.0,1.0,0.0,0.0
7702,34,29,0,0.0,0.0,1,11.0,20.0,7.0,9.0,19.0,9.0,3.0,9.0,0.0,2.0,0.0,0.0
7703,18,1,1,1.0,1.0,1,20.0,9.0,8.0,5.0,10.0,19.0,8.0,3.0,1.0,1.0,0.0,0.0
7704,3,26,1,2.0,1.0,0,8.0,13.0,7.0,9.0,14.0,11.0,6.0,6.0,2.0,1.0,0.0,0.0
7705,2,16,2,0.0,1.0,2,16.0,4.0,11.0,1.0,8.0,14.0,11.0,3.0,1.0,1.0,0.0,0.0
7706,13,30,2,0.0,1.0,2,8.0,11.0,7.0,7.0,14.0,8.0,3.0,4.0,3.0,0.0,0.0,0.0
7707,19,42,0,1.0,0.0,0,8.0,5.0,4.0,1.0,11.0,9.0,5.0,4.0,0.0,1.0,0.0,0.0
7708,0,38,1,0.0,0.0,1,14.0,7.0,9.0,4.0,8.0,21.0,7.0,7.0,1.0,4.0,0.0,0.0
7709,44,14,2,0.0,1.0,2,12.0,19.0,9.0,9.0,12.0,8.0,2.0,6.0,1.0,0.0,0.0,0.0
7710,30,34,1,0.0,1.0,2,26.0,3.0,11.0,1.0,5.0,5.0,9.0,0.0,0.0,2.0,0.0,0.0
7711,29,0,0,0.0,0.0,1,11.0,12.0,5.0,6.0,20.0,23.0,3.0,3.0,2.0,3.0,0.0,0.0
7712,38,2,1,0.0,0.0,1,6.0,8.0,1.0,2.0,11.0,11.0,4.0,4.0,0.0,1.0,0.0,0.0
7713,31,28,0,0.0,0.0,1,16.0,11.0,11.0,6.0,13.0,14.0,7.0,5.0,2.0,3.0,0.0,0.0
7714,26,13,0,0.0,0.0,1,17.0,3.0,7.0,1.0,9.0,11.0,12.0,0.0,0.0,1.0,0.0,0.0
7715,16,44,0,2.0,0.0,0,11.0,11.0,4.0,6.0,11.0,15.0,7.0,10.0,1.0,3.0,0.0,0.0
7716,32,18,2,0.0,2.0,2,22.0,13.0,10.0,9.0,8.0,11.0,11.0,4.0,0.0,2.0,0.0,0.0
7717,42,5,2,1.0,1.0,1,8.0,6.0,5.0,4.0,14.0,17.0,2.0,3.0,0.0,0.0,0.0,0.0
7718,14,3,0,2.0,0.0,0,17.0,7.0,13.0,4.0,11.0,11.0,12.0,3.0,1.0,2.0,0.0,0.0
7719,1,19,0,1.0,0.0,0,11.0,7.0,5.0,1.0,21.0,14.0,8.0,4.0,0.0,1.0,0.0,0.0
7720,34,42,0,0.0,0.0,1,11.0,16.0,6.0,7.0,12.0,11.0,3.0,5.0,0.0,0.0,0.0,0.0
7721,13,31,1,0.0,1.0,2,11.0,15.0,6.0,8.0,15.0,7.0,8.0,9.0,1.0,1.0,0.0,0.0
7722,3,30,2,0.0,0.0,1,12.0,16.0,5.0,10.0,12.0,14.0,2.0,10.0,2.0,1.0,1.0,0.0
7723,0,1,0,2.0,1.0,0,18.0,5.0,15.0,2.0,11.0,22.0,6.0,3.0,2.0,4.0,0.0,0.0
7724,44,32,1,0.0,0.0,1,9.0,12.0,2.0,5.0,13.0,21.0,2.0,3.0,2.0,2.0,0.0,0.0
7725,28,14,0,1.0,0.0,0,4.0,9.0,1.0,3.0,6.0,7.0,0.0,12.0,1.0,2.0,0.0,0.0
7726,18,38,0,0.0,0.0,1,14.0,8.0,5.0,4.0,5.0,14.0,5.0,6.0,0.0,0.0,0.0,0.0
7727,2,29,1,0.0,0.0,1,14.0,12.0,6.0,7.0,16.0,11.0,3.0,3.0,1.0,0.0,0.0,0.0
7728,19,26,2,2.0,0.0,0,5.0,10.0,3.0,3.0,12.0,14.0,3.0,6.0,1.0,3.0,0.0,1.0
7729,5,16,0,1.0,0.0,0,21.0,7.0,7.0,2.0,19.0,14.0,7.0,3.0,1.0,1.0,0.0,0.0
7730,16,19,0,0.0,0.0,1,20.0,8.0,10.0,5.0,10.0,10.0,10.0,3.0,1.0,1.0,0.0,1.0
7731,14,26,0,0.0,0.0,1,13.0,5.0,5.0,3.0,14.0,20.0,11.0,2.0,0.0,1.0,0.0,0.0
7732,2,31,1,1.0,1.0,1,10.0,6.0,6.0,3.0,17.0,14.0,6.0,5.0,3.0,2.0,0.0,0.0
7733,29,30,1,0.0,1.0,2,22.0,13.0,10.0,9.0,8.0,13.0,10.0,2.0,1.0,3.0,0.0,0.0
7734,0,13,0,1.0,0.0,0,15.0,4.0,9.0,0.0,13.0,15.0,6.0,1.0,3.0,1.0,0.0,0.0
7735,38,28,1,0.0,0.0,1,16.0,21.0,11.0,11.0,13.0,11.0,6.0,14.0,0.0,0.0,0.0,0.0
7736,32,34,1,0.0,1.0,2,17.0,13.0,9.0,5.0,13.0,7.0,8.0,2.0,1.0,4.0,0.0,0.0
7737,3,1,1,1.0,1.0,1,13.0,15.0,7.0,9.0,14.0,17.0,5.0,8.0,2.0,2.0,0.0,0.0
7738,44,5,0,0.0,0.0,1,13.0,16.0,7.0,7.0,18.0,15.0,6.0,5.0,0.0,0.0,0.0,0.0
7739,18,42,2,0.0,0.0,1,10.0,8.0,4.0,2.0,9.0,13.0,11.0,2.0,1.0,2.0,0.0,0.0
7740,13,3,0,0.0,0.0,1,6.0,12.0,3.0,7.0,18.0,14.0,6.0,10.0,1.0,1.0,0.0,0.0
7741,34,18,2,0.0,0.0,1,11.0,9.0,6.0,2.0,12.0,16.0,3.0,6.0,1.0,1.0,0.0,0.0
7742,1,16,1,1.0,1.0,1,10.0,13.0,5.0,8.0,10.0,15.0,5.0,8.0,2.0,1.0,0.0,0.0
7743,26,32,0,2.0,0.0,0,20.0,2.0,12.0,1.0,10.0,12.0,4.0,2.0,1.0,0.0,0.0,0.0
7744,28,0,2,0.0,1.0,2,11.0,12.0,7.0,9.0,16.0,8.0,8.0,1.0,1.0,0.0,0.0,0.0
7745,19,38,0,1.0,0.0,0,11.0,15.0,6.0,5.0,11.0,19.0,5.0,4.0,0.0,1.0,0.0,0.0
7746,5,2,1,1.0,0.0,0,16.0,6.0,12.0,2.0,7.0,18.0,7.0,2.0,2.0,1.0,0.0,0.0
7747,31,44,0,0.0,0.0,1,31.0,7.0,10.0,3.0,15.0,15.0,8.0,3.0,3.0,2.0,0.0,1.0
7748,42,29,2,0.0,1.0,2,11.0,6.0,5.0,4.0,9.0,10.0,3.0,3.0,1.0,0.0,0.0,0.0
7749,30,14,2,0.0,0.0,1,8.0,17.0,4.0,12.0,10.0,15.0,3.0,7.0,0.0,1.0,0.0,0.0
7750,29,26,0,1.0,0.0,0,14.0,6.0,9.0,3.0,22.0,15.0,7.0,2.0,1.0,2.0,0.0,0.0
7751,14,42,1,0.0,0.0,1,20.0,6.0,8.0,3.0,16.0,13.0,9.0,6.0,1.0,2.0,0.0,0.0
7752,18,30,0,0.0,0.0,1,11.0,16.0,9.0,11.0,13.0,12.0,6.0,3.0,1.0,4.0,0.0,0.0
7753,38,31,2,0.0,1.0,2,11.0,9.0,6.0,3.0,15.0,11.0,7.0,6.0,0.0,3.0,0.0,0.0
7754,16,28,2,0.0,0.0,1,3.0,14.0,1.0,10.0,14.0,15.0,2.0,7.0,2.0,2.0,0.0,0.0
7755,3,34,0,0.0,0.0,1,13.0,6.0,3.0,2.0,13.0,15.0,13.0,4.0,0.0,3.0,0.0,0.0
7756,44,19,1,0.0,0.0,1,8.0,9.0,5.0,3.0,11.0,6.0,11.0,9.0,2.0,5.0,1.0,2.0
7757,32,1,1,0.0,0.0,1,14.0,18.0,3.0,9.0,10.0,13.0,1.0,6.0,1.0,1.0,0.0,0.0
7758,2,13,1,0.0,0.0,1,7.0,2.0,5.0,1.0,12.0,16.0,12.0,3.0,3.0,2.0,1.0,0.0
7759,0,5,1,1.0,0.0,0,11.0,8.0,6.0,5.0,13.0,17.0,3.0,8.0,1.0,3.0,0.0,0.0
7760,13,38,1,0.0,0.0,1,8.0,12.0,4.0,7.0,12.0,13.0,9.0,10.0,0.0,1.0,0.0,0.0
7761,42,32,1,0.0,0.0,1,15.0,7.0,7.0,2.0,17.0,9.0,13.0,5.0,2.0,1.0,0.0,0.0
7762,1,14,1,0.0,0.0,1,11.0,18.0,5.0,10.0,9.0,12.0,2.0,9.0,0.0,1.0,0.0,0.0
7763,26,44,0,2.0,0.0,0,16.0,9.0,9.0,5.0,9.0,11.0,8.0,6.0,0.0,0.0,0.0,0.0
7764,34,16,0,1.0,1.0,1,16.0,6.0,7.0,3.0,14.0,21.0,8.0,7.0,0.0,2.0,0.0,0.0
7765,30,2,0,1.0,1.0,1,14.0,5.0,6.0,3.0,16.0,19.0,6.0,3.0,2.0,3.0,0.0,0.0
7766,5,29,1,0.0,1.0,2,12.0,12.0,7.0,7.0,22.0,15.0,4.0,7.0,2.0,1.0,0.0,0.0
7767,28,18,2,0.0,0.0,1,13.0,6.0,4.0,5.0,14.0,9.0,9.0,6.0,1.0,3.0,0.0,1.0
7768,19,0,2,0.0,0.0,1,9.0,12.0,7.0,7.0,16.0,10.0,9.0,4.0,2.0,2.0,0.0,0.0
7769,31,3,0,2.0,0.0,0,7.0,5.0,4.0,1.0,10.0,19.0,8.0,5.0,2.0,1.0,0.0,0.0
7770,34,19,0,3.0,2.0,0,21.0,18.0,13.0,10.0,12.0,12.0,6.0,8.0,0.0,2.0,0.0,0.0
7771,29,18,1,0.0,0.0,1,14.0,7.0,6.0,2.0,8.0,13.0,8.0,2.0,0.0,2.0,0.0,0.0
7772,5,26,0,1.0,0.0,0,10.0,7.0,8.0,2.0,15.0,14.0,5.0,2.0,2.0,0.0,0.0,0.0
7773,28,13,0,2.0,0.0,0,16.0,6.0,10.0,3.0,11.0,8.0,6.0,4.0,0.0,1.0,0.0,0.0
7774,42,2,0,1.0,0.0,0,6.0,10.0,3.0,2.0,15.0,5.0,2.0,8.0,4.0,1.0,0.0,0.0
7775,30,16,0,0.0,0.0,1,24.0,6.0,15.0,2.0,16.0,16.0,4.0,2.0,1.0,2.0,0.0,0.0
7776,1,31,0,1.0,2.0,2,16.0,12.0,13.0,10.0,23.0,11.0,9.0,4.0,3.0,1.0,0.0,0.0
7777,14,38,0,2.0,1.0,0,16.0,6.0,7.0,2.0,11.0,12.0,9.0,0.0,0.0,4.0,0.0,0.0
7778,3,29,1,1.0,0.0,0,8.0,24.0,4.0,15.0,25.0,17.0,4.0,14.0,3.0,1.0,1.0,0.0
7779,18,44,0,1.0,1.0,1,16.0,12.0,10.0,8.0,11.0,16.0,7.0,6.0,0.0,1.0,0.0,0.0
7780,32,0,2,0.0,3.0,2,5.0,18.0,5.0,15.0,15.0,5.0,4.0,10.0,1.0,1.0,0.0,0.0
7781,38,5,2,0.0,2.0,2,10.0,9.0,6.0,5.0,9.0,8.0,9.0,6.0,1.0,1.0,0.0,0.0
7782,19,30,2,0.0,0.0,1,6.0,10.0,2.0,5.0,10.0,8.0,1.0,6.0,0.0,1.0,0.0,0.0
7783,0,3,0,0.0,0.0,1,15.0,3.0,9.0,0.0,11.0,18.0,6.0,5.0,2.0,4.0,0.0,0.0
7784,31,32,1,1.0,0.0,0,23.0,13.0,15.0,5.0,17.0,10.0,12.0,6.0,0.0,1.0,0.0,0.0
7785,13,1,0,2.0,0.0,0,7.0,9.0,5.0,4.0,6.0,7.0,4.0,12.0,0.0,1.0,0.0,0.0
7786,44,42,1,1.0,1.0,1,4.0,12.0,2.0,6.0,13.0,10.0,4.0,5.0,0.0,0.0,0.0,0.0
7787,2,28,0,1.0,0.0,0,6.0,4.0,2.0,1.0,20.0,13.0,2.0,5.0,1.0,1.0,0.0,0.0
7788,16,14,2,0.0,1.0,2,7.0,16.0,4.0,10.0,9.0,12.0,1.0,6.0,1.0,1.0,0.0,0.0
7789,0,30,0,1.0,1.0,1,16.0,9.0,11.0,5.0,8.0,14.0,7.0,5.0,1.0,1.0,0.0,0.0
7790,44,1,1,1.0,1.0,1,14.0,9.0,5.0,4.0,12.0,20.0,12.0,4.0,2.0,2.0,0.0,0.0
7791,26,28,0,0.0,1.0,2,15.0,7.0,10.0,4.0,9.0,17.0,8.0,3.0,1.0,3.0,0.0,1.0
7792,31,42,2,0.0,0.0,1,13.0,15.0,6.0,8.0,10.0,12.0,13.0,3.0,1.0,2.0,0.0,0.0
7793,16,18,2,1.0,1.0,1,15.0,14.0,9.0,7.0,6.0,18.0,6.0,6.0,1.0,1.0,0.0,1.0
7794,19,5,0,1.0,0.0,0,23.0,10.0,12.0,4.0,11.0,13.0,8.0,4.0,0.0,0.0,0.0,0.0
7795,29,32,0,1.0,0.0,0,17.0,7.0,7.0,2.0,8.0,23.0,11.0,5.0,0.0,1.0,0.0,0.0
7796,38,3,0,1.0,0.0,0,13.0,10.0,7.0,6.0,12.0,18.0,3.0,6.0,0.0,3.0,0.0,0.0
7797,13,34,0,1.0,0.0,0,18.0,10.0,14.0,6.0,9.0,11.0,5.0,6.0,0.0,1.0,0.0,0.0
7798,2,14,2,0.0,0.0,1,9.0,7.0,3.0,3.0,10.0,16.0,8.0,2.0,0.0,0.0,0.0,0.0
7799,14,29,0,1.0,0.0,0,8.0,11.0,5.0,3.0,17.0,8.0,2.0,3.0,0.0,0.0,0.0,0.0
7800,18,0,2,0.0,2.0,2,9.0,18.0,5.0,14.0,14.0,19.0,0.0,7.0,2.0,1.0,0.0,0.0
7801,32,16,1,1.0,0.0,0,14.0,14.0,10.0,8.0,14.0,16.0,6.0,11.0,0.0,1.0,0.0,0.0
7802,30,31,1,0.0,1.0,2,15.0,11.0,8.0,4.0,16.0,13.0,6.0,7.0,3.0,1.0,0.0,0.0
7803,5,13,0,2.0,0.0,0,21.0,9.0,11.0,5.0,10.0,12.0,9.0,5.0,1.0,1.0,0.0,0.0
7804,1,38,0,2.0,0.0,0,14.0,6.0,5.0,2.0,14.0,9.0,12.0,6.0,0.0,0.0,0.0,0.0
7805,28,19,1,1.0,0.0,0,12.0,4.0,5.0,2.0,14.0,12.0,9.0,4.0,0.0,2.0,0.0,0.0
7806,3,44,1,0.0,1.0,2,12.0,4.0,4.0,2.0,15.0,17.0,4.0,5.0,1.0,0.0,0.0,0.0
7807,34,2,1,1.0,1.0,1,14.0,16.0,8.0,11.0,13.0,16.0,8.0,4.0,2.0,4.0,0.0,0.0
7808,42,26,1,0.0,1.0,2,14.0,16.0,7.0,8.0,17.0,11.0,3.0,8.0,3.0,1.0,0.0,0.0
7809,0,25,0,0.0,1.0,2,17.0,2.0,10.0,1.0,15.0,13.0,7.0,5.0,0.0,1.0,0.0,0.0
7810,28,18,0,3.0,0.0,0,13.0,2.0,11.0,0.0,5.0,8.0,7.0,3.0,1.0,1.0,0.0,0.0
7811,1,29,2,0.0,2.0,2,16.0,12.0,8.0,8.0,21.0,15.0,9.0,4.0,4.0,3.0,0.0,2.0
7812,3,2,1,1.0,0.0,0,10.0,9.0,5.0,5.0,11.0,12.0,6.0,8.0,0.0,0.0,0.0,0.0
7813,47,42,2,0.0,1.0,2,18.0,14.0,10.0,12.0,6.0,11.0,5.0,3.0,1.0,1.0,1.0,0.0
7814,26,31,1,0.0,1.0,2,8.0,6.0,4.0,5.0,11.0,17.0,8.0,1.0,1.0,1.0,0.0,0.0
7815,5,19,2,0.0,1.0,2,17.0,10.0,9.0,6.0,9.0,14.0,11.0,3.0,1.0,1.0,0.0,0.0
7816,14,24,0,1.0,0.0,0,19.0,4.0,9.0,0.0,5.0,9.0,9.0,2.0,0.0,0.0,0.0,0.0
7817,13,38,0,1.0,0.0,0,10.0,12.0,5.0,4.0,13.0,10.0,7.0,10.0,0.0,1.0,0.0,0.0
7818,34,30,0,3.0,1.0,0,16.0,19.0,10.0,4.0,12.0,8.0,7.0,2.0,0.0,0.0,0.0,0.0
7819,38,31,1,2.0,2.0,1,15.0,22.0,12.0,12.0,13.0,16.0,3.0,5.0,1.0,2.0,0.0,0.0
7820,31,47,1,1.0,0.0,0,19.0,15.0,8.0,7.0,13.0,11.0,13.0,3.0,1.0,2.0,0.0,0.0
7821,19,0,2,0.0,1.0,2,12.0,7.0,5.0,5.0,13.0,19.0,6.0,7.0,1.0,3.0,0.0,0.0
7822,30,28,0,2.0,1.0,0,12.0,14.0,7.0,6.0,9.0,14.0,5.0,4.0,1.0,1.0,0.0,0.0
7823,24,13,1,2.0,1.0,0,13.0,12.0,7.0,6.0,12.0,9.0,3.0,2.0,0.0,0.0,0.0,0.0
7824,29,14,1,0.0,1.0,2,12.0,11.0,7.0,7.0,9.0,19.0,6.0,2.0,3.0,2.0,0.0,1.0
7825,18,5,2,0.0,1.0,2,16.0,10.0,9.0,3.0,14.0,9.0,7.0,3.0,2.0,0.0,0.0,0.0
7826,2,26,2,0.0,1.0,2,3.0,15.0,2.0,8.0,11.0,12.0,3.0,5.0,2.0,0.0,1.0,0.0
7827,38,1,1,1.0,1.0,1,18.0,14.0,10.0,7.0,10.0,13.0,4.0,4.0,1.0,0.0,0.0,0.0
7828,25,34,0,2.0,0.0,0,13.0,14.0,9.0,7.0,11.0,15.0,8.0,3.0,0.0,2.0,0.0,0.0
7829,42,3,0,1.0,0.0,0,16.0,14.0,13.0,2.0,9.0,17.0,7.0,7.0,0.0,2.0,0.0,0.0
7830,34,0,1,1.0,0.0,0,11.0,20.0,6.0,9.0,13.0,10.0,5.0,12.0,0.0,2.0,0.0,0.0
7831,1,42,0,1.0,0.0,0,11.0,10.0,6.0,5.0,15.0,20.0,5.0,5.0,2.0,1.0,0.0,0.0
7832,26,30,0,0.0,0.0,1,15.0,12.0,8.0,6.0,12.0,14.0,7.0,3.0,1.0,1.0,0.0,0.0
7833,5,24,0,0.0,1.0,2,21.0,6.0,14.0,4.0,14.0,20.0,9.0,3.0,3.0,2.0,0.0,1.0
7834,34,19,1,0.0,0.0,1,14.0,11.0,7.0,7.0,14.0,13.0,10.0,3.0,1.0,4.0,0.0,0.0
7835,28,31,0,0.0,0.0,1,7.0,7.0,3.0,6.0,7.0,9.0,7.0,5.0,1.0,1.0,0.0,0.0
7836,0,2,1,0.0,0.0,1,7.0,3.0,1.0,3.0,13.0,16.0,2.0,3.0,0.0,2.0,0.0,0.0
7837,14,38,0,0.0,0.0,1,12.0,5.0,7.0,3.0,6.0,5.0,12.0,3.0,0.0,0.0,0.0,0.0
7838,13,25,1,0.0,1.0,2,8.0,10.0,7.0,5.0,15.0,7.0,5.0,4.0,1.0,0.0,0.0,1.0
7839,47,18,0,0.0,1.0,2,20.0,10.0,11.0,6.0,7.0,12.0,12.0,7.0,0.0,1.0,0.0,0.0
7840,3,29,0,0.0,0.0,1,12.0,9.0,8.0,5.0,11.0,10.0,5.0,4.0,2.0,1.0,0.0,0.0
7841,24,34,2,0.0,1.0,2,14.0,7.0,6.0,5.0,9.0,21.0,9.0,2.0,2.0,2.0,0.0,0.0
7842,31,14,0,1.0,1.0,1,21.0,17.0,12.0,6.0,12.0,12.0,7.0,5.0,1.0,2.0,0.0,0.0
7843,2,47,1,2.0,1.0,0,14.0,11.0,9.0,7.0,11.0,13.0,9.0,2.0,1.0,0.0,0.0,0.0
7844,42,0,1,0.0,2.0,2,13.0,9.0,7.0,7.0,14.0,15.0,7.0,4.0,1.0,1.0,0.0,0.0
7845,19,13,0,1.0,0.0,0,8.0,8.0,6.0,3.0,15.0,13.0,4.0,7.0,1.0,1.0,0.0,0.0
7846,38,5,2,1.0,0.0,0,9.0,11.0,3.0,8.0,13.0,16.0,2.0,2.0,4.0,3.0,0.0,0.0
7847,29,26,2,0.0,0.0,1,11.0,9.0,4.0,4.0,19.0,15.0,3.0,4.0,2.0,1.0,0.0,0.0
7848,25,28,1,0.0,1.0,2,12.0,11.0,5.0,5.0,13.0,14.0,4.0,2.0,1.0,1.0,0.0,0.0
7849,18,3,2,0.0,0.0,1,16.0,10.0,9.0,7.0,8.0,22.0,8.0,5.0,0.0,4.0,0.0,0.0
7850,30,1,2,1.0,1.0,1,31.0,12.0,21.0,9.0,12.0,15.0,12.0,8.0,0.0,1.0,0.0,1.0
7851,29,13,0,1.0,0.0,0,10.0,5.0,6.0,0.0,10.0,8.0,8.0,3.0,0.0,1.0,0.0,0.0
7852,1,31,1,0.0,0.0,1,10.0,5.0,1.0,4.0,17.0,13.0,7.0,3.0,1.0,4.0,0.0,1.0
7853,3,25,0,1.0,0.0,0,12.0,8.0,4.0,4.0,16.0,14.0,2.0,4.0,2.0,1.0,0.0,0.0
7854,5,42,0,1.0,0.0,0,15.0,4.0,10.0,0.0,18.0,21.0,11.0,5.0,1.0,2.0,0.0,0.0
7855,14,18,1,0.0,0.0,1,16.0,5.0,6.0,4.0,11.0,10.0,8.0,4.0,0.0,0.0,0.0,0.0
7856,13,2,1,0.0,0.0,1,12.0,7.0,5.0,4.0,14.0,9.0,9.0,3.0,1.0,0.0,0.0,0.0
7857,47,30,0,1.0,0.0,0,12.0,16.0,8.0,10.0,10.0,10.0,6.0,8.0,1.0,2.0,0.0,0.0
7858,26,19,1,0.0,0.0,1,18.0,11.0,10.0,7.0,16.0,10.0,14.0,7.0,0.0,3.0,0.0,0.0
7859,28,38,2,0.0,1.0,2,15.0,9.0,7.0,5.0,11.0,9.0,6.0,3.0,1.0,1.0,0.0,0.0
7860,34,29,0,1.0,0.0,0,9.0,19.0,4.0,12.0,14.0,8.0,3.0,13.0,2.0,1.0,0.0,0.0
7861,0,24,0,3.0,0.0,0,15.0,7.0,8.0,2.0,10.0,10.0,3.0,8.0,0.0,0.0,0.0,0.0
7862,29,25,0,0.0,0.0,1,16.0,12.0,12.0,5.0,11.0,11.0,7.0,4.0,0.0,3.0,0.0,0.0
7863,24,18,1,0.0,1.0,2,14.0,8.0,7.0,4.0,12.0,12.0,10.0,5.0,2.0,1.0,0.0,0.0
7864,19,3,2,2.0,1.0,0,10.0,11.0,7.0,7.0,12.0,14.0,6.0,1.0,0.0,0.0,0.0,0.0
7865,26,13,2,0.0,0.0,1,25.0,6.0,16.0,3.0,12.0,17.0,7.0,4.0,1.0,0.0,0.0,0.0
7866,34,2,0,1.0,0.0,0,12.0,6.0,6.0,2.0,19.0,11.0,4.0,4.0,1.0,2.0,0.0,1.0
7867,1,14,0,1.0,1.0,1,5.0,6.0,3.0,2.0,8.0,14.0,7.0,2.0,0.0,1.0,0.0,0.0
7868,30,38,0,2.0,0.0,0,25.0,16.0,18.0,8.0,11.0,14.0,6.0,3.0,0.0,0.0,0.0,0.0
7869,42,28,1,0.0,1.0,2,15.0,9.0,10.0,8.0,10.0,21.0,4.0,3.0,1.0,1.0,0.0,0.0
7870,47,5,2,1.0,1.0,1,8.0,13.0,3.0,4.0,12.0,11.0,6.0,9.0,2.0,1.0,0.0,0.0
7871,31,0,1,0.0,0.0,1,9.0,11.0,5.0,5.0,14.0,12.0,5.0,4.0,0.0,1.0,0.0,0.0
7872,5,1,1,0.0,1.0,2,16.0,7.0,7.0,3.0,10.0,12.0,6.0,4.0,1.0,3.0,0.0,0.0
7873,14,30,1,0.0,0.0,1,19.0,9.0,9.0,5.0,10.0,8.0,6.0,2.0,1.0,1.0,0.0,0.0
7874,3,24,2,0.0,1.0,2,9.0,8.0,7.0,3.0,14.0,13.0,6.0,4.0,2.0,2.0,0.0,0.0
7875,2,29,2,1.0,0.0,0,11.0,10.0,8.0,6.0,11.0,10.0,0.0,3.0,0.0,0.0,0.0,0.0
7876,28,47,1,2.0,2.0,1,14.0,15.0,8.0,9.0,9.0,12.0,5.0,6.0,0.0,1.0,0.0,0.0
7877,13,34,1,1.0,0.0,0,9.0,10.0,3.0,8.0,14.0,8.0,6.0,2.0,1.0,1.0,0.0,0.0
7878,25,19,2,0.0,0.0,1,10.0,9.0,7.0,4.0,13.0,15.0,15.0,4.0,2.0,0.0,0.0,0.0
7879,18,42,0,3.0,0.0,0,13.0,12.0,10.0,7.0,9.0,14.0,8.0,4.0,0.0,3.0,0.0,1.0
7880,0,26,0,1.0,2.0,2,12.0,12.0,7.0,5.0,16.0,9.0,2.0,8.0,3.0,1.0,0.0,0.0
7881,24,25,0,2.0,0.0,0,15.0,14.0,10.0,9.0,19.0,14.0,7.0,11.0,2.0,1.0,1.0,0.0
7882,26,3,0,3.0,0.0,0,24.0,9.0,11.0,2.0,8.0,10.0,6.0,4.0,0.0,1.0,0.0,0.0
7883,1,28,1,1.0,0.0,0,6.0,7.0,3.0,4.0,13.0,13.0,5.0,4.0,1.0,2.0,0.0,0.0
7884,47,38,2,0.0,1.0,2,8.0,13.0,3.0,10.0,12.0,8.0,3.0,6.0,2.0,1.0,0.0,0.0
7885,42,14,2,0.0,1.0,2,12.0,10.0,7.0,7.0,10.0,10.0,5.0,4.0,2.0,0.0,0.0,0.0
7886,30,5,0,1.0,0.0,0,10.0,13.0,6.0,8.0,13.0,15.0,7.0,8.0,2.0,2.0,0.0,0.0
7887,31,18,0,2.0,1.0,0,12.0,13.0,8.0,6.0,11.0,7.0,5.0,9.0,0.0,0.0,0.0,0.0
7888,19,2,1,0.0,0.0,1,6.0,6.0,5.0,1.0,24.0,22.0,4.0,2.0,4.0,2.0,0.0,0.0
7889,5,31,0,1.0,0.0,0,20.0,15.0,12.0,7.0,11.0,10.0,7.0,7.0,1.0,2.0,0.0,0.0
7890,0,29,1,0.0,0.0,1,17.0,13.0,10.0,8.0,15.0,18.0,8.0,7.0,1.0,1.0,0.0,0.0
7891,25,26,1,0.0,0.0,1,13.0,19.0,9.0,12.0,15.0,20.0,7.0,10.0,4.0,3.0,0.0,0.0
7892,38,42,0,0.0,0.0,1,18.0,15.0,11.0,9.0,8.0,16.0,10.0,6.0,0.0,2.0,0.0,0.0
7893,13,1,2,1.0,1.0,1,11.0,19.0,9.0,11.0,11.0,14.0,3.0,12.0,1.0,1.0,0.0,0.0
7894,2,24,0,1.0,1.0,1,17.0,11.0,7.0,7.0,11.0,18.0,7.0,7.0,0.0,1.0,0.0,0.0
7895,3,34,2,1.0,1.0,1,14.0,8.0,9.0,4.0,11.0,10.0,5.0,3.0,0.0,0.0,0.0,0.0
7896,28,19,1,0.0,0.0,1,12.0,5.0,4.0,2.0,12.0,10.0,3.0,1.0,1.0,0.0,0.0,0.0
7897,18,30,1,0.0,0.0,1,14.0,10.0,7.0,5.0,16.0,13.0,8.0,4.0,0.0,2.0,0.0,0.0
7898,14,47,0,1.0,1.0,1,15.0,9.0,10.0,4.0,6.0,12.0,7.0,4.0,0.0,2.0,0.0,0.0
7899,24,28,0,1.0,1.0,1,4.0,21.0,3.0,14.0,13.0,14.0,4.0,5.0,2.0,1.0,0.0,1.0
7900,34,38,0,0.0,0.0,1,16.0,13.0,8.0,8.0,16.0,12.0,6.0,4.0,0.0,2.0,0.0,0.0
7901,31,13,0,2.0,0.0,0,15.0,6.0,10.0,2.0,11.0,12.0,6.0,6.0,0.0,2.0,0.0,0.0
7902,0,5,0,2.0,1.0,0,11.0,8.0,8.0,2.0,12.0,14.0,6.0,1.0,1.0,2.0,0.0,0.0
7903,30,2,0,4.0,2.0,0,13.0,18.0,9.0,12.0,11.0,13.0,4.0,4.0,2.0,0.0,0.0,0.0
7904,29,42,0,1.0,0.0,0,11.0,8.0,6.0,3.0,14.0,10.0,4.0,2.0,1.0,1.0,0.0,0.0
7905,26,47,0,0.0,0.0,1,12.0,8.0,4.0,6.0,5.0,12.0,14.0,4.0,0.0,1.0,0.0,0.0
7906,25,18,1,0.0,0.0,1,10.0,7.0,4.0,3.0,12.0,21.0,9.0,2.0,1.0,5.0,0.0,1.0
7907,1,3,2,0.0,2.0,2,10.0,16.0,7.0,7.0,11.0,14.0,4.0,6.0,0.0,2.0,0.0,0.0
7908,14,19,0,2.0,1.0,0,13.0,5.0,8.0,1.0,12.0,13.0,9.0,1.0,1.0,2.0,0.0,0.0
7909,26,34,0,2.0,0.0,0,20.0,4.0,13.0,4.0,9.0,20.0,10.0,8.0,0.0,1.0,0.0,0.0
7910,42,31,0,0.0,0.0,1,11.0,6.0,4.0,4.0,13.0,13.0,3.0,12.0,0.0,0.0,0.0,0.0
7911,28,29,0,2.0,1.0,0,17.0,17.0,11.0,9.0,18.0,14.0,7.0,4.0,1.0,2.0,0.0,0.0
7912,47,1,2,0.0,3.0,2,9.0,15.0,1.0,7.0,10.0,14.0,8.0,13.0,1.0,2.0,0.0,0.0
7913,38,26,0,0.0,0.0,1,7.0,18.0,3.0,12.0,20.0,8.0,1.0,7.0,3.0,1.0,0.0,0.0
7914,2,25,2,0.0,0.0,1,6.0,4.0,4.0,2.0,12.0,26.0,8.0,6.0,1.0,2.0,0.0,0.0
7915,19,24,0,0.0,0.0,1,19.0,9.0,10.0,6.0,14.0,13.0,4.0,7.0,4.0,3.0,0.0,0.0
7916,3,0,2,0.0,0.0,1,10.0,14.0,5.0,5.0,12.0,11.0,8.0,3.0,1.0,1.0,0.0,0.0
7917,5,14,2,0.0,0.0,1,20.0,12.0,11.0,8.0,8.0,13.0,8.0,6.0,1.0,0.0,0.0,0.0
7918,13,30,0,1.0,0.0,0,14.0,15.0,7.0,9.0,13.0,9.0,4.0,7.0,0.0,0.0,0.0,0.0
7919,18,34,0,0.0,0.0,1,13.0,5.0,6.0,3.0,10.0,12.0,6.0,4.0,0.0,2.0,0.0,0.0
7920,30,42,0,0.0,0.0,1,10.0,10.0,6.0,2.0,10.0,15.0,3.0,5.0,1.0,1.0,0.0,0.0
7921,2,5,0,1.0,0.0,0,10.0,10.0,6.0,2.0,10.0,15.0,3.0,5.0,1.0,1.0,0.0,0.0
7922,2,30,0,1.0,0.0,0,9.0,8.0,5.0,6.0,13.0,20.0,4.0,5.0,3.0,4.0,0.0,1.0
7923,24,26,1,2.0,2.0,1,12.0,22.0,6.0,13.0,13.0,11.0,6.0,8.0,0.0,1.0,0.0,0.0
7924,34,31,1,0.0,1.0,2,18.0,5.0,8.0,2.0,9.0,9.0,8.0,6.0,2.0,2.0,0.0,0.0
7925,19,29,1,0.0,1.0,2,7.0,13.0,3.0,7.0,13.0,19.0,4.0,3.0,1.0,3.0,0.0,0.0
7926,18,1,0,0.0,0.0,1,15.0,12.0,7.0,8.0,13.0,18.0,5.0,11.0,4.0,2.0,0.0,0.0
7927,3,38,1,0.0,1.0,2,16.0,10.0,7.0,6.0,10.0,8.0,6.0,9.0,1.0,1.0,0.0,0.0
7928,0,13,0,2.0,0.0,0,21.0,6.0,11.0,3.0,8.0,10.0,12.0,3.0,0.0,0.0,0.0,0.0
7929,25,47,1,0.0,0.0,1,10.0,6.0,6.0,3.0,7.0,9.0,6.0,3.0,0.0,1.0,0.0,0.0
7930,28,14,2,0.0,0.0,1,14.0,9.0,4.0,4.0,8.0,11.0,7.0,1.0,0.0,1.0,0.0,0.0
7931,42,25,1,3.0,1.0,0,10.0,14.0,9.0,7.0,9.0,14.0,4.0,3.0,0.0,2.0,0.0,1.0
7932,1,2,1,1.0,0.0,0,11.0,13.0,8.0,9.0,15.0,14.0,7.0,5.0,0.0,1.0,0.0,0.0
7933,31,30,0,0.0,1.0,2,16.0,8.0,9.0,4.0,20.0,21.0,7.0,3.0,0.0,3.0,0.0,0.0
7934,13,3,0,2.0,0.0,0,11.0,18.0,7.0,12.0,7.0,6.0,8.0,12.0,0.0,0.0,0.0,0.0
7935,47,19,0,1.0,0.0,0,12.0,9.0,10.0,5.0,13.0,16.0,8.0,6.0,1.0,0.0,0.0,0.0
7936,14,0,2,1.0,2.0,2,10.0,9.0,4.0,7.0,16.0,18.0,11.0,5.0,4.0,2.0,1.0,0.0
7937,38,18,1,0.0,2.0,2,9.0,12.0,5.0,6.0,14.0,19.0,6.0,5.0,1.0,0.0,0.0,0.0
7938,29,24,1,0.0,0.0,1,24.0,7.0,7.0,3.0,12.0,17.0,12.0,7.0,1.0,2.0,0.0,0.0
7939,5,28,2,1.0,2.0,2,16.0,17.0,11.0,13.0,9.0,10.0,12.0,11.0,0.0,2.0,0.0,0.0
7940,26,28,0,1.0,0.0,0,12.0,6.0,7.0,3.0,7.0,8.0,6.0,3.0,0.0,0.0,0.0,0.0
7941,34,14,2,0.0,1.0,2,11.0,10.0,5.0,4.0,8.0,13.0,9.0,10.0,1.0,2.0,0.0,0.0
7942,29,30,2,1.0,2.0,2,23.0,12.0,13.0,8.0,13.0,17.0,10.0,5.0,1.0,1.0,0.0,0.0
7943,3,31,1,0.0,0.0,1,17.0,14.0,7.0,7.0,12.0,10.0,8.0,6.0,0.0,0.0,0.0,0.0
7944,2,18,0,2.0,0.0,0,15.0,5.0,11.0,3.0,10.0,14.0,8.0,11.0,1.0,0.0,0.0,0.0
7945,13,42,2,0.0,2.0,2,18.0,12.0,14.0,10.0,13.0,14.0,10.0,4.0,3.0,0.0,0.0,0.0
7946,19,1,2,1.0,2.0,2,13.0,10.0,6.0,3.0,16.0,17.0,6.0,5.0,2.0,1.0,1.0,0.0
7947,24,47,0,2.0,1.0,0,20.0,11.0,8.0,5.0,15.0,14.0,4.0,3.0,1.0,2.0,0.0,0.0
7948,25,5,1,1.0,1.0,1,15.0,9.0,15.0,9.0,16.0,13.0,8.0,7.0,1.0,2.0,0.0,0.0
7949,0,38,0,1.0,0.0,0,11.0,10.0,6.0,6.0,13.0,12.0,5.0,9.0,2.0,3.0,0.0,0.0
7950,14,13,0,1.0,0.0,0,16.0,5.0,6.0,0.0,9.0,17.0,4.0,3.0,2.0,0.0,0.0,0.0
7951,28,2,1,0.0,0.0,1,21.0,7.0,12.0,2.0,11.0,10.0,11.0,5.0,0.0,1.0,0.0,0.0
7952,47,0,2,1.0,1.0,1,12.0,10.0,5.0,7.0,18.0,18.0,6.0,4.0,2.0,1.0,0.0,0.0
7953,18,29,2,0.0,3.0,2,12.0,19.0,8.0,9.0,11.0,14.0,7.0,7.0,1.0,0.0,0.0,0.0
7954,5,26,1,1.0,0.0,0,12.0,11.0,6.0,6.0,15.0,15.0,3.0,5.0,3.0,2.0,0.0,0.0
7955,42,34,0,2.0,1.0,0,15.0,16.0,13.0,9.0,16.0,13.0,6.0,5.0,1.0,0.0,0.0,0.0
7956,31,25,0,2.0,0.0,0,15.0,7.0,9.0,3.0,17.0,11.0,9.0,1.0,1.0,2.0,0.0,0.0
7957,38,19,1,0.0,0.0,1,11.0,11.0,6.0,8.0,12.0,18.0,17.0,3.0,1.0,2.0,0.0,0.0
7958,30,3,2,0.0,1.0,2,15.0,6.0,7.0,2.0,6.0,12.0,8.0,3.0,0.0,1.0,0.0,0.0
7959,1,24,0,1.0,0.0,0,15.0,7.0,7.0,4.0,15.0,16.0,3.0,10.0,2.0,2.0,0.0,0.0
7960,0,28,0,1.0,0.0,0,11.0,9.0,9.0,8.0,13.0,13.0,5.0,4.0,2.0,2.0,0.0,1.0
7961,3,14,2,1.0,2.0,2,13.0,17.0,7.0,9.0,9.0,14.0,5.0,6.0,2.0,0.0,0.0,0.0
7962,13,5,2,1.0,1.0,1,14.0,14.0,7.0,10.0,9.0,9.0,5.0,6.0,0.0,0.0,0.0,0.0
7963,25,1,2,0.0,0.0,1,13.0,14.0,9.0,10.0,12.0,7.0,5.0,9.0,0.0,1.0,0.0,0.0
7964,29,38,0,2.0,1.0,0,12.0,17.0,7.0,11.0,9.0,11.0,1.0,10.0,0.0,2.0,0.0,0.0
7965,2,31,1,0.0,1.0,2,15.0,4.0,5.0,2.0,13.0,11.0,2.0,3.0,1.0,3.0,0.0,0.0
7966,24,30,2,0.0,0.0,1,8.0,15.0,4.0,6.0,14.0,6.0,7.0,6.0,1.0,1.0,1.0,0.0
7967,26,18,1,0.0,0.0,1,21.0,6.0,9.0,4.0,7.0,11.0,8.0,3.0,0.0,1.0,0.0,0.0
7968,34,47,1,0.0,0.0,1,17.0,8.0,10.0,4.0,9.0,6.0,6.0,6.0,0.0,1.0,0.0,0.0
7969,19,42,0,1.0,1.0,1,16.0,4.0,10.0,4.0,6.0,12.0,10.0,13.0,1.0,1.0,0.0,0.0
7970,47,26,1,0.0,1.0,2,9.0,14.0,6.0,10.0,14.0,16.0,7.0,5.0,2.0,1.0,0.0,0.0
7971,31,19,0,2.0,0.0,0,10.0,13.0,9.0,6.0,10.0,8.0,7.0,4.0,0.0,1.0,0.0,0.0
7972,1,0,2,0.0,1.0,2,12.0,13.0,5.0,9.0,17.0,21.0,3.0,2.0,4.0,1.0,0.0,0.0
7973,14,2,1,0.0,0.0,1,16.0,2.0,9.0,1.0,13.0,8.0,6.0,2.0,2.0,2.0,0.0,0.0
7974,5,34,0,0.0,0.0,1,13.0,8.0,6.0,3.0,9.0,13.0,2.0,2.0,1.0,1.0,0.0,1.0
7975,38,24,0,2.0,0.0,0,18.0,11.0,6.0,6.0,16.0,8.0,1.0,6.0,1.0,1.0,0.0,0.0
7976,30,25,1,1.0,0.0,0,13.0,14.0,7.0,8.0,15.0,12.0,6.0,6.0,2.0,5.0,0.0,0.0
7977,47,29,0,0.0,0.0,1,11.0,15.0,6.0,6.0,13.0,5.0,4.0,12.0,2.0,0.0,0.0,0.0
7978,42,26,0,1.0,0.0,0,7.0,10.0,3.0,4.0,18.0,9.0,5.0,6.0,1.0,1.0,0.0,0.0
7979,18,13,2,0.0,1.0,2,17.0,7.0,7.0,4.0,6.0,14.0,10.0,5.0,4.0,2.0,0.0,0.0
7980,28,3,1,0.0,0.0,1,10.0,6.0,7.0,3.0,7.0,13.0,4.0,2.0,2.0,1.0,0.0,0.0
7981,25,14,2,0.0,2.0,2,6.0,11.0,3.0,6.0,17.0,7.0,6.0,2.0,0.0,1.0,0.0,0.0
7982,29,31,1,0.0,0.0,1,12.0,7.0,7.0,3.0,13.0,11.0,2.0,3.0,2.0,0.0,0.0,0.0
7983,24,42,2,0.0,0.0,1,7.0,15.0,1.0,8.0,17.0,13.0,4.0,5.0,0.0,1.0,0.0,0.0
7984,2,38,0,1.0,1.0,1,11.0,9.0,6.0,6.0,14.0,23.0,7.0,10.0,0.0,1.0,0.0,1.0
7985,34,28,0,1.0,2.0,2,11.0,15.0,8.0,6.0,7.0,8.0,2.0,7.0,0.0,2.0,0.0,0.0
7986,19,18,0,1.0,0.0,0,14.0,11.0,10.0,5.0,19.0,9.0,5.0,7.0,0.0,0.0,0.0,0.0
7987,0,30,0,2.0,0.0,0,20.0,5.0,13.0,4.0,12.0,21.0,7.0,3.0,1.0,1.0,0.0,0.0
7988,13,47,0,1.0,0.0,0,10.0,7.0,4.0,4.0,6.0,12.0,6.0,5.0,1.0,3.0,0.0,0.0
7989,26,1,0,1.0,0.0,0,12.0,8.0,4.0,2.0,14.0,15.0,3.0,6.0,3.0,2.0,0.0,0.0
7990,3,5,2,3.0,2.0,0,8.0,16.0,3.0,10.0,15.0,13.0,4.0,7.0,2.0,3.0,0.0,0.0
7991,47,3,1,0.0,1.0,2,10.0,9.0,5.0,5.0,13.0,20.0,2.0,7.0,1.0,1.0,0.0,0.0
7992,38,25,1,0.0,0.0,1,14.0,9.0,14.0,8.0,12.0,15.0,4.0,5.0,2.0,1.0,0.0,0.0
7993,18,0,1,0.0,1.0,2,8.0,9.0,4.0,5.0,13.0,16.0,5.0,4.0,0.0,3.0,0.0,0.0
7994,5,29,2,0.0,2.0,2,15.0,11.0,5.0,7.0,4.0,8.0,10.0,6.0,2.0,0.0,0.0,0.0
7995,42,2,0,3.0,0.0,0,11.0,9.0,7.0,3.0,15.0,6.0,1.0,6.0,0.0,0.0,0.0,0.0
7996,14,26,2,0.0,1.0,2,9.0,4.0,2.0,1.0,15.0,9.0,8.0,3.0,0.0,2.0,0.0,1.0
7997,30,19,0,1.0,0.0,0,10.0,9.0,5.0,4.0,14.0,17.0,9.0,1.0,1.0,2.0,0.0,0.0
7998,31,24,0,1.0,0.0,0,13.0,9.0,6.0,5.0,14.0,17.0,5.0,3.0,0.0,1.0,0.0,0.0
7999,28,13,1,1.0,0.0,0,18.0,9.0,10.0,4.0,9.0,11.0,2.0,2.0,0.0,0.0,0.0,0.0
8000,1,34,0,1.0,0.0,0,18.0,11.0,13.0,4.0,17.0,14.0,9.0,6.0,0.0,0.0,0.0,0.0
8001,38,0,2,0.0,1.0,2,6.0,17.0,3.0,9.0,14.0,10.0,2.0,3.0,1.0,0.0,0.0,0.0
8002,18,2,0,0.0,0.0,1,16.0,5.0,6.0,2.0,7.0,13.0,5.0,2.0,0.0,0.0,0.0,0.0
8003,28,26,1,1.0,0.0,0,16.0,11.0,8.0,9.0,6.0,14.0,7.0,7.0,1.0,2.0,0.0,0.0
8004,14,34,0,0.0,0.0,1,15.0,7.0,8.0,3.0,8.0,14.0,7.0,1.0,0.0,0.0,0.0,0.0
8005,1,19,0,1.0,0.0,0,12.0,9.0,8.0,3.0,17.0,7.0,8.0,3.0,0.0,0.0,0.0,0.0
8006,31,3,2,0.0,0.0,1,15.0,11.0,11.0,3.0,6.0,13.0,8.0,8.0,0.0,1.0,0.0,0.0
8007,5,25,1,1.0,1.0,1,15.0,7.0,8.0,6.0,16.0,17.0,3.0,7.0,1.0,2.0,0.0,0.0
8008,42,13,2,0.0,0.0,1,18.0,10.0,9.0,8.0,8.0,13.0,11.0,11.0,1.0,0.0,0.0,0.0
8009,47,24,0,1.0,1.0,1,11.0,9.0,4.0,4.0,11.0,14.0,6.0,10.0,1.0,4.0,0.0,1.0
8010,30,29,2,0.0,1.0,2,11.0,10.0,2.0,6.0,11.0,15.0,4.0,2.0,3.0,2.0,0.0,1.0
8011,13,14,0,2.0,1.0,0,8.0,15.0,4.0,8.0,14.0,10.0,8.0,6.0,1.0,1.0,0.0,0.0
8012,2,28,0,0.0,1.0,2,5.0,9.0,3.0,5.0,18.0,14.0,9.0,3.0,2.0,1.0,0.0,0.0
8013,19,38,0,1.0,0.0,0,14.0,6.0,7.0,2.0,13.0,12.0,11.0,5.0,0.0,2.0,0.0,0.0
8014,3,30,1,1.0,1.0,1,13.0,5.0,10.0,3.0,11.0,10.0,14.0,1.0,2.0,1.0,0.0,0.0
8015,34,42,0,0.0,0.0,1,10.0,5.0,8.0,3.0,10.0,10.0,3.0,6.0,1.0,1.0,0.0,0.0
8016,24,1,1,0.0,0.0,1,6.0,13.0,3.0,4.0,15.0,13.0,7.0,5.0,0.0,2.0,0.0,0.0
8017,0,47,0,2.0,0.0,0,15.0,5.0,10.0,1.0,15.0,17.0,14.0,3.0,2.0,5.0,0.0,0.0
8018,26,5,0,1.0,0.0,0,13.0,7.0,8.0,2.0,10.0,18.0,7.0,1.0,0.0,2.0,0.0,0.0
8019,29,18,0,2.0,1.0,0,19.0,10.0,11.0,6.0,8.0,10.0,7.0,2.0,0.0,2.0,0.0,0.0
8020,25,31,1,0.0,0.0,1,6.0,12.0,5.0,6.0,11.0,10.0,6.0,7.0,0.0,0.0,0.0,0.0
8021,28,24,1,0.0,1.0,2,19.0,6.0,11.0,4.0,7.0,8.0,8.0,5.0,0.0,3.0,0.0,0.0
8022,42,29,2,0.0,2.0,2,14.0,12.0,8.0,7.0,12.0,8.0,7.0,8.0,2.0,2.0,0.0,0.0
8023,38,34,0,1.0,0.0,0,12.0,11.0,7.0,7.0,7.0,21.0,8.0,5.0,0.0,3.0,0.0,0.0
8024,19,14,2,0.0,0.0,1,7.0,11.0,2.0,9.0,11.0,10.0,2.0,8.0,2.0,3.0,0.0,0.0
8025,5,0,1,0.0,0.0,1,19.0,9.0,13.0,4.0,11.0,13.0,8.0,1.0,2.0,2.0,0.0,0.0
8026,13,31,1,0.0,0.0,1,18.0,11.0,10.0,5.0,11.0,9.0,7.0,9.0,0.0,0.0,0.0,0.0
8027,18,25,0,1.0,1.0,1,15.0,6.0,8.0,4.0,13.0,18.0,11.0,7.0,2.0,3.0,0.0,0.0
8028,3,1,2,0.0,0.0,1,12.0,15.0,5.0,7.0,7.0,11.0,9.0,1.0,1.0,0.0,0.0,0.0
8029,24,19,0,1.0,0.0,0,14.0,10.0,11.0,7.0,17.0,11.0,6.0,5.0,2.0,1.0,0.0,0.0
8030,1,47,0,2.0,1.0,0,11.0,8.0,8.0,5.0,12.0,14.0,4.0,6.0,3.0,4.0,0.0,0.0
8031,0,3,0,1.0,0.0,0,11.0,5.0,7.0,1.0,14.0,14.0,5.0,6.0,2.0,4.0,0.0,0.0
8032,30,13,1,0.0,0.0,1,12.0,10.0,6.0,3.0,13.0,11.0,3.0,7.0,1.0,1.0,0.0,0.0
8033,26,38,2,0.0,1.0,2,18.0,8.0,10.0,4.0,6.0,8.0,9.0,5.0,0.0,0.0,0.0,0.0
8034,14,5,2,1.0,1.0,1,9.0,4.0,5.0,2.0,13.0,11.0,8.0,3.0,2.0,2.0,0.0,0.0
8035,29,28,0,2.0,0.0,0,10.0,12.0,7.0,9.0,8.0,10.0,2.0,5.0,0.0,2.0,0.0,0.0
8036,25,2,2,0.0,1.0,2,8.0,9.0,5.0,4.0,19.0,16.0,6.0,7.0,2.0,2.0,2.0,0.0
8037,31,42,0,1.0,0.0,0,19.0,4.0,11.0,4.0,10.0,12.0,11.0,7.0,2.0,2.0,0.0,0.0
8038,34,18,2,1.0,2.0,2,12.0,9.0,10.0,4.0,13.0,13.0,7.0,10.0,1.0,1.0,0.0,0.0
8039,38,13,0,2.0,0.0,0,18.0,20.0,14.0,14.0,12.0,12.0,8.0,9.0,0.0,0.0,0.0,0.0
8040,18,28,1,0.0,0.0,1,9.0,15.0,2.0,7.0,11.0,13.0,3.0,5.0,1.0,1.0,0.0,0.0
8041,31,26,1,0.0,1.0,2,13.0,7.0,6.0,3.0,13.0,13.0,8.0,1.0,1.0,4.0,0.0,0.0
8042,19,5,0,0.0,0.0,1,10.0,10.0,3.0,5.0,15.0,11.0,3.0,2.0,0.0,2.0,0.0,0.0
8043,24,14,1,1.0,0.0,0,8.0,19.0,4.0,10.0,14.0,11.0,2.0,8.0,3.0,2.0,0.0,0.0
8044,29,1,0,2.0,0.0,0,12.0,10.0,8.0,3.0,6.0,11.0,6.0,5.0,0.0,1.0,0.0,0.0
8045,25,0,1,0.0,0.0,1,4.0,8.0,1.0,5.0,13.0,12.0,7.0,5.0,1.0,1.0,0.0,1.0
8046,30,34,1,0.0,0.0,1,5.0,6.0,3.0,2.0,17.0,20.0,6.0,5.0,2.0,3.0,0.0,1.0
8047,2,3,2,0.0,0.0,1,6.0,11.0,2.0,7.0,23.0,15.0,10.0,7.0,1.0,1.0,1.0,0.0
8048,42,47,0,1.0,1.0,1,12.0,16.0,10.0,8.0,14.0,8.0,4.0,5.0,2.0,0.0,0.0,0.0
8049,0,19,1,0.0,0.0,1,22.0,7.0,14.0,1.0,13.0,11.0,9.0,0.0,1.0,1.0,0.0,0.0
8050,26,2,0,1.0,1.0,1,10.0,7.0,7.0,4.0,24.0,17.0,6.0,4.0,2.0,1.0,0.0,0.0
8051,28,30,2,0.0,1.0,2,24.0,2.0,14.0,0.0,15.0,12.0,12.0,0.0,0.0,0.0,0.0,0.0
8052,14,29,0,1.0,0.0,0,12.0,5.0,4.0,3.0,11.0,12.0,2.0,4.0,4.0,1.0,0.0,0.0
8053,3,42,0,0.0,0.0,1,18.0,9.0,12.0,3.0,10.0,13.0,9.0,6.0,0.0,1.0,0.0,0.0
8054,13,24,2,0.0,1.0,2,13.0,12.0,6.0,6.0,11.0,17.0,3.0,4.0,2.0,1.0,0.0,0.0
8055,1,38,0,1.0,0.0,0,22.0,7.0,12.0,3.0,13.0,13.0,9.0,4.0,0.0,1.0,0.0,0.0
8056,47,31,1,1.0,1.0,1,10.0,7.0,4.0,4.0,14.0,14.0,5.0,3.0,2.0,1.0,0.0,0.0
8057,34,25,2,0.0,1.0,2,12.0,7.0,7.0,3.0,12.0,14.0,11.0,4.0,5.0,1.0,0.0,0.0
8058,5,18,0,1.0,0.0,0,13.0,7.0,6.0,3.0,11.0,18.0,7.0,7.0,0.0,2.0,0.0,0.0
8059,19,34,0,2.0,0.0,0,8.0,12.0,4.0,6.0,9.0,16.0,2.0,11.0,0.0,3.0,0.0,1.0
8060,42,1,0,0.0,0.0,1,10.0,13.0,5.0,6.0,14.0,15.0,3.0,3.0,0.0,1.0,0.0,0.0
8061,25,13,1,1.0,0.0,0,13.0,7.0,7.0,4.0,15.0,15.0,3.0,3.0,2.0,1.0,0.0,0.0
8062,29,3,0,2.0,0.0,0,14.0,13.0,8.0,6.0,6.0,15.0,7.0,4.0,0.0,1.0,0.0,0.0
8063,38,14,2,0.0,0.0,1,13.0,8.0,3.0,4.0,7.0,13.0,3.0,3.0,0.0,1.0,0.0,0.0
8064,30,26,1,0.0,0.0,1,8.0,8.0,3.0,1.0,16.0,15.0,3.0,4.0,2.0,2.0,0.0,0.0
8065,31,28,0,0.0,0.0,1,17.0,5.0,10.0,1.0,13.0,16.0,4.0,2.0,1.0,2.0,0.0,0.0
8066,24,5,2,0.0,2.0,2,13.0,10.0,10.0,5.0,15.0,11.0,8.0,2.0,1.0,0.0,0.0,0.0
8067,18,47,0,2.0,0.0,0,23.0,8.0,15.0,4.0,7.0,23.0,8.0,3.0,2.0,2.0,0.0,0.0
8068,2,0,2,0.0,1.0,2,7.0,9.0,1.0,6.0,8.0,11.0,8.0,6.0,1.0,2.0,0.0,0.0
8069,3,18,0,2.0,0.0,0,18.0,8.0,12.0,2.0,16.0,9.0,12.0,3.0,3.0,2.0,0.0,0.0
8070,26,29,2,0.0,0.0,1,10.0,6.0,4.0,4.0,16.0,9.0,2.0,6.0,1.0,2.0,0.0,0.0
8071,28,25,2,0.0,1.0,2,14.0,6.0,4.0,3.0,7.0,12.0,12.0,3.0,2.0,2.0,0.0,0.0
8072,14,31,0,3.0,0.0,0,15.0,4.0,8.0,3.0,13.0,5.0,2.0,0.0,0.0,0.0,0.0,1.0
8073,47,2,1,0.0,0.0,1,11.0,4.0,4.0,2.0,13.0,12.0,8.0,1.0,2.0,1.0,0.0,0.0
8074,0,42,0,0.0,1.0,2,9.0,5.0,3.0,2.0,8.0,22.0,9.0,5.0,1.0,4.0,0.0,0.0
8075,13,19,0,1.0,0.0,0,12.0,11.0,7.0,7.0,10.0,12.0,1.0,5.0,1.0,2.0,0.0,0.0
8076,5,38,1,0.0,0.0,1,18.0,8.0,11.0,5.0,10.0,14.0,8.0,6.0,2.0,1.0,0.0,1.0
8077,34,24,0,2.0,1.0,0,14.0,6.0,6.0,5.0,9.0,11.0,3.0,2.0,1.0,4.0,0.0,0.0
8078,1,30,2,0.0,1.0,2,12.0,8.0,4.0,3.0,19.0,16.0,5.0,2.0,1.0,2.0,0.0,0.0
8079,2,13,2,0.0,1.0,2,14.0,13.0,13.0,9.0,14.0,18.0,15.0,8.0,1.0,1.0,0.0,0.0
8080,19,26,2,1.0,1.0,1,10.0,10.0,6.0,6.0,13.0,10.0,4.0,8.0,1.0,1.0,1.0,0.0
8081,25,3,0,0.0,0.0,1,4.0,10.0,3.0,2.0,11.0,11.0,2.0,6.0,2.0,1.0,0.0,0.0
8082,24,0,2,0.0,3.0,2,9.0,13.0,5.0,9.0,12.0,11.0,4.0,3.0,1.0,0.0,0.0,0.0
8083,31,1,1,1.0,1.0,1,22.0,11.0,13.0,6.0,9.0,17.0,15.0,3.0,2.0,3.0,0.0,1.0
8084,30,47,0,0.0,0.0,1,14.0,9.0,11.0,2.0,8.0,12.0,7.0,3.0,1.0,2.0,0.0,1.0
8085,42,5,2,0.0,0.0,1,10.0,25.0,6.0,15.0,18.0,6.0,7.0,5.0,3.0,0.0,0.0,0.0
8086,29,34,0,1.0,0.0,0,10.0,9.0,4.0,3.0,13.0,12.0,3.0,3.0,0.0,3.0,0.0,0.0
8087,18,14,2,0.0,0.0,1,12.0,17.0,4.0,7.0,5.0,11.0,3.0,1.0,0.0,0.0,0.0,0.0
8088,38,28,2,0.0,1.0,2,8.0,13.0,5.0,9.0,10.0,16.0,4.0,6.0,1.0,1.0,0.0,0.0
8089,42,30,1,0.0,0.0,1,12.0,16.0,8.0,10.0,14.0,10.0,8.0,5.0,3.0,2.0,0.0,0.0
8090,13,0,1,1.0,1.0,1,6.0,11.0,4.0,6.0,15.0,13.0,7.0,5.0,1.0,1.0,0.0,0.0
8091,14,28,0,1.0,0.0,0,7.0,9.0,4.0,6.0,8.0,8.0,1.0,5.0,0.0,0.0,0.0,0.0
8092,1,18,1,0.0,0.0,1,16.0,8.0,6.0,2.0,11.0,12.0,9.0,3.0,0.0,1.0,0.0,0.0
8093,38,3,0,0.0,0.0,1,22.0,6.0,15.0,3.0,17.0,14.0,5.0,3.0,0.0,1.0,0.0,1.0
8094,29,19,2,1.0,1.0,1,17.0,12.0,9.0,7.0,10.0,14.0,10.0,2.0,4.0,2.0,0.0,0.0
8095,26,24,0,1.0,1.0,1,20.0,7.0,9.0,5.0,11.0,13.0,9.0,3.0,0.0,2.0,0.0,0.0
8096,47,25,0,0.0,3.0,2,12.0,7.0,8.0,5.0,6.0,13.0,2.0,6.0,0.0,2.0,0.0,0.0
8097,31,34,0,2.0,0.0,0,10.0,9.0,8.0,4.0,12.0,14.0,6.0,6.0,0.0,1.0,0.0,0.0
8098,5,2,2,0.0,1.0,2,16.0,7.0,7.0,3.0,14.0,16.0,7.0,3.0,1.0,2.0,0.0,0.0
8099,19,31,2,2.0,1.0,0,4.0,11.0,4.0,7.0,14.0,16.0,4.0,8.0,2.0,2.0,0.0,0.0
8100,3,13,2,0.0,1.0,2,15.0,10.0,6.0,5.0,17.0,12.0,5.0,3.0,3.0,0.0,0.0,0.0
8101,25,42,2,1.0,0.0,0,22.0,7.0,15.0,4.0,12.0,19.0,5.0,1.0,3.0,3.0,0.0,0.0
8102,18,38,1,0.0,0.0,1,13.0,19.0,6.0,7.0,11.0,6.0,8.0,6.0,1.0,2.0,0.0,0.0
8103,2,1,1,0.0,0.0,1,4.0,2.0,3.0,1.0,16.0,20.0,3.0,4.0,2.0,1.0,0.0,0.0
8104,19,47,1,0.0,0.0,1,9.0,14.0,4.0,6.0,12.0,11.0,4.0,11.0,2.0,2.0,0.0,0.0
8105,28,5,0,1.0,1.0,1,16.0,12.0,13.0,8.0,11.0,8.0,7.0,4.0,1.0,1.0,1.0,0.0
8106,0,14,0,1.0,1.0,1,13.0,7.0,9.0,3.0,11.0,13.0,6.0,3.0,1.0,2.0,0.0,0.0
8107,30,31,2,0.0,1.0,2,11.0,4.0,7.0,3.0,17.0,12.0,8.0,2.0,3.0,3.0,0.0,0.0
8108,24,29,2,0.0,0.0,1,3.0,18.0,2.0,10.0,19.0,8.0,7.0,2.0,4.0,1.0,0.0,0.0
8109,34,26,0,1.0,0.0,0,10.0,13.0,6.0,7.0,22.0,10.0,5.0,3.0,2.0,2.0,0.0,0.0
8110,2,14,1,0.0,0.0,1,6.0,13.0,2.0,8.0,10.0,14.0,2.0,18.0,2.0,4.0,0.0,0.0
8111,30,14,2,0.0,1.0,2,15.0,10.0,6.0,6.0,14.0,18.0,2.0,8.0,1.0,2.0,0.0,0.0
8112,1,5,1,0.0,0.0,1,14.0,15.0,8.0,5.0,14.0,16.0,9.0,5.0,1.0,5.0,0.0,0.0
8113,19,25,0,1.0,0.0,0,16.0,8.0,8.0,4.0,14.0,10.0,4.0,4.0,2.0,1.0,0.0,0.0
8114,34,13,2,1.0,0.0,0,16.0,11.0,8.0,6.0,20.0,14.0,6.0,9.0,3.0,2.0,0.0,0.0
8115,42,18,0,1.0,0.0,0,13.0,12.0,7.0,4.0,15.0,14.0,2.0,6.0,2.0,2.0,0.0,0.0
8116,26,0,2,1.0,1.0,1,13.0,12.0,7.0,8.0,12.0,20.0,11.0,3.0,2.0,2.0,0.0,0.0
8117,29,2,0,1.0,0.0,0,10.0,5.0,8.0,2.0,13.0,11.0,5.0,1.0,0.0,1.0,0.0,1.0
8118,31,38,0,1.0,0.0,0,14.0,7.0,9.0,4.0,14.0,10.0,8.0,4.0,3.0,2.0,0.0,0.0
8119,47,28,0,0.0,0.0,1,8.0,9.0,4.0,5.0,13.0,7.0,3.0,10.0,3.0,2.0,0.0,0.0
8120,24,3,0,2.0,0.0,0,15.0,17.0,5.0,9.0,18.0,20.0,2.0,5.0,3.0,1.0,0.0,0.0
8121,28,42,1,0.0,0.0,1,21.0,4.0,10.0,2.0,7.0,15.0,6.0,6.0,2.0,1.0,0.0,0.0
8122,18,24,0,3.0,0.0,0,20.0,6.0,9.0,2.0,11.0,15.0,11.0,4.0,0.0,2.0,0.0,0.0
8123,3,19,2,0.0,1.0,2,6.0,7.0,0.0,2.0,14.0,11.0,5.0,5.0,2.0,4.0,0.0,0.0
8124,13,26,0,2.0,1.0,0,14.0,17.0,5.0,9.0,11.0,9.0,7.0,5.0,2.0,1.0,0.0,0.0
8125,14,1,0,1.0,0.0,0,10.0,7.0,5.0,1.0,7.0,9.0,6.0,5.0,0.0,2.0,0.0,0.0
8126,25,29,2,0.0,3.0,2,10.0,11.0,4.0,9.0,7.0,11.0,7.0,3.0,0.0,0.0,0.0,0.0
8127,5,47,1,0.0,1.0,2,22.0,8.0,14.0,4.0,16.0,4.0,12.0,3.0,2.0,0.0,0.0,0.0
8128,2,34,0,1.0,0.0,0,7.0,10.0,5.0,5.0,10.0,16.0,4.0,4.0,1.0,3.0,0.0,0.0
8129,38,30,2,0.0,1.0,2,10.0,12.0,6.0,9.0,12.0,19.0,4.0,4.0,4.0,3.0,1.0,0.0
8130,0,31,0,1.0,1.0,1,11.0,5.0,7.0,4.0,13.0,17.0,3.0,4.0,0.0,1.0,0.0,0.0
8131,30,18,0,1.0,0.0,0,9.0,9.0,4.0,5.0,12.0,14.0,4.0,6.0,2.0,3.0,0.0,0.0
8132,29,0,1,0.0,0.0,1,9.0,6.0,7.0,1.0,11.0,15.0,4.0,3.0,4.0,3.0,0.0,1.0
8133,31,5,1,0.0,0.0,1,14.0,8.0,7.0,6.0,15.0,12.0,7.0,5.0,1.0,1.0,0.0,0.0
8134,42,38,2,0.0,2.0,2,13.0,12.0,6.0,10.0,15.0,14.0,4.0,7.0,1.0,1.0,0.0,0.0
8135,19,28,1,0.0,0.0,1,13.0,7.0,9.0,6.0,14.0,19.0,2.0,4.0,2.0,5.0,0.0,0.0
8136,26,25,0,1.0,0.0,0,19.0,9.0,8.0,3.0,10.0,9.0,4.0,4.0,0.0,0.0,0.0,0.0
8137,47,14,2,0.0,2.0,2,8.0,14.0,4.0,8.0,15.0,15.0,1.0,3.0,2.0,3.0,0.0,0.0
8138,24,2,2,0.0,0.0,1,12.0,7.0,6.0,3.0,15.0,14.0,6.0,1.0,4.0,2.0,1.0,0.0
8139,34,3,2,0.0,2.0,2,9.0,12.0,6.0,10.0,17.0,18.0,7.0,6.0,2.0,3.0,0.0,0.0
8140,1,13,0,1.0,0.0,0,15.0,8.0,6.0,3.0,13.0,13.0,10.0,2.0,3.0,2.0,0.0,0.0
8141,25,24,0,2.0,0.0,0,19.0,14.0,11.0,2.0,10.0,10.0,9.0,5.0,0.0,2.0,0.0,0.0
8142,2,19,1,1.0,1.0,1,15.0,8.0,9.0,6.0,16.0,21.0,8.0,1.0,1.0,4.0,1.0,1.0
8143,28,1,0,0.0,1.0,2,17.0,8.0,9.0,4.0,11.0,11.0,4.0,3.0,0.0,1.0,0.0,0.0
8144,13,29,2,0.0,0.0,1,8.0,14.0,3.0,9.0,19.0,18.0,3.0,3.0,2.0,2.0,1.0,0.0
8145,0,34,1,1.0,1.0,1,12.0,8.0,7.0,2.0,11.0,19.0,7.0,1.0,2.0,3.0,0.0,0.0
8146,3,26,2,1.0,1.0,1,8.0,21.0,5.0,14.0,13.0,11.0,5.0,10.0,2.0,2.0,1.0,0.0
8147,5,30,0,1.0,0.0,0,13.0,7.0,8.0,6.0,17.0,14.0,10.0,1.0,3.0,3.0,0.0,0.0
8148,14,42,0,2.0,1.0,0,12.0,9.0,6.0,3.0,16.0,20.0,10.0,3.0,1.0,4.0,0.0,0.0
8149,18,31,1,0.0,0.0,1,9.0,4.0,7.0,2.0,20.0,21.0,6.0,3.0,5.0,5.0,1.0,1.0
8150,38,47,0,1.0,0.0,0,15.0,10.0,10.0,3.0,16.0,20.0,7.0,3.0,3.0,5.0,0.0,0.0
8151,38,29,0,0.0,0.0,1,12.0,10.0,5.0,9.0,8.0,10.0,9.0,5.0,1.0,0.0,0.0,0.0
8152,28,0,2,1.0,0.0,0,11.0,10.0,7.0,5.0,12.0,11.0,5.0,5.0,4.0,3.0,0.0,0.0
8153,14,3,1,1.0,1.0,1,12.0,7.0,5.0,4.0,11.0,19.0,3.0,4.0,0.0,4.0,0.0,0.0
8154,31,2,2,0.0,0.0,1,19.0,7.0,10.0,3.0,15.0,15.0,9.0,6.0,2.0,1.0,0.0,0.0
8155,18,26,2,0.0,1.0,2,11.0,18.0,5.0,11.0,22.0,17.0,9.0,5.0,3.0,3.0,0.0,0.0
8156,30,24,2,0.0,1.0,2,27.0,8.0,16.0,4.0,17.0,21.0,6.0,3.0,2.0,3.0,0.0,0.0
8157,47,34,1,0.0,0.0,1,11.0,9.0,2.0,2.0,15.0,16.0,4.0,6.0,3.0,5.0,0.0,0.0
8158,1,25,0,3.0,0.0,0,10.0,5.0,8.0,4.0,18.0,17.0,11.0,1.0,1.0,2.0,0.0,1.0
8159,42,19,2,0.0,1.0,2,18.0,9.0,6.0,5.0,15.0,13.0,9.0,4.0,0.0,2.0,0.0,0.0
8160,5,13,1,0.0,0.0,1,13.0,7.0,9.0,1.0,18.0,16.0,12.0,3.0,4.0,2.0,0.0,0.0
8161,29,47,0,0.0,0.0,1,14.0,12.0,5.0,2.0,6.0,12.0,10.0,2.0,2.0,2.0,0.0,0.0
8162,0,1,0,0.0,0.0,1,14.0,6.0,6.0,3.0,16.0,16.0,2.0,6.0,3.0,4.0,0.0,0.0
8163,26,42,1,0.0,0.0,1,22.0,9.0,10.0,4.0,20.0,27.0,8.0,5.0,2.0,5.0,0.0,0.0
8164,34,5,0,0.0,0.0,1,13.0,13.0,8.0,4.0,12.0,14.0,0.0,4.0,2.0,4.0,0.0,0.0
8165,24,38,1,0.0,0.0,1,15.0,14.0,6.0,8.0,10.0,11.0,6.0,10.0,2.0,3.0,0.0,0.0
8166,13,18,1,1.0,1.0,1,10.0,13.0,4.0,4.0,8.0,8.0,6.0,8.0,1.0,1.0,0.0,0.0
8167,25,30,1,0.0,0.0,1,12.0,13.0,4.0,3.0,17.0,16.0,6.0,4.0,3.0,2.0,0.0,0.0
8168,3,28,2,1.0,1.0,1,14.0,13.0,10.0,5.0,14.0,10.0,9.0,0.0,2.0,1.0,0.0,0.0
8169,30,0,2,0.0,3.0,2,10.0,14.0,4.0,10.0,11.0,7.0,3.0,5.0,1.0,0.0,0.0,0.0
8170,1,26,1,0.0,0.0,1,14.0,15.0,9.0,9.0,16.0,7.0,8.0,9.0,0.0,1.0,0.0,0.0
8171,47,13,2,0.0,4.0,2,10.0,8.0,4.0,6.0,11.0,7.0,5.0,2.0,2.0,1.0,0.0,1.0
8172,18,19,0,3.0,0.0,0,10.0,23.0,8.0,15.0,15.0,14.0,4.0,10.0,2.0,4.0,0.0,0.0
8173,28,34,1,0.0,1.0,2,21.0,4.0,11.0,2.0,8.0,22.0,11.0,7.0,2.0,3.0,0.0,0.0
8174,31,29,2,1.0,0.0,0,7.0,11.0,5.0,8.0,18.0,14.0,2.0,4.0,2.0,2.0,0.0,0.0
8175,38,2,1,0.0,0.0,1,14.0,12.0,7.0,5.0,15.0,19.0,2.0,7.0,3.0,1.0,0.0,0.0
8176,42,24,0,1.0,1.0,1,20.0,5.0,4.0,2.0,14.0,14.0,6.0,0.0,1.0,2.0,0.0,0.0
8177,5,3,1,2.0,0.0,0,16.0,10.0,10.0,5.0,11.0,15.0,9.0,2.0,2.0,4.0,0.0,1.0
8178,14,25,0,2.0,1.0,0,17.0,5.0,7.0,1.0,12.0,18.0,7.0,2.0,0.0,3.0,1.0,2.0
8179,24,31,1,1.0,1.0,1,8.0,19.0,3.0,10.0,19.0,16.0,4.0,8.0,4.0,2.0,0.0,0.0
8180,13,28,2,0.0,2.0,2,10.0,14.0,5.0,8.0,12.0,16.0,4.0,7.0,2.0,1.0,1.0,0.0
8181,26,14,2,0.0,1.0,2,12.0,10.0,7.0,6.0,13.0,12.0,8.0,6.0,3.0,1.0,0.0,0.0
8182,0,18,0,1.0,0.0,0,11.0,13.0,5.0,7.0,8.0,15.0,6.0,9.0,1.0,3.0,1.0,1.0
8183,3,47,0,2.0,0.0,0,25.0,8.0,13.0,5.0,8.0,14.0,6.0,2.0,1.0,1.0,0.0,0.0
8184,19,30,0,1.0,1.0,1,17.0,8.0,9.0,5.0,18.0,16.0,7.0,6.0,1.0,1.0,0.0,0.0
8185,2,42,0,1.0,0.0,0,10.0,15.0,5.0,7.0,20.0,27.0,1.0,4.0,3.0,5.0,0.0,0.0
8186,29,5,0,1.0,0.0,0,13.0,15.0,6.0,5.0,12.0,8.0,8.0,4.0,0.0,4.0,0.0,0.0
8187,34,1,0,1.0,0.0,0,4.0,9.0,3.0,5.0,18.0,22.0,7.0,9.0,2.0,1.0,0.0,1.0
8188,25,38,1,2.0,0.0,0,12.0,13.0,7.0,10.0,27.0,15.0,2.0,7.0,3.0,1.0,0.0,0.0
8189,42,3,2,0.0,2.0,2,11.0,13.0,7.0,9.0,9.0,12.0,6.0,3.0,1.0,1.0,1.0,0.0
8190,44,31,1,0.0,1.0,2,8.0,14.0,3.0,9.0,9.0,8.0,2.0,8.0,0.0,0.0,0.0,0.0
8191,14,26,0,2.0,1.0,0,13.0,5.0,6.0,3.0,17.0,13.0,4.0,3.0,3.0,1.0,0.0,1.0
8192,5,30,0,2.0,0.0,0,13.0,6.0,6.0,3.0,18.0,18.0,6.0,5.0,3.0,2.0,0.0,1.0
8193,18,29,2,1.0,1.0,1,8.0,17.0,4.0,12.0,16.0,15.0,6.0,6.0,5.0,3.0,0.0,0.0
8194,28,38,2,0.0,1.0,2,17.0,6.0,7.0,3.0,14.0,14.0,10.0,4.0,3.0,4.0,0.0,0.0
8195,40,0,2,0.0,2.0,2,7.0,20.0,3.0,13.0,16.0,12.0,6.0,10.0,1.0,0.0,0.0,0.0
8196,2,45,1,0.0,0.0,1,10.0,16.0,7.0,10.0,18.0,11.0,6.0,7.0,1.0,1.0,0.0,0.0
8197,24,1,0,1.0,1.0,1,11.0,18.0,5.0,6.0,18.0,14.0,1.0,8.0,0.0,1.0,0.0,0.0
8198,13,19,2,0.0,1.0,2,10.0,17.0,4.0,7.0,13.0,14.0,2.0,4.0,2.0,3.0,1.0,0.0
8199,0,38,0,5.0,1.0,0,16.0,13.0,13.0,5.0,12.0,16.0,6.0,10.0,1.0,1.0,0.0,0.0
8200,0,24,2,1.0,1.0,1,33.0,11.0,17.0,6.0,16.0,16.0,6.0,2.0,2.0,1.0,0.0,0.0
8201,29,13,0,3.0,1.0,0,21.0,4.0,14.0,2.0,6.0,10.0,11.0,3.0,0.0,1.0,0.0,0.0
8202,45,14,0,0.0,0.0,1,11.0,8.0,7.0,3.0,12.0,15.0,10.0,8.0,3.0,1.0,0.0,0.0
8203,19,18,0,2.0,0.0,0,13.0,16.0,6.0,8.0,14.0,13.0,6.0,9.0,1.0,1.0,0.0,0.0
8204,30,42,0,3.0,0.0,0,26.0,6.0,16.0,4.0,15.0,9.0,8.0,3.0,0.0,2.0,0.0,1.0
8205,3,44,1,1.0,0.0,0,13.0,13.0,7.0,7.0,14.0,16.0,7.0,2.0,2.0,1.0,0.0,0.0
8206,31,2,0,1.0,0.0,0,18.0,4.0,9.0,2.0,14.0,12.0,8.0,4.0,0.0,2.0,0.0,1.0
8207,1,40,0,0.0,0.0,1,11.0,11.0,4.0,7.0,11.0,13.0,12.0,6.0,0.0,1.0,0.0,0.0
8208,38,5,1,0.0,0.0,1,10.0,10.0,4.0,2.0,19.0,9.0,7.0,3.0,3.0,2.0,0.0,0.0
8209,26,28,2,0.0,0.0,1,8.0,6.0,6.0,3.0,9.0,17.0,8.0,4.0,2.0,2.0,0.0,0.0
8210,28,45,2,0.0,0.0,1,16.0,11.0,5.0,7.0,10.0,11.0,11.0,6.0,1.0,1.0,0.0,0.0
8211,42,29,2,0.0,0.0,1,6.0,20.0,3.0,15.0,11.0,11.0,5.0,8.0,0.0,0.0,0.0,0.0
8212,14,19,1,1.0,0.0,0,11.0,7.0,5.0,5.0,9.0,11.0,9.0,2.0,3.0,2.0,0.0,0.0
8213,13,38,0,1.0,0.0,0,14.0,14.0,10.0,6.0,15.0,12.0,7.0,10.0,1.0,1.0,0.0,0.0
8214,2,30,0,2.0,0.0,0,7.0,6.0,6.0,4.0,17.0,18.0,3.0,3.0,1.0,2.0,0.0,0.0
8215,44,26,2,0.0,1.0,2,9.0,18.0,5.0,14.0,12.0,6.0,4.0,3.0,1.0,1.0,0.0,0.0
8216,40,31,2,0.0,1.0,2,12.0,18.0,8.0,9.0,20.0,18.0,6.0,8.0,4.0,4.0,0.0,0.0
8217,24,3,2,1.0,1.0,1,15.0,10.0,9.0,5.0,12.0,18.0,11.0,6.0,2.0,1.0,0.0,0.0
8218,5,0,1,0.0,0.0,1,17.0,8.0,11.0,7.0,15.0,16.0,10.0,4.0,2.0,2.0,1.0,0.0
8219,18,1,0,0.0,0.0,1,11.0,15.0,8.0,10.0,10.0,13.0,8.0,6.0,0.0,1.0,0.0,0.0
8220,24,19,0,1.0,0.0,0,19.0,7.0,7.0,2.0,18.0,17.0,8.0,4.0,0.0,2.0,0.0,0.0
8221,14,18,0,1.0,0.0,0,13.0,3.0,9.0,1.0,11.0,15.0,4.0,0.0,1.0,1.0,0.0,0.0
8222,3,5,1,0.0,0.0,1,11.0,6.0,5.0,3.0,14.0,13.0,9.0,4.0,2.0,3.0,0.0,0.0
8223,26,13,0,0.0,0.0,1,20.0,5.0,10.0,5.0,4.0,14.0,8.0,9.0,0.0,1.0,0.0,0.0
8224,44,42,2,1.0,1.0,1,8.0,8.0,8.0,5.0,9.0,10.0,5.0,8.0,2.0,2.0,0.0,0.0
8225,45,30,0,0.0,0.0,1,13.0,6.0,9.0,2.0,15.0,18.0,4.0,6.0,1.0,2.0,0.0,0.0
8226,2,38,0,0.0,1.0,2,15.0,12.0,9.0,7.0,10.0,19.0,5.0,3.0,0.0,2.0,0.0,0.0
8227,28,40,0,2.0,0.0,0,15.0,4.0,8.0,3.0,12.0,11.0,7.0,3.0,0.0,1.0,0.0,0.0
8228,31,1,1,1.0,0.0,0,16.0,10.0,4.0,7.0,6.0,13.0,8.0,5.0,0.0,1.0,0.0,0.0
8229,38,24,0,2.0,0.0,0,16.0,5.0,7.0,3.0,8.0,22.0,11.0,1.0,0.0,4.0,0.0,1.0
8230,13,2,2,0.0,1.0,2,7.0,13.0,5.0,7.0,16.0,12.0,8.0,5.0,2.0,1.0,0.0,0.0
8231,1,14,0,1.0,0.0,0,19.0,16.0,10.0,10.0,11.0,12.0,6.0,2.0,1.0,0.0,0.0,0.0
8232,5,45,0,1.0,0.0,0,19.0,9.0,9.0,3.0,18.0,9.0,8.0,3.0,3.0,4.0,0.0,1.0
8233,29,3,0,2.0,1.0,0,18.0,6.0,12.0,1.0,8.0,9.0,7.0,3.0,0.0,0.0,0.0,0.0
8234,19,31,0,0.0,1.0,2,13.0,8.0,6.0,6.0,12.0,9.0,6.0,13.0,1.0,1.0,0.0,1.0
8235,18,26,2,0.0,1.0,2,9.0,8.0,4.0,2.0,15.0,18.0,4.0,3.0,4.0,3.0,2.0,0.0
8236,40,44,2,0.0,2.0,2,20.0,9.0,13.0,7.0,19.0,12.0,10.0,5.0,4.0,1.0,0.0,0.0
8237,30,0,2,0.0,0.0,1,7.0,6.0,3.0,2.0,16.0,12.0,3.0,5.0,0.0,1.0,0.0,0.0
8238,42,28,2,0.0,2.0,2,9.0,11.0,6.0,6.0,11.0,15.0,7.0,9.0,2.0,3.0,0.0,0.0
8239,0,29,1,0.0,1.0,2,10.0,6.0,7.0,3.0,15.0,15.0,6.0,2.0,0.0,2.0,1.0,0.0
8240,44,18,2,1.0,2.0,2,12.0,8.0,6.0,3.0,9.0,5.0,3.0,10.0,2.0,2.0,0.0,0.0
8241,45,1,1,1.0,1.0,1,15.0,6.0,7.0,3.0,14.0,12.0,10.0,7.0,4.0,1.0,0.0,0.0
8242,28,30,1,0.0,0.0,1,9.0,6.0,6.0,1.0,12.0,7.0,1.0,4.0,0.0,1.0,0.0,0.0
8243,31,29,2,1.0,4.0,2,15.0,15.0,9.0,11.0,8.0,7.0,6.0,6.0,1.0,0.0,0.0,0.0
8244,2,40,0,1.0,0.0,0,7.0,2.0,3.0,0.0,22.0,19.0,6.0,6.0,0.0,1.0,0.0,1.0
8245,3,13,0,1.0,0.0,0,11.0,7.0,6.0,5.0,10.0,14.0,9.0,11.0,0.0,0.0,0.0,0.0
8246,26,19,0,1.0,0.0,0,17.0,11.0,11.0,7.0,9.0,17.0,5.0,6.0,1.0,2.0,0.0,0.0
8247,14,5,0,0.0,0.0,1,17.0,7.0,8.0,2.0,9.0,10.0,3.0,1.0,1.0,2.0,0.0,0.0
8248,24,42,1,1.0,2.0,2,11.0,6.0,4.0,2.0,13.0,10.0,7.0,4.0,1.0,2.0,0.0,0.0
8249,19,3,2,0.0,2.0,2,9.0,7.0,4.0,3.0,9.0,19.0,3.0,4.0,0.0,2.0,0.0,0.0
8250,18,31,0,1.0,1.0,1,9.0,15.0,7.0,8.0,12.0,13.0,9.0,5.0,1.0,2.0,0.0,0.0
8251,38,45,1,1.0,0.0,0,11.0,14.0,5.0,8.0,17.0,11.0,3.0,8.0,3.0,2.0,0.0,0.0
8252,29,26,0,1.0,0.0,0,12.0,5.0,9.0,1.0,15.0,17.0,10.0,4.0,1.0,3.0,0.0,1.0
8253,13,24,2,1.0,3.0,2,6.0,14.0,4.0,10.0,14.0,17.0,7.0,8.0,2.0,1.0,0.0,0.0
8254,1,0,1,0.0,0.0,1,6.0,12.0,2.0,5.0,19.0,12.0,5.0,6.0,1.0,2.0,0.0,0.0
8255,5,28,0,1.0,0.0,0,5.0,5.0,3.0,2.0,6.0,10.0,5.0,7.0,0.0,5.0,0.0,0.0
8256,30,44,0,1.0,0.0,0,22.0,12.0,12.0,6.0,9.0,15.0,3.0,5.0,0.0,1.0,0.0,0.0
8257,42,2,0,1.0,0.0,0,12.0,10.0,6.0,4.0,20.0,16.0,10.0,5.0,1.0,1.0,0.0,0.0
8258,40,14,2,1.0,0.0,0,9.0,13.0,4.0,10.0,17.0,11.0,3.0,8.0,1.0,1.0,0.0,0.0
8259,5,42,0,0.0,0.0,1,15.0,7.0,8.0,2.0,8.0,9.0,4.0,9.0,0.0,1.0,0.0,0.0
8260,0,18,0,1.0,0.0,0,14.0,6.0,10.0,3.0,15.0,19.0,3.0,5.0,2.0,1.0,0.0,0.0
8261,26,24,0,2.0,1.0,0,19.0,11.0,11.0,6.0,12.0,17.0,4.0,6.0,0.0,1.0,0.0,0.0
8262,29,19,0,1.0,0.0,0,18.0,11.0,11.0,6.0,11.0,12.0,9.0,5.0,2.0,1.0,0.0,0.0
8263,38,1,1,1.0,2.0,2,11.0,13.0,7.0,9.0,8.0,17.0,4.0,3.0,0.0,1.0,0.0,0.0
8264,14,28,0,2.0,0.0,0,16.0,8.0,10.0,4.0,11.0,13.0,7.0,6.0,1.0,2.0,0.0,1.0
8265,45,40,0,1.0,0.0,0,10.0,4.0,4.0,2.0,16.0,12.0,4.0,1.0,1.0,0.0,0.0,0.0
8266,2,44,0,0.0,0.0,1,13.0,9.0,6.0,3.0,10.0,22.0,8.0,3.0,0.0,0.0,0.0,0.0
8267,31,3,0,1.0,0.0,0,14.0,11.0,8.0,8.0,12.0,11.0,8.0,3.0,1.0,1.0,0.0,0.0
8268,30,13,1,0.0,1.0,2,15.0,6.0,6.0,4.0,9.0,10.0,8.0,4.0,1.0,2.0,0.0,0.0
8269,44,14,2,0.0,1.0,2,5.0,11.0,1.0,8.0,10.0,8.0,2.0,4.0,0.0,0.0,0.0,0.0
8270,42,26,2,0.0,0.0,1,12.0,9.0,5.0,6.0,21.0,11.0,9.0,4.0,1.0,1.0,0.0,0.0
8271,28,2,0,0.0,0.0,1,14.0,7.0,9.0,4.0,17.0,7.0,7.0,6.0,2.0,1.0,1.0,0.0
8272,24,30,2,1.0,2.0,2,14.0,7.0,8.0,3.0,16.0,11.0,6.0,3.0,3.0,2.0,0.0,0.0
8273,1,29,2,0.0,1.0,2,19.0,13.0,6.0,5.0,10.0,10.0,6.0,6.0,2.0,1.0,0.0,0.0
8274,3,0,0,1.0,0.0,0,10.0,9.0,4.0,5.0,11.0,15.0,3.0,5.0,4.0,2.0,0.0,0.0
8275,19,38,1,1.0,0.0,0,3.0,12.0,3.0,5.0,8.0,11.0,3.0,7.0,1.0,0.0,0.0,0.0
8276,18,45,1,0.0,0.0,1,11.0,3.0,8.0,2.0,14.0,12.0,5.0,5.0,2.0,0.0,0.0,0.0
8277,40,5,2,0.0,0.0,1,12.0,13.0,7.0,8.0,15.0,12.0,8.0,6.0,1.0,1.0,0.0,0.0
8278,13,31,2,0.0,1.0,2,7.0,11.0,5.0,5.0,10.0,9.0,6.0,4.0,1.0,2.0,0.0,0.0
8279,26,5,0,1.0,0.0,0,9.0,10.0,3.0,2.0,13.0,11.0,3.0,3.0,0.0,3.0,0.0,0.0
8280,30,31,0,0.0,0.0,1,10.0,11.0,4.0,0.0,13.0,16.0,5.0,9.0,0.0,3.0,0.0,0.0
8281,29,24,0,1.0,0.0,0,15.0,7.0,2.0,6.0,10.0,16.0,8.0,3.0,1.0,1.0,0.0,0.0
8282,1,2,2,0.0,0.0,1,11.0,5.0,4.0,3.0,20.0,17.0,4.0,3.0,1.0,2.0,2.0,0.0
8283,0,13,0,2.0,0.0,0,19.0,6.0,11.0,4.0,12.0,12.0,12.0,6.0,1.0,0.0,0.0,0.0
8284,38,44,0,1.0,0.0,0,15.0,12.0,11.0,3.0,21.0,20.0,9.0,3.0,2.0,2.0,0.0,0.0
8285,31,14,0,1.0,1.0,1,5.0,8.0,2.0,5.0,12.0,22.0,5.0,7.0,0.0,1.0,0.0,0.0
8286,3,28,0,1.0,0.0,0,10.0,12.0,7.0,6.0,9.0,15.0,2.0,4.0,2.0,0.0,0.0,0.0
8287,30,18,1,0.0,1.0,2,6.0,11.0,2.0,5.0,14.0,8.0,4.0,2.0,0.0,0.0,0.0,0.0
8288,45,42,0,1.0,0.0,0,10.0,9.0,8.0,3.0,14.0,9.0,8.0,3.0,3.0,2.0,0.0,0.0
8289,19,40,0,0.0,0.0,1,11.0,15.0,4.0,6.0,18.0,13.0,8.0,11.0,1.0,2.0,0.0,0.0
8290,42,19,1,1.0,1.0,1,15.0,8.0,10.0,7.0,17.0,13.0,5.0,7.0,2.0,2.0,1.0,1.0
8291,2,26,0,1.0,0.0,0,5.0,14.0,2.0,9.0,14.0,11.0,2.0,6.0,2.0,1.0,0.0,0.0
8292,44,45,2,0.0,1.0,2,10.0,7.0,5.0,2.0,19.0,12.0,7.0,4.0,1.0,1.0,0.0,0.0
8293,18,38,0,0.0,1.0,2,25.0,11.0,16.0,6.0,3.0,13.0,17.0,6.0,0.0,1.0,0.0,0.0
8294,40,30,2,0.0,2.0,2,7.0,9.0,4.0,5.0,18.0,16.0,4.0,6.0,2.0,1.0,0.0,0.0
8295,13,1,0,0.0,0.0,1,14.0,13.0,9.0,6.0,17.0,20.0,6.0,6.0,2.0,2.0,0.0,0.0
8296,14,3,2,0.0,0.0,1,16.0,6.0,9.0,5.0,11.0,12.0,5.0,2.0,2.0,1.0,0.0,0.0
8297,28,0,2,0.0,4.0,2,18.0,9.0,12.0,9.0,7.0,7.0,14.0,4.0,0.0,0.0,0.0,0.0
8298,24,31,2,0.0,1.0,2,12.0,13.0,5.0,6.0,14.0,19.0,1.0,7.0,0.0,0.0,0.0,0.0
8299,5,29,1,0.0,0.0,1,13.0,7.0,5.0,3.0,13.0,10.0,8.0,5.0,1.0,1.0,0.0,0.0
8300,19,44,0,0.0,0.0,1,12.0,9.0,8.0,4.0,13.0,18.0,2.0,3.0,1.0,2.0,0.0,0.0
8301,31,0,1,0.0,1.0,2,6.0,18.0,4.0,10.0,11.0,10.0,6.0,7.0,2.0,2.0,1.0,0.0
8302,29,28,1,1.0,0.0,0,15.0,9.0,8.0,6.0,8.0,10.0,10.0,4.0,1.0,1.0,0.0,0.0
8303,2,14,2,0.0,1.0,2,7.0,3.0,6.0,3.0,13.0,14.0,7.0,2.0,1.0,4.0,0.0,0.0
8304,19,1,0,2.0,1.0,0,17.0,8.0,10.0,5.0,11.0,14.0,6.0,5.0,1.0,3.0,0.0,0.0
8305,3,38,0,1.0,0.0,0,18.0,11.0,11.0,5.0,9.0,11.0,6.0,6.0,0.0,1.0,0.0,0.0
8306,44,5,1,0.0,1.0,2,15.0,7.0,8.0,5.0,8.0,12.0,5.0,4.0,2.0,4.0,0.0,0.0
8307,24,45,0,1.0,0.0,0,10.0,12.0,7.0,3.0,13.0,13.0,9.0,6.0,2.0,2.0,0.0,1.0
8308,26,30,1,0.0,1.0,2,17.0,2.0,10.0,2.0,16.0,12.0,14.0,3.0,0.0,2.0,0.0,0.0
8309,13,18,0,1.0,0.0,0,19.0,14.0,10.0,6.0,15.0,10.0,4.0,10.0,0.0,1.0,0.0,0.0
8310,42,40,0,2.0,1.0,0,16.0,8.0,7.0,6.0,12.0,11.0,10.0,8.0,0.0,2.0,0.0,0.0
8311,2,29,2,0.0,0.0,1,5.0,15.0,3.0,7.0,9.0,14.0,3.0,5.0,1.0,1.0,0.0,0.0
8312,1,3,0,2.0,0.0,0,16.0,7.0,9.0,1.0,8.0,21.0,9.0,2.0,1.0,5.0,0.0,0.0
8313,45,26,2,0.0,2.0,2,7.0,11.0,2.0,5.0,12.0,12.0,6.0,8.0,1.0,0.0,0.0,0.0
8314,40,13,2,0.0,3.0,2,13.0,14.0,5.0,4.0,21.0,12.0,8.0,3.0,1.0,1.0,0.0,0.0
8315,0,19,0,1.0,1.0,1,11.0,3.0,6.0,1.0,10.0,16.0,6.0,4.0,3.0,1.0,0.0,0.0
8316,14,42,1,1.0,1.0,1,16.0,8.0,8.0,5.0,7.0,15.0,11.0,3.0,1.0,1.0,0.0,0.0
8317,28,44,2,1.0,1.0,1,12.0,9.0,7.0,5.0,10.0,17.0,6.0,6.0,1.0,2.0,0.0,1.0
8318,38,29,2,0.0,2.0,2,9.0,13.0,4.0,8.0,15.0,13.0,7.0,6.0,2.0,0.0,0.0,0.0
8319,5,2,0,1.0,1.0,1,15.0,11.0,10.0,6.0,16.0,10.0,7.0,4.0,2.0,2.0,0.0,0.0
8320,18,24,0,0.0,0.0,1,13.0,8.0,5.0,2.0,6.0,16.0,6.0,4.0,0.0,1.0,0.0,0.0
8321,26,0,1,0.0,1.0,2,16.0,20.0,12.0,15.0,14.0,11.0,9.0,10.0,1.0,1.0,0.0,0.0
8322,28,19,0,1.0,1.0,1,11.0,6.0,4.0,2.0,10.0,10.0,9.0,3.0,3.0,1.0,0.0,0.0
8323,42,31,2,0.0,0.0,1,13.0,15.0,7.0,8.0,14.0,9.0,5.0,4.0,0.0,1.0,0.0,0.0
8324,45,3,0,0.0,1.0,2,9.0,4.0,7.0,1.0,16.0,14.0,5.0,4.0,1.0,1.0,0.0,0.0
8325,44,13,2,0.0,0.0,1,15.0,3.0,6.0,2.0,12.0,14.0,6.0,6.0,0.0,2.0,0.0,0.0
8326,40,38,2,0.0,0.0,1,10.0,12.0,4.0,6.0,9.0,13.0,5.0,2.0,1.0,0.0,0.0,0.0
8327,14,24,0,0.0,1.0,2,13.0,5.0,7.0,5.0,6.0,6.0,7.0,3.0,2.0,1.0,0.0,0.0
8328,30,1,2,2.0,2.0,1,13.0,15.0,8.0,9.0,13.0,11.0,6.0,3.0,1.0,2.0,0.0,0.0
8329,5,18,2,0.0,2.0,2,7.0,6.0,5.0,4.0,8.0,15.0,5.0,6.0,2.0,1.0,0.0,0.0
8330,13,45,0,2.0,1.0,0,12.0,11.0,4.0,3.0,11.0,7.0,8.0,2.0,0.0,1.0,0.0,0.0
8331,31,5,0,1.0,0.0,0,10.0,12.0,7.0,4.0,15.0,6.0,7.0,3.0,1.0,2.0,0.0,0.0
8332,0,45,0,1.0,1.0,1,24.0,5.0,13.0,2.0,17.0,9.0,12.0,1.0,3.0,1.0,0.0,1.0
8333,19,30,0,1.0,0.0,0,18.0,8.0,6.0,4.0,12.0,12.0,8.0,4.0,0.0,1.0,0.0,0.0
8334,3,2,1,1.0,0.0,0,14.0,15.0,10.0,7.0,16.0,15.0,4.0,11.0,2.0,3.0,1.0,0.0
8335,24,44,1,0.0,0.0,1,10.0,8.0,4.0,1.0,11.0,12.0,6.0,5.0,1.0,1.0,0.0,1.0
8336,38,26,2,0.0,1.0,2,8.0,17.0,4.0,7.0,8.0,10.0,6.0,4.0,1.0,1.0,0.0,0.0
8337,31,28,0,1.0,0.0,0,13.0,6.0,10.0,2.0,13.0,13.0,7.0,1.0,0.0,1.0,0.0,0.0
8338,29,14,0,1.0,1.0,1,10.0,10.0,8.0,5.0,9.0,9.0,6.0,6.0,0.0,0.0,0.0,0.0
8339,1,42,2,0.0,0.0,1,11.0,10.0,5.0,6.0,9.0,11.0,11.0,5.0,1.0,3.0,0.0,0.0
8340,18,40,0,0.0,1.0,2,15.0,7.0,9.0,5.0,14.0,19.0,13.0,8.0,2.0,3.0,0.0,0.0
8341,13,5,1,0.0,0.0,1,10.0,10.0,5.0,5.0,11.0,12.0,7.0,7.0,0.0,0.0,0.0,0.0
8342,2,0,2,0.0,2.0,2,10.0,12.0,4.0,9.0,13.0,17.0,7.0,5.0,2.0,2.0,0.0,0.0
8343,42,18,0,1.0,1.0,1,18.0,13.0,12.0,10.0,12.0,10.0,9.0,9.0,1.0,1.0,0.0,0.0
8344,30,38,1,0.0,1.0,2,12.0,17.0,4.0,8.0,7.0,10.0,7.0,4.0,0.0,2.0,0.0,0.0
8345,28,24,0,1.0,0.0,0,11.0,4.0,5.0,3.0,9.0,12.0,8.0,8.0,0.0,4.0,0.0,0.0
8346,40,3,1,0.0,0.0,1,9.0,12.0,4.0,4.0,18.0,12.0,3.0,4.0,1.0,3.0,0.0,0.0
8347,26,1,1,1.0,0.0,0,19.0,8.0,11.0,3.0,11.0,18.0,9.0,2.0,1.0,2.0,0.0,0.0
8348,44,29,2,1.0,2.0,2,9.0,9.0,3.0,4.0,10.0,7.0,2.0,6.0,0.0,1.0,0.0,0.0
8349,5,19,1,0.0,0.0,1,17.0,13.0,5.0,8.0,15.0,16.0,7.0,4.0,1.0,2.0,0.0,0.0
8350,14,13,0,3.0,1.0,0,15.0,6.0,7.0,5.0,9.0,13.0,8.0,4.0,4.0,3.0,0.0,0.0
8351,45,31,1,2.0,1.0,0,13.0,12.0,8.0,7.0,17.0,18.0,5.0,3.0,0.0,1.0,0.0,0.0
8352,31,26,0,1.0,0.0,0,8.0,5.0,5.0,4.0,6.0,20.0,4.0,4.0,1.0,3.0,0.0,1.0
8353,18,28,1,1.0,1.0,1,12.0,9.0,5.0,2.0,13.0,19.0,4.0,1.0,1.0,2.0,0.0,0.0
8354,1,5,0,1.0,0.0,0,12.0,9.0,7.0,4.0,14.0,4.0,9.0,8.0,2.0,0.0,0.0,0.0
8355,24,2,0,1.0,0.0,0,12.0,9.0,6.0,5.0,14.0,9.0,5.0,8.0,1.0,2.0,0.0,0.0
8356,0,14,0,1.0,0.0,0,7.0,8.0,7.0,7.0,13.0,9.0,2.0,7.0,0.0,0.0,0.0,0.0
8357,3,30,0,0.0,0.0,1,17.0,7.0,10.0,3.0,15.0,8.0,5.0,2.0,0.0,0.0,0.0,0.0
8358,29,40,0,0.0,1.0,2,31.0,4.0,18.0,1.0,12.0,11.0,10.0,2.0,2.0,1.0,0.0,0.0
8359,38,42,0,0.0,0.0,1,12.0,11.0,6.0,7.0,15.0,5.0,5.0,5.0,0.0,0.0,0.0,0.0
8360,0,26,1,0.0,0.0,1,13.0,9.0,6.0,2.0,14.0,15.0,15.0,4.0,1.0,3.0,0.0,0.0
8361,31,42,0,1.0,0.0,0,14.0,9.0,10.0,6.0,9.0,12.0,7.0,6.0,1.0,2.0,0.0,0.0
8362,18,5,1,0.0,0.0,1,15.0,3.0,9.0,1.0,11.0,13.0,8.0,4.0,1.0,4.0,0.0,0.0
8363,19,28,2,0.0,0.0,1,15.0,13.0,7.0,8.0,7.0,14.0,4.0,13.0,0.0,1.0,0.0,0.0
8364,1,30,0,1.0,0.0,0,11.0,12.0,9.0,4.0,14.0,7.0,3.0,8.0,3.0,2.0,0.0,1.0
8365,29,2,0,1.0,0.0,0,22.0,7.0,10.0,2.0,12.0,9.0,13.0,4.0,1.0,2.0,0.0,0.0
8366,3,45,1,1.0,1.0,1,11.0,7.0,3.0,1.0,11.0,12.0,4.0,1.0,3.0,2.0,0.0,0.0
8367,24,14,0,2.0,0.0,0,6.0,17.0,4.0,4.0,20.0,16.0,3.0,7.0,2.0,0.0,0.0,0.0
8368,13,44,0,1.0,0.0,0,8.0,18.0,5.0,8.0,13.0,20.0,6.0,10.0,2.0,3.0,0.0,0.0
8369,38,40,0,0.0,0.0,1,18.0,4.0,6.0,1.0,7.0,18.0,17.0,3.0,1.0,2.0,0.0,0.0
8370,45,19,1,0.0,0.0,1,11.0,11.0,5.0,5.0,16.0,11.0,7.0,1.0,2.0,1.0,1.0,0.0
8371,28,1,0,1.0,1.0,1,13.0,11.0,10.0,5.0,10.0,11.0,7.0,8.0,0.0,1.0,0.0,0.0
8372,2,18,1,1.0,1.0,1,6.0,8.0,3.0,5.0,16.0,21.0,0.0,4.0,1.0,1.0,0.0,1.0
8373,42,13,1,0.0,1.0,2,20.0,10.0,12.0,7.0,10.0,11.0,9.0,2.0,2.0,1.0,1.0,0.0
8374,26,3,1,1.0,0.0,0,12.0,10.0,6.0,5.0,8.0,6.0,7.0,4.0,1.0,1.0,0.0,0.0
8375,40,24,2,1.0,0.0,0,18.0,11.0,6.0,4.0,12.0,11.0,8.0,3.0,0.0,1.0,0.0,0.0
8376,44,0,2,1.0,0.0,0,6.0,11.0,2.0,4.0,20.0,8.0,5.0,7.0,1.0,0.0,0.0,0.0
8377,30,29,0,1.0,0.0,0,13.0,14.0,5.0,6.0,7.0,12.0,5.0,8.0,1.0,1.0,0.0,0.0
8378,14,38,1,0.0,0.0,1,11.0,10.0,4.0,6.0,13.0,12.0,6.0,5.0,1.0,2.0,0.0,0.0
8379,5,31,0,3.0,1.0,0,11.0,14.0,7.0,8.0,12.0,16.0,6.0,8.0,1.0,2.0,0.0,0.0
8380,28,42,2,1.0,1.0,1,19.0,9.0,18.0,9.0,6.0,7.0,7.0,9.0,2.0,3.0,0.0,1.0
8381,26,18,1,0.0,0.0,1,14.0,5.0,8.0,2.0,14.0,20.0,7.0,4.0,3.0,4.0,0.0,0.0
8382,3,29,0,1.0,0.0,0,9.0,12.0,3.0,6.0,8.0,10.0,7.0,8.0,0.0,1.0,0.0,0.0
8383,44,40,1,2.0,0.0,0,9.0,11.0,5.0,7.0,22.0,15.0,8.0,10.0,2.0,1.0,0.0,0.0
8384,14,1,0,1.0,0.0,0,16.0,12.0,8.0,4.0,9.0,18.0,6.0,4.0,0.0,3.0,0.0,0.0
8385,24,38,1,0.0,0.0,1,19.0,10.0,11.0,4.0,15.0,14.0,7.0,4.0,0.0,1.0,0.0,0.0
8386,2,13,1,0.0,1.0,2,8.0,8.0,5.0,5.0,15.0,21.0,5.0,5.0,4.0,4.0,1.0,0.0
8387,31,19,0,1.0,0.0,0,19.0,6.0,14.0,0.0,5.0,10.0,7.0,6.0,0.0,2.0,0.0,1.0
8388,45,5,1,1.0,0.0,0,13.0,6.0,6.0,3.0,13.0,9.0,7.0,4.0,0.0,1.0,0.0,0.0
8389,0,30,0,1.0,0.0,0,26.0,3.0,14.0,1.0,8.0,14.0,13.0,3.0,1.0,3.0,0.0,1.0
8390,5,24,2,0.0,2.0,2,17.0,9.0,9.0,7.0,9.0,14.0,5.0,3.0,1.0,3.0,0.0,0.0
8391,40,26,0,1.0,0.0,0,7.0,11.0,3.0,4.0,12.0,7.0,9.0,10.0,0.0,2.0,0.0,0.0
8392,42,0,1,1.0,1.0,1,14.0,6.0,10.0,4.0,14.0,11.0,5.0,6.0,3.0,2.0,0.0,0.0
8393,19,2,2,0.0,1.0,2,7.0,2.0,0.0,1.0,11.0,22.0,7.0,1.0,3.0,7.0,0.0,1.0
8394,29,45,0,2.0,0.0,0,14.0,10.0,10.0,3.0,12.0,11.0,7.0,4.0,0.0,1.0,0.0,0.0
8395,38,31,1,0.0,0.0,1,16.0,17.0,9.0,11.0,12.0,11.0,8.0,8.0,0.0,0.0,0.0,0.0
8396,30,14,1,1.0,1.0,1,9.0,16.0,6.0,11.0,9.0,14.0,5.0,8.0,0.0,1.0,0.0,0.0
8397,13,28,1,0.0,0.0,1,12.0,14.0,5.0,9.0,12.0,12.0,5.0,3.0,2.0,1.0,0.0,0.0
8398,18,3,0,2.0,1.0,0,12.0,17.0,7.0,9.0,14.0,16.0,5.0,10.0,1.0,2.0,0.0,1.0
8399,1,44,0,1.0,1.0,1,23.0,13.0,12.0,3.0,20.0,14.0,8.0,2.0,3.0,1.0,1.0,0.0
8400,40,28,2,0.0,1.0,2,8.0,11.0,6.0,7.0,11.0,12.0,10.0,5.0,0.0,2.0,0.0,0.0
8401,42,44,0,2.0,0.0,0,10.0,13.0,6.0,7.0,16.0,10.0,4.0,3.0,2.0,1.0,0.0,0.0
8402,1,31,2,0.0,0.0,1,12.0,11.0,4.0,5.0,9.0,10.0,6.0,5.0,2.0,0.0,0.0,0.0
8403,13,26,0,1.0,0.0,0,14.0,17.0,11.0,7.0,14.0,12.0,4.0,5.0,3.0,3.0,0.0,0.0
8404,30,45,1,0.0,0.0,1,12.0,14.0,5.0,8.0,13.0,13.0,5.0,7.0,1.0,1.0,0.0,0.0
8405,18,14,2,1.0,2.0,2,14.0,13.0,6.0,10.0,13.0,17.0,9.0,4.0,1.0,6.0,1.0,0.0
8406,5,3,1,1.0,0.0,0,18.0,13.0,7.0,7.0,16.0,10.0,3.0,11.0,2.0,2.0,0.0,0.0
8407,38,2,0,0.0,0.0,1,13.0,6.0,8.0,2.0,7.0,6.0,6.0,9.0,0.0,2.0,0.0,0.0
8408,19,24,0,1.0,0.0,0,10.0,6.0,3.0,4.0,10.0,14.0,9.0,1.0,3.0,4.0,0.0,0.0
8409,29,0,0,1.0,0.0,0,8.0,12.0,6.0,5.0,16.0,12.0,6.0,7.0,1.0,2.0,0.0,0.0
8410,45,38,2,0.0,0.0,1,14.0,9.0,7.0,3.0,10.0,11.0,6.0,1.0,1.0,1.0,0.0,0.0
8411,26,29,2,0.0,0.0,1,13.0,5.0,7.0,4.0,13.0,11.0,5.0,2.0,1.0,4.0,0.0,0.0
8412,24,13,2,1.0,0.0,0,18.0,14.0,6.0,10.0,14.0,15.0,5.0,11.0,1.0,1.0,0.0,0.0
8413,31,18,0,0.0,1.0,2,24.0,7.0,15.0,5.0,13.0,18.0,11.0,2.0,0.0,1.0,0.0,1.0
8414,14,40,0,0.0,0.0,1,15.0,1.0,11.0,0.0,7.0,12.0,9.0,5.0,0.0,3.0,0.0,0.0
8415,28,5,0,1.0,0.0,0,13.0,3.0,10.0,3.0,10.0,10.0,11.0,2.0,0.0,2.0,0.0,0.0
8416,44,30,0,0.0,0.0,1,16.0,11.0,8.0,2.0,13.0,8.0,5.0,9.0,0.0,1.0,0.0,0.0
8417,2,42,1,0.0,0.0,1,13.0,7.0,6.0,3.0,19.0,16.0,1.0,2.0,1.0,0.0,0.0,0.0
8418,3,19,0,1.0,0.0,0,8.0,9.0,4.0,7.0,19.0,16.0,6.0,6.0,1.0,2.0,0.0,0.0
8419,0,1,0,1.0,0.0,0,13.0,12.0,7.0,5.0,11.0,20.0,6.0,9.0,2.0,3.0,0.0,0.0
8420,13,3,0,0.0,0.0,1,13.0,12.0,9.0,7.0,16.0,17.0,5.0,7.0,2.0,0.0,0.0,0.0
8421,42,24,0,2.0,0.0,0,11.0,8.0,6.0,4.0,18.0,16.0,3.0,1.0,3.0,7.0,0.0,0.0
8422,30,28,0,0.0,0.0,1,18.0,9.0,7.0,5.0,5.0,12.0,6.0,6.0,0.0,3.0,0.0,1.0
8423,38,0,0,1.0,1.0,1,8.0,7.0,3.0,2.0,12.0,16.0,3.0,8.0,1.0,2.0,0.0,1.0
8424,19,26,0,2.0,0.0,0,11.0,14.0,10.0,11.0,14.0,9.0,1.0,8.0,1.0,0.0,1.0,0.0
8425,18,44,0,1.0,0.0,0,17.0,13.0,9.0,8.0,14.0,11.0,10.0,6.0,2.0,2.0,0.0,0.0
8426,29,31,0,3.0,1.0,0,11.0,10.0,9.0,7.0,14.0,9.0,6.0,1.0,2.0,2.0,0.0,0.0
8427,1,45,0,1.0,0.0,0,23.0,15.0,11.0,8.0,11.0,15.0,6.0,4.0,3.0,2.0,0.0,0.0
8428,40,2,2,0.0,0.0,1,7.0,11.0,2.0,9.0,18.0,17.0,5.0,7.0,3.0,3.0,0.0,0.0
8429,5,14,1,0.0,0.0,1,15.0,15.0,8.0,11.0,4.0,9.0,9.0,10.0,2.0,4.0,0.0,1.0
8430,2,19,1,0.0,0.0,1,11.0,4.0,6.0,1.0,17.0,15.0,9.0,1.0,2.0,1.0,0.0,2.0
8431,3,18,2,0.0,1.0,2,16.0,9.0,6.0,6.0,10.0,19.0,12.0,4.0,3.0,1.0,0.0,0.0
8432,45,29,1,0.0,1.0,2,3.0,11.0,1.0,4.0,13.0,14.0,10.0,6.0,1.0,1.0,0.0,0.0
8433,26,40,1,0.0,0.0,1,27.0,0.0,12.0,0.0,6.0,10.0,12.0,0.0,0.0,1.0,0.0,0.0
8434,24,5,2,1.0,1.0,1,12.0,14.0,3.0,7.0,19.0,9.0,2.0,4.0,2.0,0.0,0.0,0.0
8435,31,38,0,1.0,1.0,1,18.0,8.0,13.0,3.0,7.0,18.0,6.0,2.0,1.0,3.0,0.0,0.0
8436,14,30,0,0.0,0.0,1,13.0,7.0,5.0,4.0,9.0,11.0,5.0,7.0,2.0,1.0,0.0,0.0
8437,0,42,0,1.0,0.0,0,17.0,6.0,12.0,5.0,15.0,10.0,3.0,1.0,0.0,2.0,0.0,1.0
8438,44,1,1,0.0,0.0,1,10.0,8.0,5.0,5.0,15.0,15.0,8.0,6.0,2.0,3.0,0.0,0.0
8439,28,13,2,0.0,0.0,1,15.0,13.0,4.0,4.0,10.0,16.0,7.0,5.0,0.0,4.0,0.0,0.0
8440,45,24,2,1.0,4.0,2,19.0,12.0,9.0,8.0,14.0,11.0,5.0,4.0,5.0,3.0,0.0,0.0
8441,40,42,0,0.0,0.0,1,13.0,9.0,5.0,3.0,10.0,18.0,4.0,5.0,0.0,2.0,0.0,0.0
8442,14,2,0,3.0,0.0,0,16.0,7.0,10.0,2.0,7.0,6.0,7.0,3.0,1.0,1.0,0.0,0.0
8443,38,3,1,1.0,0.0,0,21.0,11.0,12.0,3.0,13.0,13.0,5.0,4.0,0.0,2.0,0.0,1.0
8444,18,13,0,1.0,0.0,0,11.0,5.0,2.0,1.0,14.0,13.0,7.0,3.0,2.0,3.0,0.0,0.0
8445,1,19,0,1.0,0.0,0,9.0,8.0,7.0,4.0,12.0,10.0,4.0,6.0,3.0,2.0,0.0,0.0
8446,0,31,0,1.0,0.0,0,16.0,3.0,10.0,2.0,11.0,12.0,11.0,0.0,0.0,2.0,0.0,0.0
8447,30,26,0,0.0,0.0,1,11.0,13.0,3.0,7.0,10.0,8.0,5.0,2.0,1.0,0.0,0.0,0.0
8448,5,44,1,0.0,1.0,2,15.0,5.0,8.0,1.0,14.0,13.0,7.0,4.0,2.0,2.0,1.0,0.0
8449,28,29,0,2.0,1.0,0,11.0,9.0,6.0,6.0,12.0,16.0,0.0,9.0,1.0,2.0,0.0,0.0
8450,31,30,0,1.0,0.0,0,18.0,12.0,13.0,9.0,16.0,7.0,7.0,5.0,2.0,2.0,0.0,1.0
8451,42,14,1,0.0,0.0,1,15.0,14.0,7.0,4.0,17.0,12.0,8.0,2.0,3.0,2.0,0.0,0.0
8452,19,0,2,0.0,1.0,2,5.0,6.0,4.0,3.0,10.0,21.0,10.0,5.0,1.0,2.0,0.0,0.0
8453,13,40,1,0.0,1.0,2,19.0,9.0,12.0,7.0,8.0,14.0,6.0,8.0,1.0,4.0,0.0,0.0
8454,3,1,1,0.0,0.0,1,17.0,11.0,6.0,4.0,15.0,10.0,10.0,3.0,1.0,2.0,0.0,0.0
8455,24,18,2,0.0,0.0,1,18.0,12.0,5.0,7.0,14.0,20.0,9.0,9.0,3.0,3.0,0.0,0.0
8456,2,5,0,0.0,0.0,1,12.0,11.0,6.0,7.0,12.0,19.0,8.0,5.0,2.0,4.0,0.0,1.0
8457,26,45,0,1.0,0.0,0,13.0,5.0,9.0,1.0,7.0,8.0,6.0,0.0,0.0,0.0,0.0,0.0
8458,29,38,0,1.0,1.0,1,16.0,12.0,8.0,5.0,12.0,18.0,10.0,2.0,0.0,1.0,0.0,0.0
8459,44,28,2,0.0,0.0,1,5.0,10.0,4.0,4.0,10.0,10.0,5.0,4.0,2.0,2.0,0.0,0.0
8460,5,40,1,0.0,1.0,2,14.0,8.0,7.0,4.0,12.0,9.0,5.0,2.0,1.0,2.0,0.0,0.0
8461,38,19,0,2.0,2.0,1,13.0,5.0,8.0,4.0,12.0,19.0,3.0,5.0,1.0,2.0,0.0,0.0
8462,45,18,2,0.0,0.0,1,16.0,10.0,9.0,5.0,12.0,12.0,5.0,3.0,0.0,0.0,0.0,0.0
8463,31,13,0,1.0,1.0,1,16.0,6.0,12.0,5.0,12.0,14.0,14.0,5.0,2.0,1.0,0.0,0.0
8464,0,3,2,1.0,1.0,1,19.0,3.0,9.0,2.0,11.0,14.0,15.0,3.0,1.0,3.0,0.0,1.0
8465,14,44,0,1.0,0.0,0,10.0,7.0,5.0,5.0,6.0,7.0,5.0,5.0,0.0,1.0,0.0,0.0
8466,29,1,1,0.0,1.0,2,15.0,9.0,6.0,3.0,7.0,16.0,8.0,5.0,1.0,0.0,0.0,0.0
8467,2,28,2,0.0,1.0,2,9.0,8.0,4.0,4.0,10.0,16.0,6.0,1.0,2.0,2.0,0.0,0.0
8468,26,42,0,0.0,0.0,1,9.0,10.0,5.0,8.0,11.0,19.0,5.0,7.0,2.0,4.0,0.0,0.0
8469,30,24,1,1.0,1.0,1,16.0,7.0,7.0,7.0,17.0,17.0,11.0,2.0,3.0,2.0,1.0,1.0
8470,19,45,2,0.0,0.0,1,6.0,6.0,2.0,4.0,18.0,11.0,7.0,6.0,2.0,3.0,1.0,0.0
8471,1,38,2,0.0,0.0,1,18.0,13.0,11.0,7.0,13.0,11.0,7.0,4.0,3.0,1.0,1.0,0.0
8472,13,30,0,1.0,0.0,0,14.0,9.0,7.0,5.0,11.0,19.0,5.0,4.0,1.0,3.0,0.0,0.0
8473,42,5,0,0.0,0.0,1,6.0,5.0,3.0,1.0,8.0,11.0,7.0,3.0,0.0,1.0,0.0,0.0
8474,3,31,0,2.0,1.0,0,21.0,5.0,11.0,5.0,16.0,9.0,7.0,5.0,0.0,2.0,0.0,1.0
8475,19,29,1,1.0,0.0,0,12.0,8.0,6.0,5.0,9.0,13.0,6.0,1.0,1.0,3.0,0.0,0.0
8476,44,2,1,0.0,0.0,1,18.0,7.0,7.0,1.0,15.0,12.0,12.0,2.0,3.0,2.0,0.0,1.0
8477,40,45,2,0.0,1.0,2,7.0,7.0,2.0,1.0,16.0,17.0,9.0,4.0,1.0,1.0,0.0,0.0
8478,24,26,2,0.0,0.0,1,12.0,13.0,5.0,6.0,13.0,13.0,9.0,9.0,1.0,2.0,0.0,0.0
8479,18,0,0,1.0,1.0,1,10.0,9.0,6.0,3.0,18.0,13.0,8.0,5.0,3.0,1.0,0.0,0.0
8480,28,14,2,0.0,0.0,1,11.0,8.0,8.0,6.0,11.0,10.0,3.0,7.0,1.0,2.0,0.0,0.0
8481,29,18,0,0.0,0.0,1,17.0,8.0,12.0,4.0,14.0,12.0,7.0,1.0,0.0,2.0,0.0,1.0
8482,26,14,0,0.0,0.0,1,12.0,8.0,8.0,0.0,10.0,13.0,3.0,1.0,0.0,2.0,0.0,0.0
8483,1,24,1,0.0,0.0,1,16.0,6.0,5.0,3.0,11.0,10.0,14.0,6.0,1.0,1.0,0.0,0.0
8484,3,42,2,0.0,1.0,2,12.0,9.0,7.0,6.0,17.0,11.0,6.0,3.0,1.0,0.0,0.0,0.0
8485,0,40,0,3.0,0.0,0,9.0,4.0,5.0,2.0,9.0,7.0,15.0,0.0,0.0,0.0,0.0,0.0
8486,19,13,0,1.0,0.0,0,9.0,14.0,5.0,7.0,9.0,13.0,4.0,8.0,1.0,2.0,0.0,0.0
8487,45,2,2,1.0,2.0,2,13.0,10.0,6.0,4.0,20.0,11.0,8.0,2.0,2.0,1.0,0.0,0.0
8488,30,5,0,1.0,0.0,0,13.0,11.0,2.0,4.0,9.0,10.0,5.0,5.0,0.0,3.0,0.0,0.0
8489,38,28,0,2.0,0.0,0,19.0,11.0,13.0,4.0,15.0,9.0,8.0,5.0,2.0,2.0,1.0,0.0
8490,31,44,0,1.0,1.0,1,14.0,5.0,8.0,3.0,11.0,9.0,11.0,6.0,1.0,2.0,0.0,0.0
8491,44,3,2,0.0,0.0,1,9.0,10.0,8.0,5.0,14.0,15.0,7.0,2.0,1.0,1.0,0.0,0.0
8492,28,26,2,0.0,1.0,2,14.0,9.0,6.0,6.0,7.0,9.0,12.0,3.0,0.0,0.0,0.0,0.0
8493,18,19,0,2.0,0.0,0,15.0,12.0,9.0,6.0,13.0,18.0,8.0,4.0,1.0,3.0,0.0,0.0
8494,40,1,0,0.0,0.0,1,8.0,12.0,6.0,5.0,20.0,10.0,5.0,12.0,3.0,3.0,0.0,0.0
8495,2,31,2,0.0,1.0,2,11.0,13.0,5.0,6.0,18.0,9.0,5.0,10.0,3.0,0.0,0.0,0.0
8496,5,38,1,0.0,0.0,1,19.0,10.0,10.0,6.0,5.0,16.0,9.0,7.0,1.0,0.0,0.0,0.0
8497,14,45,2,1.0,1.0,1,12.0,16.0,9.0,11.0,17.0,7.0,5.0,7.0,1.0,4.0,0.0,0.0
8498,42,30,2,0.0,1.0,2,12.0,18.0,4.0,12.0,9.0,11.0,4.0,11.0,1.0,1.0,0.0,0.0
8499,24,0,2,0.0,2.0,2,9.0,7.0,3.0,6.0,14.0,15.0,4.0,4.0,4.0,2.0,0.0,0.0
8500,13,29,2,1.0,0.0,0,7.0,13.0,3.0,7.0,12.0,8.0,3.0,6.0,2.0,3.0,0.0,0.0
8501,19,14,1,0.0,0.0,1,8.0,11.0,3.0,4.0,16.0,15.0,5.0,3.0,1.0,0.0,0.0,0.0
8502,1,18,0,1.0,0.0,0,12.0,14.0,8.0,7.0,13.0,15.0,5.0,5.0,0.0,1.0,0.0,0.0
8503,3,24,0,1.0,0.0,0,11.0,7.0,7.0,5.0,24.0,14.0,7.0,2.0,1.0,2.0,0.0,0.0
8504,26,44,0,0.0,0.0,1,23.0,5.0,14.0,2.0,8.0,11.0,9.0,2.0,2.0,2.0,0.0,1.0
8505,45,28,1,0.0,0.0,1,9.0,8.0,5.0,6.0,12.0,6.0,8.0,4.0,2.0,0.0,0.0,0.0
8506,30,2,0,1.0,0.0,0,9.0,12.0,4.0,3.0,22.0,13.0,6.0,3.0,3.0,4.0,0.0,0.0
8507,0,5,0,1.0,0.0,0,14.0,8.0,9.0,3.0,12.0,11.0,8.0,1.0,1.0,3.0,0.0,1.0
8508,29,42,0,0.0,0.0,1,16.0,10.0,9.0,5.0,11.0,8.0,10.0,5.0,1.0,1.0,0.0,0.0
8509,38,13,1,0.0,0.0,1,13.0,6.0,5.0,5.0,24.0,14.0,5.0,3.0,2.0,1.0,0.0,0.0
8510,31,40,0,2.0,0.0,0,11.0,8.0,6.0,4.0,8.0,15.0,8.0,3.0,2.0,4.0,0.0,0.0
8511,2,1,0,1.0,0.0,0,12.0,8.0,5.0,1.0,18.0,13.0,9.0,6.0,3.0,2.0,0.0,0.0
8512,42,45,0,0.0,0.0,1,12.0,11.0,3.0,1.0,16.0,16.0,5.0,6.0,2.0,2.0,0.0,1.0
8513,28,3,1,0.0,1.0,2,15.0,12.0,7.0,8.0,13.0,13.0,15.0,5.0,3.0,3.0,1.0,0.0
8514,14,31,0,2.0,0.0,0,7.0,5.0,5.0,0.0,9.0,9.0,2.0,4.0,1.0,4.0,0.0,0.0
8515,24,29,0,0.0,0.0,1,8.0,6.0,2.0,5.0,15.0,12.0,4.0,7.0,2.0,1.0,0.0,0.0
8516,40,19,2,0.0,1.0,2,8.0,5.0,5.0,4.0,12.0,13.0,11.0,6.0,2.0,2.0,0.0,0.0
8517,13,0,2,0.0,1.0,2,9.0,10.0,3.0,8.0,8.0,13.0,1.0,6.0,0.0,3.0,0.0,0.0
8518,18,30,0,1.0,1.0,1,13.0,10.0,8.0,5.0,18.0,12.0,10.0,4.0,2.0,1.0,0.0,0.0
8519,44,38,0,0.0,0.0,1,11.0,10.0,7.0,5.0,14.0,14.0,0.0,7.0,2.0,1.0,0.0,1.0
8520,5,26,2,0.0,1.0,2,7.0,12.0,5.0,8.0,10.0,9.0,7.0,4.0,2.0,2.0,0.0,0.0
8521,29,5,2,0.0,0.0,1,23.0,10.0,14.0,8.0,10.0,11.0,9.0,6.0,1.0,2.0,0.0,0.0
8522,26,2,1,1.0,0.0,0,12.0,6.0,10.0,3.0,6.0,10.0,1.0,2.0,0.0,1.0,0.0,0.0
8523,38,18,0,0.0,0.0,1,11.0,18.0,7.0,10.0,13.0,19.0,4.0,13.0,3.0,3.0,0.0,0.0
8524,45,44,2,0.0,1.0,2,5.0,6.0,3.0,5.0,11.0,15.0,8.0,4.0,1.0,0.0,0.0,0.0
8525,19,42,0,0.0,2.0,2,13.0,7.0,8.0,4.0,8.0,11.0,9.0,6.0,0.0,1.0,0.0,0.0
8526,3,14,2,2.0,1.0,0,11.0,14.0,6.0,9.0,15.0,16.0,9.0,4.0,2.0,3.0,0.0,0.0
8527,31,24,2,0.0,1.0,2,22.0,14.0,11.0,6.0,15.0,12.0,10.0,7.0,3.0,2.0,0.0,0.0
8528,1,13,0,0.0,0.0,1,12.0,8.0,5.0,2.0,16.0,16.0,6.0,2.0,0.0,1.0,0.0,0.0
8529,0,28,0,2.0,1.0,0,13.0,5.0,5.0,4.0,16.0,14.0,7.0,6.0,1.0,2.0,0.0,1.0
8530,30,40,0,2.0,0.0,0,9.0,8.0,7.0,6.0,16.0,12.0,6.0,8.0,3.0,3.0,0.0,0.0
8531,29,30,0,1.0,0.0,0,7.0,5.0,1.0,3.0,13.0,12.0,4.0,6.0,1.0,2.0,0.0,0.0
8532,26,31,1,0.0,0.0,1,22.0,11.0,11.0,6.0,7.0,25.0,12.0,3.0,1.0,2.0,0.0,0.0
8533,14,0,1,1.0,0.0,0,8.0,8.0,2.0,5.0,20.0,16.0,6.0,2.0,5.0,2.0,0.0,1.0
8534,5,1,0,0.0,0.0,1,13.0,12.0,6.0,5.0,9.0,11.0,4.0,5.0,2.0,3.0,0.0,0.0
8535,45,13,2,0.0,2.0,2,9.0,5.0,4.0,3.0,11.0,15.0,8.0,6.0,3.0,1.0,0.0,0.0
8536,2,24,0,1.0,0.0,0,9.0,8.0,5.0,6.0,14.0,16.0,2.0,5.0,3.0,3.0,0.0,0.0
8537,40,29,1,0.0,1.0,2,12.0,20.0,5.0,10.0,13.0,16.0,6.0,8.0,1.0,2.0,0.0,1.0
8538,30,3,0,0.0,0.0,1,7.0,10.0,3.0,7.0,19.0,16.0,8.0,6.0,3.0,3.0,0.0,0.0
8539,42,38,0,1.0,1.0,1,18.0,15.0,8.0,8.0,16.0,13.0,12.0,6.0,3.0,1.0,0.0,1.0
8540,44,19,0,0.0,0.0,1,8.0,6.0,5.0,1.0,17.0,16.0,5.0,7.0,4.0,3.0,0.0,0.0
8541,28,18,0,2.0,1.0,0,7.0,14.0,6.0,8.0,12.0,11.0,7.0,6.0,1.0,0.0,1.0,0.0
8542,3,26,1,1.0,1.0,1,7.0,5.0,4.0,3.0,17.0,10.0,5.0,2.0,3.0,1.0,0.0,0.0
8543,38,14,1,0.0,0.0,1,12.0,10.0,4.0,3.0,16.0,11.0,5.0,6.0,2.0,1.0,0.0,0.0
8544,24,40,2,0.0,0.0,1,20.0,9.0,9.0,4.0,13.0,11.0,8.0,1.0,2.0,0.0,0.0,0.0
8545,1,28,0,0.0,0.0,1,11.0,7.0,6.0,1.0,13.0,11.0,5.0,4.0,1.0,3.0,0.0,0.0
8546,18,2,1,0.0,0.0,1,11.0,5.0,4.0,2.0,18.0,12.0,7.0,4.0,0.0,3.0,1.0,0.0
8547,13,42,2,0.0,1.0,2,10.0,7.0,5.0,1.0,9.0,23.0,6.0,9.0,1.0,2.0,0.0,0.0
8548,0,44,0,3.0,0.0,0,10.0,8.0,8.0,6.0,9.0,9.0,1.0,1.0,3.0,2.0,0.0,0.0
8549,28,31,0,1.0,0.0,0,20.0,9.0,12.0,6.0,12.0,14.0,6.0,8.0,1.0,1.0,0.0,0.0
8550,44,24,2,0.0,1.0,2,12.0,11.0,2.0,4.0,9.0,11.0,7.0,3.0,1.0,1.0,0.0,0.0
8551,45,0,1,1.0,0.0,0,8.0,9.0,4.0,5.0,18.0,14.0,4.0,4.0,2.0,5.0,0.0,0.0
8552,40,18,2,0.0,1.0,2,13.0,11.0,3.0,5.0,10.0,15.0,10.0,4.0,1.0,0.0,0.0,0.0
8553,2,3,2,0.0,1.0,2,15.0,13.0,10.0,9.0,10.0,17.0,6.0,4.0,1.0,2.0,0.0,0.0
8554,42,1,0,1.0,0.0,0,8.0,18.0,3.0,8.0,20.0,15.0,2.0,5.0,2.0,0.0,0.0,0.0
8555,26,38,0,1.0,0.0,0,16.0,7.0,9.0,1.0,11.0,8.0,5.0,8.0,0.0,1.0,0.0,0.0
8556,30,19,1,1.0,0.0,0,6.0,10.0,3.0,4.0,18.0,7.0,8.0,11.0,4.0,2.0,0.0,0.0
8557,5,13,2,1.0,1.0,1,15.0,8.0,9.0,4.0,9.0,11.0,4.0,6.0,1.0,1.0,0.0,0.0
8558,14,29,1,2.0,1.0,0,11.0,9.0,5.0,7.0,13.0,9.0,3.0,3.0,3.0,2.0,0.0,0.0
8559,31,45,0,0.0,0.0,1,13.0,7.0,10.0,4.0,7.0,9.0,7.0,1.0,1.0,2.0,0.0,0.0
8560,1,26,2,0.0,0.0,1,11.0,12.0,5.0,6.0,9.0,5.0,6.0,8.0,2.0,2.0,0.0,0.0
8561,0,2,0,2.0,0.0,0,15.0,7.0,7.0,1.0,6.0,11.0,9.0,2.0,0.0,1.0,0.0,1.0
8562,29,44,0,0.0,0.0,1,20.0,6.0,13.0,5.0,9.0,12.0,9.0,1.0,1.0,1.0,0.0,1.0
8563,24,28,0,2.0,0.0,0,13.0,18.0,8.0,10.0,13.0,13.0,2.0,7.0,1.0,1.0,0.0,0.0
8564,19,5,0,3.0,1.0,0,13.0,3.0,6.0,1.0,16.0,12.0,7.0,4.0,1.0,2.0,0.0,0.0
8565,13,14,2,2.0,1.0,0,5.0,21.0,5.0,12.0,10.0,12.0,3.0,6.0,0.0,3.0,1.0,0.0
8566,38,30,1,0.0,0.0,1,12.0,11.0,5.0,5.0,11.0,14.0,3.0,4.0,0.0,0.0,0.0,0.0
8567,18,42,1,1.0,0.0,0,13.0,10.0,9.0,5.0,18.0,4.0,10.0,5.0,1.0,1.0,0.0,0.0
8568,3,40,1,0.0,0.0,1,15.0,7.0,5.0,3.0,14.0,11.0,9.0,1.0,1.0,2.0,0.0,0.0
8569,40,17,1,1.0,0.0,0,26.0,5.0,12.0,3.0,11.0,14.0,4.0,2.0,0.0,1.0,0.0,0.0
8570,38,31,0,2.0,0.0,0,7.0,16.0,3.0,8.0,15.0,11.0,3.0,6.0,0.0,1.0,1.0,0.0
8571,0,18,0,2.0,2.0,1,17.0,14.0,6.0,6.0,7.0,5.0,4.0,3.0,0.0,0.0,0.0,0.0
8572,26,22,0,2.0,0.0,0,15.0,7.0,8.0,2.0,13.0,5.0,0.0,7.0,0.0,0.0,0.0,0.0
8573,3,19,0,0.0,0.0,1,17.0,6.0,13.0,2.0,13.0,7.0,2.0,7.0,3.0,0.0,0.0,0.0
8574,25,42,0,0.0,0.0,1,10.0,13.0,6.0,6.0,5.0,6.0,6.0,9.0,0.0,0.0,0.0,0.0
8575,29,13,1,0.0,0.0,1,13.0,11.0,6.0,6.0,8.0,7.0,7.0,4.0,2.0,0.0,0.0,0.0
8576,24,30,0,0.0,0.0,1,19.0,7.0,5.0,3.0,13.0,15.0,8.0,8.0,2.0,0.0,0.0,0.0
8577,45,5,0,1.0,0.0,0,17.0,10.0,10.0,4.0,9.0,13.0,9.0,5.0,2.0,1.0,0.0,0.0
8578,14,1,2,0.0,1.0,2,15.0,15.0,6.0,11.0,14.0,18.0,7.0,6.0,0.0,1.0,0.0,0.0
8579,26,3,0,2.0,1.0,0,15.0,9.0,7.0,7.0,9.0,12.0,8.0,7.0,1.0,1.0,0.0,0.0
8580,29,0,2,0.0,0.0,1,9.0,5.0,3.0,2.0,21.0,16.0,6.0,5.0,4.0,2.0,0.0,0.0
8581,5,0,2,0.0,2.0,2,7.0,8.0,1.0,4.0,10.0,8.0,7.0,3.0,0.0,0.0,0.0,0.0
8582,18,3,2,0.0,1.0,2,10.0,14.0,4.0,6.0,12.0,9.0,9.0,5.0,2.0,2.0,0.0,0.0
8583,17,24,2,0.0,1.0,2,9.0,10.0,1.0,4.0,12.0,19.0,5.0,6.0,2.0,0.0,0.0,0.0
8584,13,40,1,1.0,2.0,2,11.0,6.0,7.0,3.0,16.0,13.0,10.0,5.0,2.0,3.0,0.0,0.0
8585,31,45,0,1.0,1.0,1,16.0,11.0,5.0,5.0,10.0,8.0,8.0,2.0,1.0,2.0,0.0,0.0
8586,42,26,0,1.0,0.0,0,11.0,11.0,5.0,7.0,9.0,11.0,3.0,8.0,1.0,1.0,0.0,0.0
8587,30,14,2,0.0,2.0,2,10.0,14.0,2.0,8.0,11.0,13.0,4.0,6.0,3.0,1.0,0.0,0.0
8588,19,25,1,0.0,0.0,1,9.0,4.0,2.0,2.0,12.0,15.0,7.0,2.0,3.0,4.0,0.0,0.0
8589,22,29,2,0.0,1.0,2,12.0,16.0,4.0,8.0,11.0,10.0,5.0,5.0,2.0,0.0,0.0,0.0
8590,1,38,0,2.0,0.0,0,8.0,7.0,5.0,3.0,11.0,8.0,7.0,1.0,2.0,1.0,0.0,0.0
8591,22,30,0,0.0,0.0,1,17.0,13.0,7.0,4.0,13.0,13.0,4.0,5.0,0.0,2.0,0.0,0.0
8592,0,45,0,0.0,0.0,1,20.0,5.0,9.0,1.0,12.0,13.0,12.0,2.0,2.0,2.0,0.0,0.0
8593,3,31,1,1.0,0.0,0,12.0,21.0,5.0,9.0,15.0,11.0,6.0,6.0,0.0,2.0,0.0,0.0
8594,19,5,0,1.0,0.0,0,12.0,7.0,7.0,2.0,5.0,9.0,3.0,6.0,0.0,0.0,0.0,0.0
8595,0,22,0,0.0,0.0,1,20.0,7.0,8.0,2.0,9.0,9.0,14.0,2.0,1.0,0.0,0.0,0.0
8596,30,3,2,0.0,1.0,2,8.0,9.0,2.0,5.0,15.0,21.0,7.0,9.0,3.0,3.0,1.0,0.0
8597,24,19,2,0.0,0.0,1,9.0,7.0,4.0,4.0,12.0,16.0,1.0,4.0,2.0,3.0,0.0,0.0
8598,45,40,0,1.0,0.0,0,16.0,10.0,7.0,5.0,8.0,9.0,9.0,6.0,3.0,2.0,0.0,0.0
8599,31,13,0,1.0,0.0,0,12.0,4.0,8.0,1.0,12.0,9.0,8.0,7.0,1.0,2.0,0.0,0.0
8600,38,18,2,0.0,1.0,2,6.0,7.0,0.0,5.0,13.0,18.0,1.0,7.0,2.0,0.0,0.0,0.0
8601,25,1,1,1.0,2.0,2,10.0,16.0,7.0,11.0,11.0,15.0,5.0,4.0,1.0,0.0,0.0,0.0
8602,14,29,2,0.0,2.0,2,7.0,6.0,2.0,5.0,9.0,6.0,12.0,5.0,4.0,1.0,0.0,0.0
8603,5,42,1,0.0,1.0,2,13.0,10.0,6.0,4.0,13.0,15.0,13.0,3.0,1.0,3.0,0.0,0.0
8604,26,17,0,1.0,0.0,0,13.0,4.0,5.0,1.0,8.0,16.0,9.0,4.0,0.0,3.0,0.0,0.0
8605,18,25,1,0.0,2.0,2,16.0,6.0,8.0,2.0,15.0,6.0,13.0,4.0,1.0,1.0,0.0,0.0
8606,1,24,2,0.0,1.0,2,10.0,5.0,5.0,2.0,16.0,18.0,7.0,2.0,2.0,3.0,0.0,0.0
8607,42,45,1,0.0,0.0,1,16.0,12.0,6.0,5.0,11.0,6.0,3.0,5.0,0.0,0.0,0.0,0.0
8608,13,38,1,1.0,0.0,0,8.0,10.0,5.0,6.0,21.0,12.0,7.0,5.0,2.0,2.0,0.0,0.0
8609,17,31,2,0.0,0.0,1,6.0,15.0,2.0,9.0,13.0,11.0,6.0,2.0,3.0,1.0,0.0,0.0
8610,40,26,2,0.0,0.0,1,10.0,10.0,5.0,5.0,10.0,11.0,4.0,3.0,1.0,2.0,1.0,0.0
8611,3,14,1,0.0,0.0,1,15.0,8.0,7.0,2.0,7.0,13.0,5.0,5.0,0.0,0.0,0.0,0.0
8612,31,19,1,1.0,0.0,0,7.0,5.0,4.0,3.0,16.0,10.0,6.0,2.0,1.0,0.0,0.0,0.0
8613,24,40,0,1.0,0.0,0,14.0,8.0,7.0,0.0,18.0,14.0,8.0,4.0,2.0,1.0,0.0,0.0
8614,45,13,0,2.0,0.0,0,11.0,18.0,4.0,8.0,7.0,9.0,3.0,13.0,1.0,4.0,0.0,0.0
8615,5,22,0,4.0,0.0,0,9.0,9.0,5.0,4.0,9.0,11.0,3.0,8.0,0.0,0.0,0.0,0.0
8616,25,29,2,0.0,0.0,1,13.0,13.0,3.0,4.0,13.0,8.0,4.0,10.0,1.0,1.0,0.0,0.0
8617,30,1,0,1.0,0.0,0,7.0,12.0,3.0,9.0,9.0,15.0,5.0,8.0,0.0,0.0,0.0,0.0
8618,14,18,0,2.0,0.0,0,19.0,12.0,8.0,6.0,6.0,10.0,7.0,8.0,0.0,1.0,0.0,0.0
8619,38,17,0,1.0,0.0,0,10.0,8.0,5.0,3.0,10.0,9.0,5.0,6.0,1.0,0.0,0.0,0.0
8620,0,42,0,1.0,0.0,0,13.0,2.0,5.0,2.0,15.0,17.0,10.0,1.0,1.0,4.0,0.0,0.0
8621,1,31,1,1.0,1.0,1,16.0,6.0,7.0,1.0,12.0,15.0,11.0,2.0,0.0,0.0,0.0,0.0
8622,42,24,0,2.0,0.0,0,8.0,17.0,5.0,8.0,15.0,12.0,1.0,7.0,2.0,0.0,0.0,0.0
8623,13,0,2,0.0,3.0,2,5.0,12.0,5.0,8.0,7.0,15.0,9.0,2.0,2.0,2.0,0.0,0.0
8624,19,45,2,0.0,1.0,2,10.0,3.0,2.0,2.0,10.0,12.0,7.0,1.0,1.0,1.0,0.0,0.0
8625,17,30,2,0.0,1.0,2,7.0,6.0,4.0,1.0,14.0,17.0,7.0,7.0,1.0,0.0,0.0,0.0
8626,3,38,0,2.0,0.0,0,7.0,5.0,4.0,2.0,10.0,13.0,5.0,2.0,0.0,1.0,0.0,0.0
8627,22,14,1,0.0,0.0,1,9.0,7.0,5.0,2.0,6.0,9.0,6.0,8.0,0.0,0.0,0.0,0.0
8628,40,25,0,2.0,1.0,0,12.0,9.0,9.0,7.0,12.0,11.0,5.0,1.0,3.0,2.0,0.0,0.0
8629,18,5,0,1.0,0.0,0,10.0,12.0,5.0,3.0,8.0,11.0,5.0,5.0,1.0,1.0,1.0,1.0
8630,5,1,0,2.0,2.0,1,9.0,9.0,6.0,3.0,16.0,13.0,2.0,5.0,3.0,1.0,0.0,0.0
8631,0,40,0,3.0,0.0,0,13.0,13.0,10.0,5.0,8.0,17.0,5.0,4.0,0.0,3.0,0.0,0.0
8632,30,42,1,0.0,1.0,2,8.0,10.0,3.0,6.0,9.0,16.0,9.0,6.0,0.0,3.0,0.0,0.0
8633,14,17,0,0.0,0.0,1,13.0,2.0,6.0,1.0,13.0,10.0,6.0,3.0,3.0,4.0,0.0,0.0
8634,38,19,1,1.0,1.0,1,11.0,7.0,6.0,2.0,12.0,17.0,5.0,8.0,1.0,1.0,0.0,0.0
8635,45,22,0,1.0,0.0,0,18.0,12.0,11.0,5.0,9.0,13.0,8.0,4.0,0.0,2.0,0.0,0.0
8636,26,13,0,2.0,0.0,0,14.0,6.0,8.0,1.0,6.0,10.0,6.0,6.0,1.0,2.0,0.0,0.0
8637,25,3,0,1.0,0.0,0,9.0,12.0,6.0,4.0,12.0,24.0,6.0,6.0,0.0,1.0,0.0,0.0
8638,24,29,2,1.0,3.0,2,16.0,13.0,11.0,7.0,10.0,9.0,2.0,3.0,1.0,2.0,0.0,0.0
8639,31,18,0,2.0,2.0,1,18.0,7.0,9.0,4.0,5.0,8.0,4.0,1.0,0.0,3.0,0.0,0.0
8640,26,14,0,0.0,0.0,1,8.0,10.0,4.0,1.0,17.0,13.0,5.0,3.0,1.0,1.0,0.0,0.0
8641,19,42,2,0.0,2.0,2,9.0,11.0,3.0,4.0,16.0,13.0,4.0,6.0,2.0,2.0,0.0,0.0
8642,13,5,2,0.0,2.0,2,6.0,6.0,4.0,4.0,15.0,17.0,4.0,1.0,1.0,2.0,0.0,0.0
8643,17,18,2,0.0,1.0,2,12.0,8.0,4.0,7.0,12.0,21.0,8.0,0.0,2.0,3.0,0.0,0.0
8644,29,30,2,0.0,1.0,2,18.0,5.0,4.0,3.0,9.0,11.0,6.0,2.0,4.0,2.0,0.0,0.0
8645,22,1,1,0.0,0.0,1,13.0,6.0,3.0,2.0,15.0,12.0,8.0,6.0,1.0,2.0,0.0,0.0
8646,25,24,2,0.0,2.0,2,11.0,12.0,5.0,8.0,12.0,10.0,8.0,7.0,2.0,2.0,0.0,0.0
8647,40,38,1,0.0,0.0,1,10.0,14.0,7.0,8.0,10.0,14.0,3.0,8.0,2.0,3.0,0.0,0.0
8648,42,13,2,0.0,0.0,1,13.0,10.0,5.0,4.0,5.0,13.0,4.0,6.0,1.0,0.0,0.0,0.0
8649,24,3,0,2.0,0.0,0,18.0,15.0,8.0,8.0,15.0,16.0,4.0,4.0,2.0,1.0,0.0,0.0
8650,1,0,2,1.0,0.0,0,8.0,6.0,3.0,3.0,10.0,12.0,10.0,2.0,1.0,2.0,0.0,0.0
8651,45,29,2,2.0,2.0,1,10.0,14.0,3.0,9.0,13.0,8.0,3.0,3.0,2.0,2.0,0.0,0.0
8652,31,22,1,0.0,0.0,1,20.0,7.0,8.0,4.0,11.0,15.0,12.0,3.0,1.0,1.0,0.0,0.0
8653,5,17,2,0.0,1.0,2,6.0,3.0,2.0,2.0,13.0,13.0,7.0,3.0,0.0,0.0,1.0,0.0
8654,18,19,0,2.0,0.0,0,5.0,11.0,2.0,5.0,16.0,15.0,0.0,11.0,2.0,4.0,1.0,0.0
8655,38,25,1,1.0,2.0,2,9.0,6.0,5.0,4.0,15.0,13.0,6.0,2.0,0.0,3.0,0.0,0.0
8656,14,40,0,1.0,0.0,0,12.0,8.0,7.0,3.0,8.0,13.0,6.0,3.0,2.0,2.0,0.0,0.0
8657,30,26,2,0.0,1.0,2,15.0,8.0,5.0,7.0,10.0,12.0,7.0,3.0,0.0,2.0,0.0,0.0
8658,14,42,0,1.0,0.0,0,24.0,5.0,13.0,0.0,10.0,14.0,6.0,3.0,1.0,3.0,0.0,1.0
8659,3,22,0,2.0,0.0,0,11.0,6.0,7.0,3.0,24.0,17.0,9.0,2.0,3.0,2.0,0.0,0.0
8660,25,13,1,1.0,1.0,1,10.0,11.0,5.0,6.0,15.0,16.0,11.0,5.0,1.0,3.0,0.0,0.0
8661,14,19,0,2.0,1.0,0,14.0,12.0,8.0,6.0,12.0,12.0,3.0,5.0,1.0,0.0,0.0,0.0
8662,29,42,0,2.0,0.0,0,25.0,7.0,14.0,2.0,6.0,13.0,14.0,3.0,2.0,3.0,0.0,1.0
8663,24,22,0,0.0,0.0,1,11.0,9.0,7.0,3.0,11.0,15.0,7.0,5.0,1.0,3.0,0.0,0.0
8664,45,18,0,0.0,0.0,1,16.0,6.0,6.0,2.0,8.0,13.0,10.0,3.0,0.0,2.0,0.0,0.0
8665,38,30,1,1.0,0.0,0,9.0,4.0,4.0,1.0,17.0,12.0,13.0,1.0,1.0,1.0,0.0,1.0
8666,26,31,0,1.0,0.0,0,23.0,11.0,11.0,2.0,8.0,13.0,5.0,6.0,0.0,0.0,0.0,0.0
8667,40,5,0,1.0,0.0,0,11.0,10.0,4.0,4.0,13.0,14.0,1.0,7.0,2.0,1.0,0.0,0.0
8668,3,1,0,1.0,0.0,0,21.0,6.0,9.0,4.0,11.0,15.0,5.0,5.0,1.0,2.0,0.0,0.0
8669,0,17,0,0.0,0.0,1,17.0,0.0,8.0,0.0,13.0,16.0,9.0,1.0,1.0,2.0,0.0,0.0
8670,17,29,1,1.0,1.0,1,12.0,22.0,7.0,9.0,12.0,13.0,4.0,10.0,2.0,0.0,0.0,0.0
8671,18,24,1,0.0,0.0,1,12.0,7.0,7.0,3.0,9.0,21.0,3.0,4.0,1.0,2.0,0.0,1.0
8672,5,3,1,1.0,0.0,0,11.0,6.0,5.0,3.0,22.0,11.0,7.0,5.0,1.0,0.0,0.0,1.0
8673,22,38,2,0.0,0.0,1,8.0,5.0,4.0,4.0,9.0,5.0,4.0,3.0,0.0,1.0,0.0,0.0
8674,1,45,0,1.0,1.0,1,10.0,4.0,7.0,3.0,12.0,19.0,9.0,4.0,0.0,1.0,0.0,0.0
8675,30,25,0,1.0,0.0,0,11.0,6.0,7.0,1.0,17.0,15.0,5.0,6.0,2.0,4.0,0.0,0.0
8676,42,40,0,1.0,1.0,1,17.0,7.0,7.0,2.0,5.0,8.0,5.0,5.0,0.0,1.0,0.0,0.0
8677,13,14,0,0.0,0.0,1,9.0,4.0,6.0,2.0,13.0,13.0,5.0,4.0,2.0,1.0,0.0,0.0
8678,31,0,2,0.0,2.0,2,13.0,9.0,6.0,6.0,17.0,17.0,5.0,8.0,0.0,1.0,0.0,0.0
8679,19,26,2,0.0,1.0,2,11.0,10.0,5.0,4.0,13.0,14.0,8.0,4.0,3.0,2.0,0.0,0.0
8680,24,13,1,0.0,0.0,1,14.0,9.0,2.0,2.0,12.0,17.0,9.0,2.0,0.0,3.0,0.0,0.0
8681,40,31,2,0.0,0.0,1,11.0,13.0,4.0,5.0,19.0,16.0,5.0,11.0,3.0,1.0,0.0,0.0
8682,38,5,1,0.0,0.0,1,8.0,4.0,2.0,2.0,17.0,9.0,6.0,6.0,1.0,3.0,1.0,0.0
8683,25,17,2,0.0,0.0,1,6.0,5.0,3.0,4.0,16.0,15.0,8.0,2.0,4.0,2.0,0.0,0.0
8684,29,1,0,0.0,0.0,1,14.0,4.0,4.0,2.0,9.0,9.0,9.0,2.0,0.0,0.0,0.0,0.0
8685,0,19,0,3.0,1.0,0,16.0,6.0,10.0,5.0,19.0,14.0,7.0,5.0,0.0,1.0,0.0,0.0
8686,45,30,0,0.0,0.0,1,12.0,7.0,8.0,4.0,17.0,11.0,12.0,3.0,2.0,5.0,0.0,1.0
8687,26,18,1,0.0,0.0,1,13.0,6.0,5.0,3.0,9.0,13.0,9.0,4.0,0.0,2.0,0.0,0.0
8688,30,19,0,1.0,0.0,0,11.0,10.0,5.0,5.0,13.0,14.0,8.0,10.0,1.0,2.0,0.0,0.0
8689,13,29,2,0.0,1.0,2,9.0,10.0,1.0,5.0,8.0,9.0,7.0,5.0,0.0,1.0,0.0,0.0
8690,18,0,2,0.0,0.0,1,6.0,6.0,2.0,3.0,17.0,20.0,1.0,5.0,0.0,5.0,0.0,0.0
8691,17,40,2,0.0,0.0,1,9.0,8.0,4.0,4.0,13.0,15.0,7.0,8.0,0.0,1.0,0.0,0.0
8692,19,3,0,1.0,0.0,0,13.0,10.0,8.0,6.0,18.0,15.0,5.0,2.0,3.0,2.0,0.0,1.0
8693,42,25,0,1.0,0.0,0,12.0,7.0,4.0,6.0,8.0,9.0,8.0,8.0,0.0,1.0,0.0,0.0
8694,30,24,1,0.0,1.0,2,10.0,10.0,5.0,6.0,15.0,11.0,7.0,4.0,1.0,1.0,0.0,0.0
8695,31,38,0,3.0,1.0,0,16.0,11.0,10.0,4.0,7.0,8.0,5.0,4.0,0.0,1.0,0.0,0.0
8696,5,45,0,1.0,0.0,0,4.0,9.0,3.0,2.0,11.0,12.0,4.0,10.0,1.0,3.0,0.0,0.0
8697,1,14,1,1.0,0.0,0,7.0,9.0,3.0,3.0,10.0,10.0,3.0,8.0,1.0,1.0,0.0,0.0
8698,22,26,2,0.0,2.0,2,4.0,14.0,2.0,11.0,2.0,4.0,7.0,9.0,0.0,0.0,0.0,0.0
8699,30,13,1,0.0,0.0,1,7.0,8.0,3.0,2.0,17.0,15.0,5.0,7.0,1.0,2.0,0.0,0.0
8700,24,26,2,0.0,1.0,2,13.0,11.0,5.0,7.0,14.0,9.0,7.0,6.0,2.0,1.0,0.0,0.0
8701,29,40,0,4.0,1.0,0,18.0,6.0,8.0,3.0,6.0,11.0,11.0,2.0,1.0,3.0,0.0,0.0
8702,25,14,2,1.0,0.0,0,16.0,9.0,9.0,5.0,16.0,17.0,6.0,2.0,1.0,3.0,0.0,0.0
8703,17,42,0,1.0,0.0,0,12.0,7.0,7.0,3.0,21.0,8.0,9.0,6.0,3.0,2.0,0.0,0.0
8704,45,3,0,1.0,0.0,0,13.0,14.0,6.0,2.0,10.0,20.0,5.0,8.0,2.0,3.0,0.0,0.0
8705,0,38,1,1.0,0.0,0,14.0,4.0,4.0,1.0,13.0,22.0,4.0,3.0,2.0,3.0,0.0,0.0
8706,31,5,0,2.0,2.0,1,10.0,10.0,6.0,6.0,3.0,9.0,13.0,6.0,0.0,0.0,0.0,0.0
8707,18,22,2,1.0,2.0,2,9.0,5.0,4.0,3.0,19.0,16.0,2.0,4.0,1.0,0.0,0.0,0.0
8708,19,1,1,0.0,0.0,1,9.0,15.0,3.0,9.0,12.0,14.0,9.0,4.0,1.0,2.0,0.0,0.0
8709,22,19,0,1.0,0.0,0,13.0,7.0,8.0,3.0,18.0,11.0,10.0,5.0,1.0,2.0,0.0,0.0
8710,42,31,2,1.0,0.0,0,8.0,10.0,6.0,4.0,8.0,5.0,5.0,4.0,1.0,1.0,0.0,0.0
8711,3,0,2,2.0,2.0,1,10.0,9.0,4.0,5.0,18.0,21.0,6.0,2.0,2.0,2.0,0.0,1.0
8712,1,18,1,0.0,0.0,1,8.0,6.0,2.0,0.0,14.0,21.0,5.0,1.0,1.0,3.0,0.0,0.0
8713,38,45,0,1.0,0.0,0,10.0,11.0,8.0,4.0,16.0,13.0,4.0,2.0,0.0,3.0,0.0,0.0
8714,26,25,0,0.0,0.0,1,11.0,3.0,4.0,0.0,9.0,21.0,9.0,3.0,1.0,2.0,0.0,0.0
8715,14,24,0,2.0,0.0,0,14.0,6.0,3.0,4.0,11.0,22.0,5.0,6.0,1.0,2.0,0.0,0.0
8716,5,29,2,0.0,2.0,2,15.0,21.0,4.0,12.0,10.0,9.0,1.0,9.0,0.0,0.0,0.0,0.0
8717,13,17,0,0.0,0.0,1,11.0,3.0,3.0,2.0,11.0,13.0,9.0,0.0,1.0,2.0,0.0,0.0
8718,40,30,2,0.0,1.0,2,18.0,6.0,8.0,2.0,12.0,13.0,15.0,3.0,0.0,2.0,0.0,1.0
8719,25,0,2,0.0,2.0,2,3.0,13.0,2.0,8.0,12.0,9.0,7.0,7.0,2.0,0.0,0.0,0.0
8720,29,26,2,0.0,0.0,1,12.0,9.0,3.0,5.0,15.0,16.0,11.0,2.0,1.0,2.0,0.0,0.0
8721,13,1,2,0.0,2.0,2,9.0,7.0,5.0,3.0,7.0,11.0,3.0,2.0,1.0,1.0,0.0,0.0
8722,14,45,0,1.0,0.0,0,22.0,5.0,15.0,4.0,13.0,10.0,6.0,4.0,3.0,1.0,0.0,1.0
8723,24,0,1,1.0,1.0,1,6.0,9.0,1.0,6.0,18.0,16.0,3.0,7.0,1.0,2.0,0.0,0.0
8724,17,22,2,0.0,0.0,1,13.0,13.0,5.0,5.0,7.0,16.0,3.0,3.0,0.0,2.0,0.0,0.0
8725,29,3,0,1.0,0.0,0,16.0,10.0,6.0,4.0,13.0,13.0,8.0,3.0,1.0,0.0,0.0,0.0
8726,42,18,1,1.0,1.0,1,12.0,4.0,4.0,2.0,14.0,17.0,14.0,5.0,0.0,2.0,0.0,0.0
8727,30,5,1,1.0,0.0,0,11.0,7.0,3.0,4.0,16.0,17.0,2.0,6.0,1.0,1.0,0.0,0.0
8728,25,31,1,0.0,0.0,1,8.0,9.0,4.0,3.0,17.0,19.0,6.0,11.0,2.0,2.0,0.0,0.0
8729,40,19,1,0.0,1.0,2,16.0,9.0,8.0,2.0,19.0,13.0,11.0,2.0,3.0,2.0,0.0,0.0
8730,26,38,1,1.0,0.0,0,9.0,6.0,5.0,2.0,10.0,17.0,8.0,3.0,0.0,1.0,0.0,0.0
8731,38,29,2,1.0,2.0,2,12.0,11.0,4.0,7.0,11.0,8.0,8.0,6.0,1.0,1.0,0.0,0.0
8732,0,26,1,0.0,0.0,1,11.0,5.0,4.0,2.0,15.0,16.0,3.0,1.0,1.0,1.0,0.0,0.0
8733,45,25,0,1.0,0.0,0,11.0,5.0,7.0,3.0,10.0,11.0,5.0,4.0,1.0,2.0,0.0,0.0
8734,31,24,0,1.0,1.0,1,16.0,8.0,8.0,6.0,17.0,28.0,6.0,1.0,3.0,6.0,0.0,1.0
8735,19,30,0,2.0,1.0,0,19.0,8.0,11.0,4.0,15.0,18.0,10.0,2.0,1.0,2.0,0.0,0.0
8736,5,14,1,0.0,0.0,1,11.0,9.0,5.0,4.0,10.0,11.0,10.0,3.0,0.0,1.0,0.0,0.0
8737,3,13,0,2.0,0.0,0,18.0,9.0,11.0,6.0,12.0,11.0,7.0,2.0,0.0,0.0,0.0,1.0
8738,22,42,0,1.0,0.0,0,8.0,11.0,5.0,6.0,3.0,1.0,5.0,5.0,0.0,1.0,0.0,0.0
8739,1,17,0,2.0,1.0,0,9.0,3.0,5.0,1.0,15.0,13.0,4.0,1.0,2.0,3.0,0.0,1.0
8740,18,40,0,1.0,0.0,0,9.0,6.0,5.0,1.0,11.0,16.0,4.0,5.0,1.0,1.0,0.0,0.0
8741,38,26,0,0.0,0.0,1,9.0,7.0,7.0,4.0,12.0,7.0,5.0,6.0,0.0,1.0,0.0,0.0
8742,17,19,2,0.0,0.0,1,10.0,8.0,0.0,4.0,17.0,7.0,10.0,3.0,1.0,2.0,0.0,0.0
8743,29,31,0,1.0,0.0,0,11.0,11.0,7.0,6.0,11.0,8.0,6.0,5.0,1.0,1.0,0.0,0.0
8744,40,1,1,0.0,0.0,1,18.0,8.0,11.0,4.0,14.0,13.0,7.0,0.0,1.0,3.0,0.0,0.0
8745,30,18,0,0.0,0.0,1,10.0,11.0,4.0,3.0,12.0,10.0,5.0,6.0,1.0,2.0,0.0,0.0
8746,26,5,1,0.0,0.0,1,15.0,7.0,5.0,6.0,8.0,15.0,4.0,8.0,1.0,4.0,0.0,0.0
8747,24,45,0,2.0,0.0,0,12.0,9.0,11.0,4.0,15.0,8.0,8.0,6.0,3.0,2.0,0.0,0.0
8748,13,22,0,2.0,2.0,1,13.0,6.0,8.0,4.0,19.0,12.0,11.0,4.0,2.0,2.0,0.0,0.0
8749,14,38,2,2.0,1.0,0,13.0,8.0,6.0,5.0,14.0,18.0,2.0,6.0,2.0,1.0,0.0,0.0
8750,42,3,0,1.0,0.0,0,12.0,11.0,7.0,7.0,14.0,17.0,7.0,9.0,0.0,1.0,0.0,0.0
8751,19,29,2,1.0,2.0,2,17.0,19.0,9.0,10.0,14.0,8.0,4.0,3.0,0.0,2.0,0.0,0.0
8752,0,30,0,0.0,1.0,2,16.0,3.0,6.0,2.0,17.0,13.0,9.0,1.0,3.0,4.0,0.0,0.0
8753,5,25,1,1.0,2.0,2,5.0,14.0,3.0,8.0,11.0,15.0,4.0,10.0,2.0,3.0,2.0,1.0
8754,22,40,0,4.0,0.0,0,13.0,10.0,8.0,3.0,6.0,4.0,3.0,3.0,1.0,1.0,0.0,0.0
8755,1,42,1,0.0,1.0,2,12.0,7.0,7.0,4.0,12.0,10.0,12.0,1.0,0.0,3.0,0.0,0.0
8756,18,13,2,0.0,1.0,2,7.0,8.0,3.0,4.0,16.0,12.0,3.0,6.0,1.0,3.0,0.0,0.0
8757,38,24,2,0.0,0.0,1,12.0,13.0,6.0,7.0,17.0,15.0,3.0,5.0,1.0,1.0,0.0,0.0
8758,45,26,1,1.0,0.0,0,17.0,12.0,8.0,8.0,5.0,8.0,9.0,5.0,1.0,0.0,0.0,0.0
8759,31,14,2,1.0,2.0,2,10.0,12.0,7.0,8.0,11.0,21.0,5.0,3.0,0.0,3.0,0.0,0.0
8760,3,17,2,0.0,1.0,2,16.0,7.0,5.0,5.0,13.0,20.0,13.0,4.0,2.0,4.0,0.0,0.0
8761,3,40,2,0.0,2.0,2,7.0,13.0,3.0,7.0,24.0,23.0,3.0,5.0,1.0,2.0,1.0,0.0
8762,38,42,0,0.0,0.0,1,6.0,10.0,5.0,6.0,15.0,16.0,4.0,13.0,0.0,3.0,0.0,0.0
8763,31,30,0,1.0,0.0,0,18.0,5.0,9.0,2.0,18.0,12.0,10.0,2.0,0.0,1.0,0.0,0.0
8764,18,29,2,0.0,0.0,1,10.0,11.0,5.0,7.0,11.0,12.0,4.0,11.0,0.0,1.0,0.0,0.0
8765,19,13,1,0.0,0.0,1,10.0,8.0,4.0,3.0,5.0,14.0,4.0,9.0,2.0,1.0,0.0,0.0
8766,45,17,0,1.0,0.0,0,14.0,6.0,9.0,3.0,13.0,19.0,3.0,1.0,1.0,3.0,0.0,1.0
8767,0,14,0,0.0,1.0,2,11.0,9.0,7.0,3.0,18.0,21.0,4.0,5.0,2.0,4.0,0.0,0.0
8768,22,25,0,0.0,0.0,1,12.0,3.0,6.0,1.0,2.0,6.0,3.0,10.0,0.0,2.0,0.0,0.0
8769,1,26,2,1.0,1.0,1,10.0,12.0,5.0,6.0,10.0,9.0,7.0,3.0,1.0,0.0,0.0,0.0
8770,5,24,2,0.0,2.0,2,17.0,8.0,2.0,5.0,15.0,20.0,11.0,2.0,1.0,3.0,0.0,0.0
8771,14,5,0,2.0,1.0,0,16.0,10.0,5.0,4.0,7.0,21.0,4.0,4.0,2.0,2.0,0.0,0.0
8772,26,0,2,0.0,1.0,2,15.0,11.0,2.0,3.0,12.0,20.0,6.0,4.0,1.0,4.0,0.0,1.0
8773,25,45,1,1.0,0.0,0,10.0,7.0,4.0,3.0,8.0,15.0,6.0,7.0,2.0,2.0,1.0,0.0
8774,42,22,2,1.0,1.0,1,12.0,12.0,6.0,4.0,22.0,16.0,9.0,5.0,1.0,2.0,1.0,0.0
8775,24,31,2,1.0,1.0,1,15.0,13.0,6.0,7.0,19.0,17.0,2.0,9.0,2.0,1.0,0.0,0.0
8776,29,38,0,3.0,0.0,0,12.0,6.0,7.0,3.0,13.0,10.0,8.0,6.0,1.0,1.0,0.0,0.0
8777,17,1,0,1.0,1.0,1,10.0,10.0,7.0,3.0,11.0,15.0,4.0,5.0,0.0,1.0,0.0,0.0
8778,40,18,0,0.0,0.0,1,10.0,8.0,5.0,5.0,18.0,15.0,6.0,5.0,1.0,4.0,0.0,0.0
8779,13,3,2,0.0,0.0,1,10.0,7.0,2.0,4.0,16.0,19.0,4.0,3.0,2.0,3.0,0.0,0.0
8780,24,18,0,2.0,0.0,0,18.0,8.0,7.0,3.0,12.0,13.0,5.0,2.0,1.0,1.0,0.0,0.0
8781,0,31,2,1.0,0.0,0,19.0,4.0,8.0,3.0,10.0,19.0,4.0,4.0,3.0,3.0,1.0,1.0
8782,1,22,0,1.0,1.0,1,10.0,14.0,5.0,3.0,16.0,10.0,1.0,4.0,0.0,1.0,0.0,0.0
8783,14,26,0,2.0,0.0,0,16.0,16.0,10.0,8.0,15.0,10.0,5.0,6.0,2.0,3.0,0.0,0.0
8784,24,25,1,1.0,0.0,0,14.0,5.0,7.0,4.0,6.0,15.0,8.0,3.0,1.0,3.0,0.0,0.0
8785,38,40,0,1.0,0.0,0,14.0,5.0,5.0,3.0,11.0,13.0,3.0,1.0,1.0,2.0,0.0,0.0
8786,30,29,2,0.0,0.0,1,6.0,14.0,3.0,5.0,11.0,14.0,5.0,8.0,2.0,3.0,0.0,0.0
8787,18,17,0,0.0,0.0,1,22.0,3.0,12.0,2.0,9.0,15.0,9.0,3.0,1.0,1.0,0.0,0.0
8788,5,13,1,0.0,0.0,1,13.0,6.0,6.0,4.0,13.0,13.0,7.0,4.0,1.0,2.0,0.0,0.0
8789,45,0,1,1.0,1.0,1,8.0,16.0,4.0,6.0,10.0,14.0,7.0,6.0,4.0,3.0,0.0,0.0
8790,31,3,0,0.0,1.0,2,15.0,8.0,6.0,6.0,8.0,15.0,10.0,6.0,0.0,3.0,0.0,0.0
8791,42,19,0,2.0,0.0,0,10.0,12.0,6.0,1.0,18.0,15.0,3.0,6.0,3.0,2.0,0.0,0.0
8792,29,17,0,2.0,0.0,0,20.0,8.0,11.0,5.0,8.0,13.0,5.0,6.0,1.0,2.0,0.0,0.0
8793,26,19,1,0.0,0.0,1,16.0,8.0,7.0,4.0,17.0,11.0,7.0,3.0,0.0,0.0,0.0,0.0
8794,40,14,1,0.0,0.0,1,11.0,10.0,6.0,3.0,11.0,15.0,6.0,6.0,1.0,3.0,0.0,0.0
8795,0,1,0,0.0,2.0,2,15.0,8.0,8.0,5.0,18.0,14.0,9.0,3.0,4.0,0.0,0.0,0.0
8796,3,24,2,0.0,0.0,1,14.0,10.0,6.0,7.0,15.0,18.0,8.0,7.0,1.0,5.0,0.0,0.0
8797,22,31,2,0.0,1.0,2,9.0,7.0,5.0,5.0,3.0,3.0,8.0,2.0,3.0,1.0,0.0,0.0
8798,19,18,0,1.0,0.0,0,10.0,5.0,4.0,3.0,15.0,25.0,6.0,7.0,2.0,4.0,1.0,1.0
8799,13,42,0,2.0,0.0,0,11.0,14.0,6.0,5.0,10.0,12.0,9.0,9.0,3.0,1.0,0.0,0.0
8800,25,38,2,0.0,1.0,2,8.0,10.0,4.0,5.0,13.0,15.0,5.0,4.0,1.0,0.0,0.0,0.0
8801,29,45,2,0.0,0.0,1,17.0,8.0,6.0,4.0,18.0,8.0,12.0,4.0,5.0,3.0,0.0,0.0
8802,17,5,0,0.0,0.0,1,16.0,6.0,6.0,3.0,11.0,24.0,5.0,4.0,0.0,4.0,0.0,0.0
8803,26,30,0,2.0,0.0,0,8.0,4.0,5.0,2.0,7.0,10.0,4.0,6.0,0.0,2.0,0.0,0.0
8804,14,13,2,0.0,0.0,1,20.0,11.0,5.0,5.0,13.0,10.0,8.0,1.0,1.0,1.0,0.0,0.0
8805,45,1,1,0.0,1.0,2,14.0,12.0,8.0,5.0,10.0,15.0,5.0,6.0,2.0,1.0,0.0,0.0
8806,42,5,0,0.0,1.0,2,14.0,9.0,6.0,6.0,10.0,14.0,5.0,6.0,0.0,2.0,0.0,0.0
8807,19,24,1,0.0,0.0,1,13.0,6.0,5.0,5.0,11.0,21.0,5.0,5.0,1.0,2.0,0.0,0.0
8808,18,38,0,0.0,0.0,1,13.0,10.0,7.0,4.0,19.0,13.0,5.0,6.0,0.0,1.0,0.0,0.0
8809,1,25,2,0.0,1.0,2,11.0,6.0,7.0,4.0,8.0,14.0,7.0,8.0,0.0,4.0,1.0,0.0
8810,40,45,0,0.0,0.0,1,15.0,10.0,6.0,5.0,12.0,16.0,3.0,3.0,3.0,0.0,0.0,0.0
8811,13,31,1,0.0,0.0,1,15.0,12.0,7.0,6.0,7.0,11.0,3.0,7.0,1.0,2.0,0.0,1.0
8812,3,30,2,0.0,1.0,2,14.0,8.0,4.0,5.0,8.0,9.0,7.0,3.0,1.0,2.0,0.0,0.0
8813,17,26,2,0.0,1.0,2,12.0,7.0,4.0,5.0,9.0,14.0,5.0,9.0,1.0,2.0,0.0,0.0
8814,29,14,2,0.0,1.0,2,12.0,14.0,5.0,5.0,9.0,16.0,7.0,2.0,2.0,3.0,0.0,0.0
8815,22,0,2,0.0,1.0,2,7.0,7.0,2.0,3.0,4.0,9.0,12.0,5.0,0.0,2.0,0.0,0.0
8816,30,22,1,0.0,0.0,1,9.0,11.0,4.0,3.0,5.0,8.0,3.0,5.0,0.0,0.0,0.0,0.0
8817,26,40,0,1.0,0.0,0,7.0,12.0,3.0,5.0,9.0,12.0,4.0,3.0,1.0,3.0,1.0,0.0
8818,0,29,0,0.0,1.0,2,14.0,2.0,10.0,1.0,12.0,19.0,11.0,2.0,2.0,3.0,0.0,0.0
8819,24,1,1,1.0,1.0,1,16.0,15.0,9.0,8.0,15.0,15.0,7.0,6.0,2.0,2.0,1.0,0.0
8820,14,3,1,0.0,0.0,1,14.0,8.0,8.0,2.0,13.0,7.0,7.0,3.0,0.0,2.0,0.0,0.0
8821,45,42,2,0.0,0.0,1,10.0,10.0,6.0,3.0,18.0,13.0,4.0,2.0,2.0,2.0,0.0,0.0
8822,31,17,0,1.0,0.0,0,17.0,8.0,10.0,4.0,10.0,14.0,8.0,6.0,1.0,2.0,0.0,0.0
8823,38,13,0,0.0,0.0,1,15.0,7.0,8.0,4.0,10.0,16.0,10.0,5.0,0.0,1.0,0.0,0.0
8824,25,18,1,0.0,0.0,1,8.0,8.0,7.0,3.0,18.0,21.0,7.0,2.0,2.0,1.0,0.0,0.0
8825,5,19,1,0.0,0.0,1,11.0,7.0,5.0,1.0,11.0,9.0,2.0,3.0,1.0,1.0,0.0,0.0
8826,13,45,1,2.0,2.0,1,18.0,11.0,9.0,7.0,8.0,13.0,13.0,4.0,1.0,2.0,0.0,0.0
8827,22,5,2,1.0,2.0,2,8.0,10.0,4.0,5.0,8.0,16.0,12.0,2.0,0.0,2.0,0.0,0.0
8828,40,24,0,0.0,0.0,1,12.0,12.0,5.0,6.0,25.0,11.0,5.0,3.0,1.0,3.0,0.0,0.0
8829,18,14,1,0.0,0.0,1,12.0,14.0,4.0,7.0,11.0,11.0,8.0,4.0,1.0,3.0,0.0,0.0
8830,17,38,0,1.0,0.0,0,9.0,8.0,3.0,4.0,13.0,13.0,7.0,6.0,0.0,1.0,0.0,0.0
8831,3,26,1,0.0,1.0,2,5.0,5.0,5.0,2.0,17.0,10.0,6.0,3.0,2.0,0.0,0.0,0.0
8832,19,31,0,2.0,0.0,0,8.0,7.0,8.0,1.0,10.0,18.0,4.0,4.0,0.0,6.0,0.0,0.0
8833,29,25,0,1.0,0.0,0,14.0,8.0,7.0,4.0,10.0,10.0,10.0,4.0,2.0,1.0,0.0,0.0
8834,1,30,1,0.0,0.0,1,8.0,11.0,5.0,2.0,16.0,9.0,5.0,3.0,1.0,2.0,0.0,0.0
8835,42,0,1,0.0,0.0,1,9.0,5.0,4.0,5.0,18.0,16.0,9.0,6.0,2.0,1.0,0.0,0.0
8836,14,22,0,1.0,0.0,0,15.0,7.0,6.0,3.0,12.0,17.0,5.0,6.0,0.0,2.0,0.0,0.0
8837,24,42,0,0.0,0.0,1,20.0,11.0,9.0,4.0,9.0,15.0,7.0,3.0,1.0,3.0,0.0,0.0
8838,0,13,2,1.0,2.0,2,26.0,9.0,12.0,4.0,9.0,11.0,4.0,6.0,3.0,2.0,0.0,0.0
8839,26,29,0,2.0,0.0,0,8.0,10.0,5.0,3.0,9.0,13.0,1.0,1.0,0.0,0.0,0.0,0.0
8840,38,3,2,1.0,1.0,1,16.0,6.0,6.0,5.0,19.0,18.0,10.0,4.0,1.0,1.0,0.0,0.0
8841,31,1,0,1.0,0.0,0,17.0,10.0,7.0,2.0,15.0,7.0,13.0,8.0,0.0,3.0,0.0,0.0
8842,30,17,0,0.0,0.0,1,11.0,6.0,7.0,4.0,10.0,12.0,6.0,4.0,0.0,1.0,0.0,0.0
8843,25,40,0,0.0,0.0,1,9.0,11.0,5.0,4.0,13.0,20.0,7.0,7.0,1.0,3.0,0.0,0.0
8844,5,18,1,1.0,1.0,1,16.0,11.0,8.0,6.0,13.0,13.0,9.0,3.0,4.0,2.0,1.0,0.0
8845,45,19,2,0.0,1.0,2,12.0,14.0,6.0,6.0,13.0,18.0,10.0,8.0,1.0,3.0,0.0,0.0
8846,3,25,1,0.0,0.0,1,12.0,10.0,3.0,5.0,11.0,7.0,7.0,1.0,6.0,2.0,0.0,0.0
8847,17,14,1,1.0,0.0,0,13.0,19.0,8.0,8.0,14.0,11.0,4.0,10.0,1.0,4.0,0.0,0.0
8848,22,45,2,0.0,1.0,2,12.0,12.0,8.0,4.0,16.0,11.0,8.0,9.0,2.0,2.0,0.0,0.0
8849,18,31,2,0.0,1.0,2,18.0,6.0,8.0,4.0,8.0,15.0,13.0,3.0,1.0,2.0,0.0,0.0
8850,42,30,0,0.0,1.0,2,10.0,8.0,4.0,3.0,11.0,12.0,8.0,5.0,0.0,0.0,0.0,0.0
8851,40,0,1,0.0,1.0,2,10.0,14.0,6.0,5.0,12.0,22.0,7.0,6.0,3.0,3.0,0.0,0.0
8852,19,38,0,2.0,1.0,0,19.0,11.0,5.0,5.0,8.0,14.0,6.0,4.0,0.0,2.0,0.0,0.0
8853,29,24,1,0.0,0.0,1,18.0,12.0,6.0,6.0,16.0,15.0,6.0,2.0,3.0,3.0,0.0,0.0
8854,1,5,0,2.0,1.0,0,10.0,9.0,7.0,5.0,13.0,16.0,6.0,2.0,2.0,3.0,0.0,0.0
8855,13,26,2,0.0,2.0,2,14.0,5.0,4.0,4.0,12.0,13.0,13.0,1.0,0.0,1.0,0.0,1.0
8856,38,22,1,2.0,1.0,0,11.0,10.0,6.0,5.0,14.0,5.0,4.0,7.0,2.0,1.0,0.0,0.0
8857,1,13,0,1.0,0.0,0,16.0,4.0,6.0,0.0,6.0,8.0,3.0,4.0,0.0,0.0,0.0,0.0
8858,45,14,0,2.0,1.0,0,10.0,15.0,4.0,5.0,11.0,6.0,1.0,8.0,0.0,0.0,0.0,0.0
8859,30,40,0,2.0,0.0,0,7.0,15.0,5.0,5.0,18.0,16.0,4.0,5.0,1.0,2.0,1.0,0.0
8860,31,42,2,0.0,2.0,2,8.0,9.0,3.0,3.0,16.0,10.0,7.0,2.0,2.0,1.0,0.0,0.0
8861,24,14,1,0.0,0.0,1,18.0,14.0,12.0,6.0,20.0,17.0,10.0,8.0,2.0,3.0,0.0,0.0
8862,19,22,1,1.0,0.0,0,7.0,6.0,3.0,2.0,25.0,17.0,3.0,3.0,2.0,3.0,1.0,0.0
8863,29,5,2,1.0,1.0,1,13.0,7.0,6.0,2.0,11.0,6.0,8.0,0.0,0.0,0.0,0.0,0.0
8864,25,26,2,0.0,3.0,2,8.0,12.0,3.0,6.0,11.0,13.0,6.0,6.0,1.0,2.0,0.0,0.0
8865,17,13,1,1.0,0.0,0,10.0,11.0,5.0,7.0,12.0,11.0,5.0,5.0,3.0,0.0,0.0,0.0
8866,45,38,0,0.0,0.0,1,20.0,10.0,8.0,3.0,16.0,16.0,10.0,7.0,0.0,1.0,0.0,1.0
8867,18,1,0,1.0,0.0,0,10.0,11.0,6.0,3.0,15.0,14.0,8.0,4.0,0.0,1.0,0.0,0.0
8868,0,3,1,0.0,1.0,2,18.0,9.0,11.0,5.0,13.0,20.0,5.0,4.0,1.0,2.0,0.0,0.0
8869,42,17,0,2.0,1.0,0,24.0,8.0,12.0,6.0,11.0,6.0,16.0,2.0,0.0,2.0,0.0,0.0
8870,1,19,0,0.0,0.0,1,9.0,11.0,3.0,3.0,9.0,8.0,5.0,2.0,1.0,1.0,0.0,0.0
8871,3,45,0,3.0,1.0,0,24.0,12.0,14.0,5.0,8.0,6.0,7.0,7.0,1.0,3.0,0.0,1.0
8872,14,25,0,2.0,0.0,0,22.0,8.0,10.0,2.0,9.0,13.0,5.0,3.0,0.0,0.0,0.0,0.0
8873,5,31,2,0.0,1.0,2,9.0,15.0,3.0,8.0,10.0,9.0,7.0,8.0,2.0,2.0,1.0,0.0
8874,38,0,2,0.0,1.0,2,3.0,21.0,0.0,8.0,15.0,9.0,1.0,6.0,2.0,1.0,1.0,0.0
8875,40,29,2,0.0,1.0,2,15.0,13.0,7.0,8.0,12.0,15.0,3.0,4.0,0.0,0.0,0.0,0.0
8876,22,18,1,0.0,0.0,1,7.0,9.0,4.0,6.0,8.0,5.0,8.0,6.0,0.0,1.0,0.0,0.0
8877,13,30,1,0.0,0.0,1,8.0,11.0,4.0,4.0,14.0,13.0,13.0,4.0,2.0,1.0,0.0,0.0
8878,26,24,1,0.0,1.0,2,10.0,9.0,2.0,3.0,11.0,14.0,6.0,4.0,3.0,2.0,0.0,0.0
8879,31,26,2,0.0,1.0,2,7.0,6.0,3.0,2.0,14.0,23.0,7.0,0.0,1.0,4.0,0.0,0.0
8880,1,3,0,0.0,0.0,1,5.0,4.0,2.0,1.0,9.0,15.0,2.0,8.0,2.0,2.0,0.0,0.0
8881,19,14,1,0.0,1.0,2,4.0,9.0,1.0,3.0,5.0,14.0,5.0,7.0,1.0,4.0,0.0,1.0
8882,22,24,2,1.0,0.0,0,11.0,11.0,6.0,7.0,8.0,8.0,10.0,8.0,0.0,1.0,0.0,0.0
8883,18,45,0,1.0,0.0,0,18.0,15.0,11.0,5.0,15.0,8.0,8.0,4.0,0.0,0.0,0.0,0.0
8884,30,38,2,0.0,0.0,1,5.0,8.0,3.0,4.0,16.0,17.0,6.0,0.0,0.0,1.0,0.0,0.0
8885,17,0,2,0.0,1.0,2,7.0,11.0,5.0,6.0,18.0,19.0,2.0,5.0,3.0,3.0,0.0,1.0
8886,42,29,2,3.0,0.0,0,7.0,18.0,3.0,9.0,16.0,10.0,4.0,7.0,3.0,3.0,0.0,0.0
8887,13,25,0,1.0,0.0,0,14.0,9.0,12.0,6.0,12.0,11.0,4.0,4.0,1.0,2.0,1.0,1.0
8888,5,40,2,0.0,0.0,1,15.0,14.0,8.0,7.0,10.0,13.0,8.0,4.0,1.0,1.0,0.0,0.0
8889,31,25,0,1.0,0.0,0,12.0,2.0,6.0,2.0,17.0,27.0,10.0,1.0,2.0,3.0,0.0,0.0
8890,38,1,2,1.0,2.0,2,12.0,11.0,4.0,5.0,15.0,18.0,2.0,3.0,1.0,2.0,1.0,1.0
8891,24,17,0,1.0,0.0,0,19.0,9.0,10.0,2.0,26.0,17.0,9.0,3.0,1.0,2.0,0.0,0.0
8892,45,31,0,1.0,0.0,0,17.0,8.0,9.0,5.0,20.0,17.0,10.0,7.0,3.0,0.0,0.0,0.0
8893,14,30,1,2.0,0.0,0,8.0,4.0,3.0,2.0,17.0,15.0,8.0,2.0,4.0,1.0,0.0,0.0
8894,3,18,0,1.0,0.0,0,13.0,14.0,6.0,7.0,18.0,17.0,5.0,4.0,1.0,2.0,0.0,0.0
8895,29,22,0,2.0,0.0,0,13.0,8.0,8.0,1.0,14.0,17.0,8.0,4.0,0.0,1.0,0.0,0.0
8896,26,42,0,0.0,0.0,1,14.0,11.0,6.0,5.0,12.0,9.0,2.0,5.0,0.0,1.0,0.0,0.0
8897,40,13,1,0.0,1.0,2,22.0,13.0,13.0,5.0,20.0,13.0,9.0,8.0,2.0,3.0,0.0,0.0
8898,25,19,1,0.0,0.0,1,12.0,6.0,5.0,2.0,15.0,21.0,4.0,4.0,2.0,2.0,0.0,0.0
8899,0,5,1,0.0,0.0,1,23.0,7.0,12.0,4.0,9.0,11.0,17.0,0.0,1.0,1.0,0.0,1.0
8900,40,42,2,0.0,1.0,2,14.0,13.0,8.0,6.0,9.0,14.0,11.0,4.0,1.0,2.0,0.0,0.0
8901,3,5,1,0.0,0.0,1,20.0,10.0,8.0,5.0,14.0,15.0,10.0,2.0,0.0,4.0,0.0,0.0
8902,25,30,2,1.0,0.0,0,10.0,13.0,5.0,6.0,19.0,15.0,4.0,2.0,0.0,1.0,0.0,0.0
8903,42,14,2,0.0,1.0,2,11.0,6.0,4.0,4.0,10.0,12.0,6.0,6.0,1.0,4.0,0.0,1.0
8904,22,3,1,1.0,0.0,0,20.0,6.0,10.0,4.0,8.0,15.0,6.0,13.0,3.0,1.0,0.0,0.0
8905,1,40,1,0.0,0.0,1,8.0,4.0,3.0,2.0,20.0,25.0,10.0,3.0,0.0,4.0,0.0,0.0
8906,13,24,2,0.0,1.0,2,9.0,20.0,4.0,9.0,13.0,14.0,8.0,9.0,2.0,1.0,1.0,0.0
8907,30,45,0,2.0,0.0,0,13.0,5.0,5.0,1.0,16.0,23.0,8.0,1.0,2.0,3.0,0.0,1.0
8908,18,26,2,1.0,2.0,2,11.0,13.0,5.0,9.0,16.0,13.0,4.0,2.0,0.0,1.0,0.0,0.0
8909,19,0,2,0.0,1.0,2,6.0,11.0,3.0,6.0,18.0,20.0,4.0,5.0,3.0,4.0,0.0,0.0
8910,31,29,0,2.0,1.0,0,15.0,10.0,8.0,7.0,17.0,16.0,8.0,5.0,2.0,1.0,0.0,1.0
8911,5,38,2,0.0,0.0,1,4.0,10.0,0.0,6.0,11.0,19.0,3.0,2.0,1.0,1.0,0.0,0.0
8912,17,25,2,1.0,1.0,1,15.0,12.0,9.0,6.0,16.0,23.0,8.0,8.0,5.0,3.0,0.0,0.0
8913,13,19,1,1.0,1.0,1,7.0,16.0,4.0,5.0,22.0,12.0,5.0,6.0,2.0,1.0,0.0,0.0
8914,42,38,0,0.0,0.0,1,18.0,15.0,6.0,6.0,15.0,16.0,3.0,3.0,0.0,0.0,0.0,0.0
8915,17,45,1,0.0,0.0,1,6.0,10.0,3.0,4.0,22.0,19.0,3.0,4.0,5.0,2.0,0.0,0.0
8916,29,18,0,2.0,0.0,0,18.0,5.0,9.0,1.0,7.0,11.0,6.0,2.0,0.0,1.0,0.0,0.0
8917,26,1,2,0.0,1.0,2,12.0,10.0,7.0,7.0,19.0,14.0,7.0,0.0,3.0,1.0,1.0,0.0
8918,30,31,2,1.0,1.0,1,8.0,8.0,4.0,5.0,15.0,17.0,3.0,3.0,1.0,3.0,1.0,0.0
8919,24,5,1,0.0,0.0,1,11.0,8.0,6.0,4.0,13.0,17.0,7.0,5.0,1.0,1.0,0.0,0.0
8920,40,3,0,0.0,0.0,1,11.0,10.0,4.0,4.0,9.0,14.0,4.0,10.0,2.0,3.0,0.0,0.0
8921,14,0,1,1.0,1.0,1,10.0,14.0,5.0,11.0,20.0,20.0,5.0,6.0,1.0,5.0,1.0,0.0
8922,25,22,1,0.0,1.0,2,12.0,13.0,7.0,9.0,26.0,24.0,6.0,3.0,3.0,3.0,1.0,1.0
8923,5,26,0,1.0,0.0,0,11.0,18.0,4.0,7.0,13.0,11.0,4.0,6.0,2.0,2.0,0.0,0.0
8924,31,40,1,1.0,1.0,1,16.0,6.0,6.0,3.0,19.0,18.0,10.0,4.0,2.0,2.0,0.0,0.0
8925,1,29,1,1.0,0.0,0,11.0,13.0,4.0,7.0,9.0,12.0,5.0,5.0,0.0,2.0,0.0,0.0
8926,19,17,1,0.0,0.0,1,10.0,9.0,1.0,2.0,12.0,14.0,11.0,3.0,2.0,3.0,0.0,0.0
8927,22,13,2,0.0,0.0,1,17.0,13.0,11.0,6.0,22.0,20.0,6.0,1.0,2.0,6.0,0.0,0.0
8928,18,30,0,1.0,0.0,0,7.0,5.0,5.0,1.0,25.0,23.0,3.0,6.0,2.0,1.0,0.0,0.0
8929,45,24,1,0.0,0.0,1,11.0,10.0,3.0,4.0,19.0,14.0,5.0,8.0,3.0,2.0,0.0,0.0
8930,38,14,2,0.0,1.0,2,8.0,7.0,2.0,2.0,13.0,18.0,6.0,2.0,0.0,1.0,0.0,0.0
8931,0,25,0,2.0,0.0,0,20.0,2.0,11.0,0.0,14.0,20.0,9.0,0.0,1.0,4.0,1.0,1.0
8932,3,42,0,1.0,0.0,0,12.0,12.0,7.0,5.0,14.0,11.0,3.0,6.0,1.0,1.0,0.0,0.0
8933,19,40,0,0.0,0.0,1,13.0,8.0,5.0,3.0,18.0,20.0,8.0,9.0,0.0,2.0,0.0,0.0
8934,3,29,1,0.0,1.0,2,12.0,18.0,5.0,7.0,18.0,16.0,3.0,8.0,2.0,1.0,1.0,0.0
8935,5,30,0,1.0,0.0,0,13.0,11.0,3.0,4.0,19.0,16.0,5.0,2.0,1.0,1.0,0.0,0.0
8936,22,17,0,1.0,0.0,0,30.0,2.0,18.0,2.0,21.0,14.0,19.0,2.0,0.0,3.0,0.0,1.0
8937,0,24,2,1.0,1.0,1,14.0,5.0,5.0,2.0,28.0,29.0,10.0,2.0,4.0,5.0,0.0,2.0
8938,18,42,1,0.0,1.0,2,18.0,7.0,11.0,2.0,15.0,12.0,8.0,0.0,3.0,2.0,0.0,2.0
8939,29,19,0,1.0,1.0,1,12.0,8.0,6.0,5.0,17.0,19.0,6.0,4.0,0.0,1.0,0.0,0.0
8940,14,31,1,1.0,0.0,0,13.0,9.0,8.0,3.0,19.0,20.0,12.0,7.0,3.0,4.0,0.0,0.0
8941,25,5,2,0.0,4.0,2,6.0,18.0,1.0,8.0,21.0,17.0,3.0,5.0,4.0,3.0,0.0,0.0
8942,24,38,0,0.0,0.0,1,16.0,11.0,6.0,6.0,16.0,24.0,10.0,3.0,1.0,2.0,0.0,1.0
8943,17,3,0,1.0,0.0,0,7.0,14.0,3.0,4.0,14.0,15.0,4.0,10.0,1.0,0.0,0.0,0.0
8944,40,22,0,1.0,0.0,0,12.0,10.0,6.0,4.0,22.0,20.0,1.0,1.0,0.0,1.0,0.0,0.0
8945,13,18,2,0.0,0.0,1,8.0,12.0,4.0,9.0,15.0,17.0,4.0,4.0,0.0,3.0,0.0,0.0
8946,30,0,2,0.0,1.0,2,6.0,14.0,2.0,9.0,13.0,19.0,2.0,6.0,2.0,3.0,1.0,1.0
8947,42,1,1,0.0,0.0,1,8.0,11.0,2.0,2.0,12.0,17.0,6.0,5.0,3.0,2.0,0.0,0.0
8948,26,45,0,1.0,1.0,1,9.0,3.0,6.0,3.0,13.0,12.0,5.0,3.0,1.0,5.0,0.0,0.0
8949,13,26,2,0.0,0.0,1,12.0,16.0,10.0,14.0,7.0,13.0,10.0,10.0,1.0,1.0,0.0,0.0
8950,38,0,0,0.0,1.0,2,11.0,8.0,7.0,5.0,17.0,10.0,7.0,5.0,1.0,2.0,0.0,0.0
8951,15,7,1,0.0,0.0,1,15.0,10.0,7.0,3.0,15.0,13.0,9.0,3.0,1.0,1.0,0.0,0.0
8952,17,22,1,1.0,0.0,0,7.0,13.0,2.0,6.0,14.0,15.0,3.0,11.0,1.0,1.0,0.0,0.0
8953,42,29,0,1.0,1.0,1,9.0,15.0,3.0,6.0,13.0,15.0,3.0,6.0,0.0,2.0,0.0,0.0
8954,31,1,0,2.0,0.0,0,9.0,5.0,5.0,1.0,10.0,14.0,5.0,1.0,0.0,5.0,1.0,1.0
8955,18,40,1,1.0,1.0,1,18.0,11.0,8.0,4.0,12.0,13.0,5.0,6.0,5.0,3.0,0.0,1.0
8956,28,14,2,1.0,1.0,1,3.0,9.0,1.0,3.0,22.0,18.0,8.0,7.0,4.0,2.0,0.0,0.0
8957,30,45,0,2.0,1.0,0,19.0,11.0,7.0,5.0,13.0,15.0,5.0,6.0,0.0,0.0,0.0,0.0
8958,24,25,0,1.0,1.0,1,24.0,8.0,11.0,5.0,14.0,17.0,12.0,5.0,3.0,4.0,0.0,0.0
8959,31,0,1,0.0,0.0,1,12.0,8.0,2.0,1.0,14.0,10.0,4.0,8.0,1.0,0.0,0.0,0.0
8960,38,29,0,2.0,0.0,0,14.0,9.0,3.0,6.0,13.0,18.0,4.0,4.0,1.0,1.0,0.0,0.0
8961,24,7,0,5.0,1.0,0,18.0,13.0,9.0,7.0,20.0,13.0,9.0,7.0,1.0,0.0,0.0,0.0
8962,26,14,1,1.0,1.0,1,16.0,14.0,8.0,7.0,14.0,21.0,6.0,6.0,1.0,4.0,0.0,0.0
8963,22,28,0,0.0,0.0,1,15.0,11.0,7.0,7.0,8.0,19.0,9.0,2.0,0.0,0.0,0.0,0.0
8964,14,18,0,2.0,1.0,0,13.0,9.0,5.0,3.0,19.0,22.0,8.0,6.0,1.0,1.0,0.0,0.0
8965,25,42,0,1.0,0.0,0,19.0,9.0,9.0,4.0,11.0,14.0,6.0,2.0,3.0,2.0,0.0,0.0
8966,45,38,0,0.0,0.0,1,16.0,12.0,12.0,3.0,18.0,18.0,5.0,1.0,2.0,2.0,0.0,0.0
8967,40,13,0,2.0,1.0,0,17.0,17.0,11.0,7.0,17.0,7.0,8.0,5.0,1.0,0.0,0.0,0.0
8968,29,17,2,0.0,1.0,2,11.0,10.0,6.0,5.0,13.0,11.0,13.0,1.0,1.0,0.0,0.0,0.0
8969,7,30,1,1.0,0.0,0,10.0,14.0,7.0,9.0,25.0,21.0,6.0,6.0,4.0,2.0,0.0,0.0
8970,26,31,0,1.0,0.0,0,12.0,6.0,5.0,3.0,11.0,10.0,2.0,3.0,0.0,2.0,0.0,0.0
8971,1,15,0,0.0,2.0,2,6.0,6.0,4.0,3.0,12.0,23.0,6.0,2.0,2.0,5.0,0.0,0.0
8972,0,24,0,1.0,0.0,0,7.0,4.0,4.0,3.0,21.0,18.0,11.0,2.0,4.0,3.0,0.0,0.0
8973,31,38,1,1.0,0.0,0,7.0,11.0,5.0,3.0,15.0,17.0,4.0,2.0,2.0,1.0,0.0,0.0
8974,7,26,2,0.0,0.0,1,15.0,11.0,4.0,10.0,11.0,13.0,7.0,0.0,0.0,2.0,0.0,0.0
8975,13,22,0,1.0,1.0,1,10.0,17.0,7.0,6.0,17.0,11.0,2.0,13.0,0.0,1.0,0.0,0.0
8976,30,29,2,0.0,1.0,2,18.0,9.0,3.0,5.0,13.0,21.0,4.0,6.0,2.0,3.0,0.0,0.0
8977,42,1,1,0.0,0.0,1,7.0,7.0,3.0,4.0,13.0,13.0,5.0,6.0,1.0,0.0,0.0,0.0
8978,28,45,0,1.0,0.0,0,16.0,12.0,9.0,7.0,19.0,12.0,10.0,10.0,3.0,5.0,0.0,0.0
8979,31,25,0,0.0,0.0,1,20.0,4.0,6.0,3.0,15.0,14.0,12.0,0.0,1.0,1.0,0.0,0.0
8980,17,0,2,1.0,1.0,1,6.0,14.0,2.0,9.0,14.0,13.0,4.0,6.0,3.0,4.0,0.0,0.0
8981,38,40,2,0.0,0.0,1,11.0,6.0,5.0,3.0,15.0,14.0,11.0,2.0,2.0,1.0,0.0,0.0
8982,15,26,2,0.0,0.0,1,11.0,13.0,4.0,6.0,15.0,11.0,7.0,7.0,3.0,1.0,0.0,0.0
8983,24,14,0,0.0,0.0,1,16.0,7.0,9.0,5.0,22.0,17.0,7.0,2.0,2.0,5.0,0.0,0.0
8984,18,7,0,0.0,1.0,2,18.0,7.0,9.0,4.0,15.0,15.0,5.0,2.0,1.0,2.0,0.0,0.0
8985,26,42,0,1.0,1.0,1,14.0,7.0,8.0,5.0,10.0,13.0,6.0,4.0,1.0,1.0,0.0,0.0
8986,29,28,1,0.0,0.0,1,13.0,6.0,6.0,4.0,14.0,20.0,3.0,2.0,0.0,0.0,1.0,0.0
8987,1,38,1,0.0,0.0,1,9.0,3.0,2.0,3.0,10.0,15.0,4.0,5.0,1.0,2.0,0.0,0.0
8988,14,13,2,0.0,1.0,2,9.0,4.0,1.0,2.0,12.0,14.0,10.0,3.0,3.0,0.0,0.0,0.0
8989,40,31,1,0.0,0.0,1,16.0,9.0,10.0,5.0,17.0,22.0,4.0,8.0,5.0,4.0,0.0,0.0
8990,45,24,2,0.0,1.0,2,15.0,12.0,10.0,7.0,17.0,13.0,6.0,6.0,5.0,2.0,0.0,1.0
8991,22,15,0,1.0,0.0,0,13.0,6.0,5.0,2.0,22.0,23.0,2.0,3.0,1.0,4.0,0.0,0.0
8992,7,17,0,1.0,0.0,0,15.0,12.0,9.0,3.0,14.0,13.0,3.0,8.0,0.0,2.0,0.0,1.0
8993,0,18,0,1.0,1.0,1,10.0,4.0,8.0,2.0,7.0,13.0,10.0,0.0,0.0,2.0,0.0,1.0
8994,25,30,2,0.0,1.0,2,15.0,15.0,4.0,7.0,13.0,11.0,12.0,5.0,3.0,1.0,0.0,0.0
8995,13,1,1,2.0,0.0,0,12.0,11.0,5.0,8.0,10.0,15.0,5.0,7.0,3.0,4.0,1.0,0.0
8996,42,14,2,0.0,1.0,2,5.0,16.0,1.0,10.0,14.0,11.0,2.0,5.0,2.0,2.0,1.0,0.0
8997,31,45,0,1.0,0.0,0,20.0,13.0,14.0,6.0,19.0,9.0,7.0,5.0,0.0,0.0,0.0,0.0
8998,15,40,0,1.0,0.0,0,14.0,6.0,9.0,3.0,15.0,21.0,6.0,3.0,3.0,0.0,0.0,0.0
8999,18,26,2,1.0,1.0,1,10.0,10.0,7.0,6.0,19.0,15.0,2.0,5.0,4.0,2.0,1.0,0.0
9000,17,25,0,1.0,0.0,0,10.0,7.0,6.0,4.0,17.0,16.0,5.0,6.0,0.0,0.0,0.0,0.0
9001,30,22,2,1.0,0.0,0,4.0,12.0,1.0,5.0,8.0,8.0,5.0,4.0,0.0,0.0,0.0,0.0
9002,14,38,0,1.0,0.0,0,14.0,9.0,8.0,5.0,11.0,19.0,7.0,6.0,3.0,3.0,0.0,0.0
9003,45,17,0,3.0,0.0,0,18.0,6.0,10.0,3.0,10.0,18.0,3.0,5.0,0.0,2.0,0.0,0.0
9004,40,42,2,2.0,0.0,0,13.0,8.0,4.0,6.0,12.0,15.0,3.0,3.0,1.0,2.0,0.0,0.0
9005,22,31,0,0.0,0.0,1,14.0,6.0,5.0,2.0,6.0,13.0,9.0,3.0,0.0,1.0,0.0,1.0
9006,1,18,0,1.0,1.0,1,8.0,5.0,5.0,3.0,13.0,14.0,5.0,3.0,0.0,3.0,0.0,0.0
9007,29,15,0,2.0,2.0,1,28.0,9.0,13.0,4.0,9.0,18.0,9.0,2.0,1.0,4.0,0.0,0.0
9008,25,28,2,1.0,1.0,1,15.0,8.0,9.0,3.0,13.0,26.0,5.0,1.0,2.0,3.0,0.0,0.0
9009,0,30,2,0.0,2.0,2,17.0,6.0,8.0,2.0,13.0,11.0,9.0,0.0,1.0,1.0,0.0,0.0
9010,7,13,0,0.0,0.0,1,4.0,3.0,8.0,8.0,13.0,21.0,3.0,7.0,1.0,3.0,0.0,0.0
9011,26,24,2,0.0,2.0,2,11.0,9.0,5.0,3.0,19.0,16.0,8.0,2.0,3.0,1.0,1.0,0.0
9012,28,0,2,0.0,4.0,2,7.0,15.0,2.0,8.0,10.0,8.0,7.0,3.0,2.0,0.0,0.0,0.0
9013,29,13,0,1.0,0.0,0,23.0,3.0,8.0,2.0,8.0,9.0,12.0,4.0,1.0,1.0,0.0,0.0
9014,42,7,0,1.0,1.0,1,17.0,10.0,13.0,5.0,13.0,9.0,5.0,7.0,1.0,1.0,0.0,0.0
9015,22,26,1,0.0,0.0,1,8.0,7.0,5.0,2.0,10.0,15.0,6.0,1.0,0.0,0.0,0.0,0.0
9016,30,40,1,0.0,0.0,1,12.0,12.0,6.0,4.0,22.0,22.0,3.0,2.0,5.0,3.0,1.0,0.0
9017,18,28,0,2.0,1.0,0,11.0,13.0,7.0,5.0,17.0,18.0,8.0,8.0,0.0,3.0,1.0,1.0
9018,24,38,0,1.0,0.0,0,15.0,6.0,7.0,2.0,10.0,11.0,10.0,1.0,0.0,0.0,0.0,0.0
9019,25,15,2,1.0,2.0,2,9.0,15.0,4.0,5.0,9.0,19.0,4.0,9.0,3.0,2.0,0.0,0.0
9020,1,45,1,0.0,0.0,1,6.0,7.0,4.0,5.0,5.0,3.0,5.0,3.0,1.0,3.0,0.0,0.0
9021,17,14,2,0.0,0.0,1,3.0,10.0,2.0,7.0,13.0,7.0,1.0,9.0,1.0,1.0,0.0,0.0
9022,1,25,0,1.0,1.0,1,9.0,6.0,5.0,2.0,11.0,12.0,10.0,3.0,2.0,2.0,0.0,0.0
9023,38,22,2,0.0,1.0,2,11.0,11.0,3.0,5.0,17.0,15.0,6.0,7.0,2.0,1.0,0.0,0.0
9024,13,25,0,1.0,0.0,0,16.0,5.0,9.0,1.0,12.0,9.0,6.0,2.0,2.0,2.0,0.0,0.0
9025,26,29,0,2.0,0.0,0,15.0,9.0,6.0,3.0,8.0,8.0,6.0,4.0,1.0,1.0,1.0,0.0
9026,7,31,1,2.0,1.0,0,22.0,14.0,8.0,7.0,17.0,23.0,10.0,8.0,0.0,1.0,0.0,0.0
9027,0,42,0,0.0,0.0,1,25.0,4.0,19.0,3.0,5.0,6.0,12.0,2.0,0.0,1.0,0.0,0.0
9028,15,17,0,1.0,0.0,0,12.0,14.0,7.0,8.0,12.0,16.0,9.0,4.0,0.0,1.0,1.0,0.0
9029,14,30,0,1.0,0.0,0,17.0,7.0,5.0,3.0,19.0,10.0,4.0,3.0,2.0,1.0,0.0,0.0
9030,28,1,2,1.0,2.0,2,12.0,8.0,6.0,7.0,18.0,13.0,9.0,2.0,6.0,4.0,1.0,0.0
9031,45,18,2,0.0,1.0,2,17.0,10.0,6.0,7.0,16.0,16.0,8.0,2.0,3.0,2.0,1.0,0.0
9032,40,24,2,0.0,1.0,2,14.0,7.0,8.0,4.0,17.0,10.0,8.0,4.0,2.0,2.0,0.0,1.0
9033,1,0,1,0.0,0.0,1,4.0,14.0,2.0,5.0,16.0,13.0,3.0,3.0,2.0,2.0,0.0,1.0
9034,26,17,1,0.0,1.0,2,18.0,7.0,8.0,4.0,11.0,9.0,9.0,3.0,2.0,2.0,0.0,0.0
9035,29,25,0,0.0,0.0,1,19.0,5.0,8.0,2.0,11.0,13.0,14.0,2.0,1.0,1.0,0.0,0.0
9036,31,30,2,0.0,2.0,2,16.0,7.0,5.0,4.0,14.0,19.0,5.0,1.0,0.0,3.0,0.0,1.0
9037,42,15,0,2.0,0.0,0,12.0,11.0,4.0,5.0,13.0,10.0,5.0,8.0,0.0,1.0,0.0,0.0
9038,13,24,2,1.0,1.0,1,7.0,7.0,3.0,5.0,19.0,13.0,2.0,5.0,3.0,5.0,0.0,0.0
9039,14,40,2,2.0,1.0,0,14.0,11.0,6.0,7.0,15.0,26.0,4.0,5.0,0.0,0.0,0.0,0.0
9040,45,22,2,0.0,0.0,1,5.0,13.0,2.0,5.0,14.0,8.0,4.0,5.0,0.0,0.0,0.0,0.0
9041,38,18,0,0.0,0.0,1,17.0,5.0,5.0,1.0,13.0,18.0,6.0,6.0,1.0,1.0,0.0,0.0
9042,7,28,1,0.0,1.0,2,16.0,10.0,7.0,3.0,13.0,12.0,3.0,3.0,2.0,1.0,0.0,0.0
9043,1,22,0,0.0,1.0,2,9.0,8.0,5.0,3.0,15.0,11.0,6.0,2.0,1.0,1.0,0.0,0.0
9044,45,14,2,0.0,2.0,2,7.0,17.0,2.0,6.0,12.0,9.0,1.0,0.0,2.0,2.0,0.0,0.0
9045,40,1,1,0.0,0.0,1,18.0,6.0,12.0,2.0,17.0,18.0,5.0,3.0,1.0,2.0,0.0,0.0
9046,22,7,0,0.0,1.0,2,21.0,7.0,8.0,5.0,13.0,14.0,7.0,2.0,0.0,4.0,0.0,0.0
9047,15,14,1,0.0,0.0,1,17.0,24.0,10.0,11.0,13.0,15.0,5.0,8.0,2.0,2.0,0.0,0.0
9048,30,13,1,0.0,0.0,1,8.0,11.0,2.0,8.0,13.0,12.0,4.0,5.0,1.0,1.0,0.0,0.0
9049,17,42,0,2.0,0.0,0,8.0,13.0,4.0,7.0,20.0,12.0,6.0,7.0,2.0,3.0,0.0,0.0
9050,25,26,0,0.0,0.0,1,9.0,8.0,7.0,3.0,9.0,7.0,4.0,7.0,1.0,1.0,0.0,0.0
9051,24,29,1,0.0,0.0,1,18.0,5.0,10.0,5.0,25.0,21.0,14.0,3.0,3.0,5.0,0.0,0.0
9052,28,38,2,0.0,0.0,1,15.0,6.0,7.0,1.0,15.0,15.0,5.0,6.0,1.0,1.0,0.0,0.0
9053,18,31,1,0.0,0.0,1,16.0,4.0,6.0,2.0,13.0,12.0,4.0,1.0,1.0,2.0,0.0,0.0
9054,0,45,0,3.0,0.0,0,16.0,4.0,6.0,2.0,19.0,12.0,5.0,6.0,2.0,3.0,0.0,0.0
9055,29,0,0,5.0,1.0,0,16.0,6.0,9.0,2.0,10.0,6.0,3.0,3.0,0.0,0.0,0.0,0.0
9056,30,38,2,0.0,0.0,1,11.0,10.0,6.0,5.0,9.0,9.0,3.0,6.0,1.0,0.0,0.0,0.0
9057,22,18,0,0.0,0.0,1,12.0,8.0,6.0,2.0,11.0,14.0,3.0,2.0,1.0,2.0,0.0,1.0
9058,25,40,0,1.0,0.0,0,11.0,9.0,7.0,3.0,13.0,16.0,6.0,5.0,0.0,4.0,0.0,1.0
9059,7,45,2,0.0,1.0,2,15.0,11.0,5.0,5.0,9.0,10.0,7.0,1.0,1.0,2.0,0.0,0.0
9060,17,1,0,1.0,0.0,0,9.0,19.0,5.0,7.0,9.0,10.0,1.0,9.0,1.0,1.0,0.0,0.0
9061,42,24,2,1.0,1.0,1,13.0,15.0,4.0,9.0,16.0,14.0,5.0,12.0,2.0,1.0,0.0,0.0
9062,15,13,1,1.0,1.0,1,17.0,15.0,7.0,7.0,15.0,11.0,3.0,7.0,0.0,0.0,0.0,0.0
9063,31,28,2,0.0,0.0,1,10.0,11.0,3.0,3.0,18.0,11.0,5.0,5.0,1.0,0.0,0.0,0.0
9064,45,15,1,0.0,0.0,1,21.0,13.0,9.0,4.0,13.0,16.0,5.0,4.0,2.0,5.0,0.0,0.0
9065,13,31,0,2.0,0.0,0,11.0,5.0,4.0,3.0,10.0,12.0,4.0,11.0,2.0,1.0,0.0,0.0
9066,28,42,2,0.0,0.0,1,11.0,11.0,4.0,4.0,17.0,10.0,7.0,3.0,1.0,0.0,0.0,0.0
9067,24,17,1,0.0,0.0,1,12.0,3.0,6.0,2.0,11.0,17.0,17.0,4.0,2.0,5.0,0.0,0.0
9068,18,25,0,2.0,0.0,0,9.0,9.0,6.0,2.0,12.0,7.0,7.0,2.0,3.0,2.0,0.0,0.0
9069,40,26,1,0.0,0.0,1,9.0,8.0,6.0,4.0,15.0,25.0,9.0,6.0,5.0,3.0,0.0,0.0
9070,38,7,0,0.0,0.0,1,12.0,4.0,6.0,1.0,9.0,16.0,8.0,0.0,0.0,1.0,0.0,0.0
9071,14,29,1,1.0,0.0,0,8.0,16.0,4.0,6.0,16.0,12.0,3.0,8.0,0.0,2.0,0.0,0.0
9072,1,30,1,1.0,0.0,0,15.0,6.0,4.0,3.0,11.0,11.0,7.0,4.0,1.0,1.0,0.0,0.0
9073,0,22,0,0.0,0.0,1,17.0,5.0,10.0,3.0,16.0,15.0,11.0,3.0,2.0,1.0,0.0,0.0
9074,18,24,1,1.0,0.0,0,7.0,9.0,4.0,5.0,18.0,18.0,4.0,7.0,2.0,1.0,0.0,0.0
9075,26,45,0,2.0,0.0,0,14.0,8.0,10.0,3.0,9.0,6.0,5.0,3.0,0.0,1.0,0.0,1.0
9076,15,0,2,0.0,0.0,1,12.0,8.0,4.0,6.0,13.0,14.0,3.0,7.0,3.0,4.0,0.0,0.0
9077,22,24,2,0.0,2.0,2,11.0,10.0,6.0,3.0,10.0,15.0,3.0,4.0,1.0,2.0,1.0,0.0
9078,7,1,2,0.0,0.0,1,9.0,13.0,2.0,6.0,14.0,14.0,3.0,4.0,2.0,0.0,0.0,0.0
9079,42,13,1,0.0,0.0,1,9.0,7.0,3.0,2.0,17.0,14.0,2.0,3.0,2.0,0.0,0.0,0.0
9080,25,14,0,1.0,0.0,0,10.0,8.0,5.0,4.0,7.0,13.0,2.0,7.0,0.0,1.0,0.0,0.0
9081,29,18,0,0.0,0.0,1,8.0,5.0,1.0,1.0,8.0,11.0,2.0,5.0,0.0,2.0,0.0,0.0
9082,17,40,0,1.0,0.0,0,9.0,17.0,3.0,5.0,16.0,18.0,3.0,4.0,7.0,3.0,0.0,0.0
9083,30,28,1,0.0,1.0,2,14.0,6.0,6.0,3.0,12.0,14.0,4.0,2.0,0.0,2.0,1.0,0.0
9084,18,30,1,0.0,1.0,2,17.0,6.0,8.0,3.0,17.0,12.0,9.0,1.0,1.0,5.0,0.0,0.0
9085,14,31,0,1.0,1.0,1,14.0,4.0,4.0,2.0,12.0,19.0,7.0,2.0,1.0,3.0,0.0,0.0
9086,28,26,1,0.0,1.0,2,4.0,16.0,2.0,3.0,17.0,13.0,5.0,11.0,1.0,1.0,0.0,0.0
9087,24,15,0,0.0,0.0,1,11.0,3.0,6.0,1.0,18.0,19.0,9.0,2.0,4.0,5.0,0.0,0.0
9088,45,42,1,0.0,0.0,1,17.0,14.0,6.0,6.0,9.0,16.0,9.0,4.0,1.0,1.0,0.0,0.0
9089,38,25,0,0.0,0.0,1,10.0,6.0,5.0,3.0,14.0,12.0,3.0,3.0,0.0,3.0,0.0,0.0
9090,40,29,2,0.0,0.0,1,9.0,13.0,2.0,7.0,15.0,13.0,3.0,2.0,2.0,0.0,2.0,1.0
9091,0,7,0,2.0,0.0,0,20.0,6.0,8.0,2.0,12.0,14.0,6.0,3.0,1.0,2.0,0.0,0.0
9092,13,17,0,1.0,1.0,1,13.0,6.0,9.0,3.0,13.0,14.0,9.0,3.0,2.0,1.0,0.0,0.0
9093,1,24,2,1.0,1.0,1,12.0,7.0,4.0,3.0,11.0,10.0,5.0,3.0,2.0,0.0,0.0,0.0
9094,13,45,1,1.0,0.0,0,9.0,18.0,3.0,3.0,11.0,8.0,0.0,5.0,0.0,1.0,0.0,0.0
9095,40,7,1,0.0,0.0,1,14.0,7.0,6.0,3.0,10.0,13.0,8.0,7.0,0.0,1.0,0.0,0.0
9096,26,30,1,0.0,0.0,1,22.0,4.0,7.0,2.0,9.0,10.0,7.0,3.0,1.0,1.0,0.0,0.0
9097,42,38,1,0.0,0.0,1,9.0,9.0,4.0,6.0,10.0,15.0,6.0,0.0,0.0,1.0,0.0,0.0
9098,17,28,1,0.0,0.0,1,9.0,10.0,3.0,4.0,17.0,22.0,5.0,4.0,2.0,2.0,0.0,0.0
9099,15,18,2,0.0,3.0,2,9.0,8.0,5.0,4.0,9.0,22.0,15.0,3.0,0.0,1.0,0.0,0.0
9100,24,31,2,1.0,2.0,2,12.0,11.0,5.0,7.0,12.0,18.0,16.0,1.0,2.0,1.0,0.0,0.0
9101,14,22,0,1.0,1.0,1,23.0,5.0,10.0,2.0,11.0,12.0,11.0,1.0,3.0,0.0,0.0,1.0
9102,29,1,0,0.0,0.0,1,12.0,5.0,7.0,3.0,10.0,19.0,7.0,3.0,1.0,2.0,0.0,0.0
9103,25,0,1,0.0,0.0,1,3.0,13.0,0.0,4.0,6.0,8.0,1.0,9.0,2.0,2.0,1.0,0.0
9104,22,25,0,0.0,0.0,1,22.0,6.0,9.0,3.0,14.0,10.0,8.0,1.0,1.0,1.0,0.0,0.0
9105,31,15,0,1.0,0.0,0,11.0,12.0,6.0,5.0,6.0,9.0,2.0,7.0,0.0,3.0,0.0,0.0
9106,18,42,1,0.0,0.0,1,17.0,4.0,8.0,1.0,11.0,15.0,9.0,0.0,1.0,0.0,0.0,0.0
9107,28,24,2,0.0,1.0,2,5.0,10.0,3.0,6.0,23.0,17.0,4.0,5.0,5.0,3.0,0.0,0.0
9108,7,29,2,0.0,0.0,1,9.0,20.0,3.0,11.0,11.0,11.0,1.0,9.0,1.0,0.0,0.0,0.0
9109,1,26,2,0.0,2.0,2,5.0,12.0,1.0,6.0,7.0,10.0,1.0,4.0,2.0,0.0,0.0,0.0
9110,38,13,1,0.0,0.0,1,17.0,10.0,6.0,4.0,8.0,12.0,9.0,3.0,0.0,0.0,0.0,0.0
9111,45,40,2,0.0,1.0,2,13.0,7.0,6.0,5.0,20.0,21.0,9.0,6.0,4.0,2.0,0.0,0.0
9112,0,14,1,1.0,0.0,0,15.0,12.0,8.0,8.0,13.0,15.0,10.0,3.0,1.0,4.0,0.0,0.0
9113,30,17,0,1.0,0.0,0,13.0,6.0,8.0,3.0,8.0,14.0,4.0,5.0,0.0,4.0,0.0,0.0
9114,42,31,0,3.0,1.0,0,16.0,9.0,10.0,4.0,11.0,10.0,9.0,6.0,0.0,2.0,1.0,2.0
9115,24,30,1,0.0,1.0,2,16.0,5.0,5.0,3.0,14.0,15.0,5.0,1.0,2.0,3.0,0.0,0.0
9116,14,1,0,1.0,0.0,0,13.0,7.0,5.0,3.0,15.0,19.0,2.0,5.0,0.0,1.0,0.0,0.0
9117,25,7,2,1.0,2.0,2,9.0,8.0,3.0,4.0,11.0,14.0,5.0,3.0,0.0,3.0,0.0,0.0
9118,29,45,0,2.0,0.0,0,25.0,9.0,12.0,5.0,17.0,13.0,8.0,2.0,1.0,2.0,0.0,0.0
9119,13,0,0,1.0,0.0,0,9.0,10.0,4.0,5.0,15.0,12.0,6.0,12.0,1.0,1.0,0.0,0.0
9120,40,22,0,1.0,1.0,1,16.0,9.0,9.0,3.0,15.0,10.0,4.0,3.0,1.0,5.0,0.0,0.0
9121,15,28,1,0.0,0.0,1,19.0,10.0,9.0,5.0,16.0,15.0,12.0,8.0,1.0,2.0,0.0,0.0
9122,26,38,0,1.0,1.0,1,16.0,7.0,8.0,3.0,8.0,5.0,15.0,2.0,0.0,1.0,0.0,0.0
9123,17,18,0,1.0,0.0,0,7.0,9.0,3.0,6.0,9.0,18.0,5.0,11.0,2.0,3.0,0.0,0.0
9124,0,40,1,2.0,0.0,0,17.0,14.0,9.0,7.0,14.0,18.0,11.0,1.0,0.0,3.0,0.0,0.0
9125,22,42,0,1.0,0.0,0,18.0,6.0,9.0,3.0,13.0,17.0,10.0,5.0,0.0,0.0,0.0,0.0
9126,31,29,1,0.0,1.0,2,14.0,8.0,4.0,6.0,13.0,10.0,6.0,3.0,2.0,3.0,0.0,0.0
9127,28,13,2,0.0,2.0,2,8.0,13.0,1.0,8.0,11.0,14.0,7.0,4.0,1.0,2.0,0.0,0.0
9128,30,15,1,0.0,1.0,2,14.0,9.0,6.0,3.0,9.0,16.0,4.0,3.0,1.0,3.0,0.0,0.0
9129,38,17,0,0.0,0.0,1,10.0,9.0,5.0,5.0,17.0,10.0,7.0,6.0,0.0,2.0,0.0,0.0
9130,38,42,0,2.0,0.0,0,17.0,7.0,6.0,2.0,17.0,13.0,4.0,4.0,1.0,3.0,0.0,0.0
9131,30,26,0,1.0,0.0,0,7.0,11.0,2.0,5.0,7.0,9.0,2.0,6.0,2.0,2.0,0.0,0.0
9132,18,15,2,0.0,0.0,1,17.0,10.0,9.0,5.0,14.0,16.0,5.0,2.0,2.0,1.0,0.0,0.0
9133,7,40,2,0.0,1.0,2,11.0,16.0,3.0,11.0,17.0,17.0,9.0,8.0,2.0,0.0,0.0,0.0
9134,28,17,1,0.0,0.0,1,15.0,14.0,7.0,3.0,15.0,14.0,7.0,7.0,2.0,2.0,0.0,0.0
9135,31,24,0,2.0,1.0,0,13.0,8.0,4.0,5.0,23.0,17.0,7.0,2.0,4.0,2.0,0.0,0.0
9136,45,13,0,3.0,0.0,0,17.0,12.0,10.0,8.0,19.0,11.0,5.0,8.0,1.0,0.0,0.0,0.0
9137,0,25,0,1.0,0.0,0,27.0,2.0,15.0,2.0,14.0,11.0,14.0,0.0,0.0,0.0,0.0,0.0
9138,1,29,2,0.0,0.0,1,6.0,14.0,3.0,3.0,15.0,16.0,2.0,4.0,1.0,2.0,0.0,0.0
9139,22,14,1,1.0,2.0,2,19.0,7.0,13.0,4.0,5.0,9.0,8.0,2.0,0.0,4.0,0.0,0.0
9140,25,45,0,1.0,1.0,1,11.0,11.0,6.0,4.0,7.0,5.0,6.0,5.0,1.0,0.0,0.0,0.0
9141,17,31,0,1.0,0.0,0,8.0,8.0,5.0,4.0,17.0,16.0,2.0,3.0,1.0,2.0,0.0,0.0
9142,26,0,0,1.0,0.0,0,12.0,12.0,6.0,6.0,18.0,14.0,6.0,3.0,2.0,0.0,0.0,0.0
9143,13,18,0,1.0,0.0,0,10.0,10.0,7.0,4.0,15.0,21.0,13.0,6.0,1.0,4.0,0.0,0.0
9144,29,22,0,2.0,0.0,0,20.0,5.0,4.0,3.0,7.0,8.0,11.0,3.0,0.0,1.0,0.0,0.0
9145,40,28,0,1.0,0.0,0,9.0,9.0,5.0,3.0,14.0,18.0,8.0,6.0,2.0,2.0,0.0,0.0
9146,14,7,0,1.0,0.0,0,17.0,7.0,8.0,1.0,8.0,12.0,5.0,4.0,0.0,1.0,0.0,0.0
9147,42,30,1,0.0,0.0,1,16.0,5.0,8.0,0.0,22.0,13.0,8.0,4.0,2.0,3.0,0.0,0.0
9148,24,1,2,0.0,1.0,2,15.0,8.0,5.0,5.0,18.0,18.0,10.0,2.0,1.0,4.0,0.0,0.0
9149,15,38,1,1.0,0.0,0,12.0,10.0,5.0,2.0,12.0,13.0,8.0,6.0,1.0,1.0,0.0,0.0
9150,42,0,1,1.0,0.0,0,8.0,17.0,4.0,10.0,20.0,14.0,3.0,7.0,2.0,1.0,0.0,0.0
9151,29,26,2,0.0,1.0,2,6.0,9.0,4.0,4.0,10.0,11.0,9.0,2.0,1.0,0.0,1.0,0.0
9152,17,15,0,1.0,0.0,0,4.0,14.0,3.0,5.0,17.0,10.0,3.0,5.0,1.0,3.0,0.0,0.0
9153,25,13,0,1.0,1.0,1,9.0,12.0,5.0,8.0,11.0,16.0,5.0,5.0,1.0,2.0,0.0,0.0
9154,18,45,1,0.0,0.0,1,15.0,9.0,5.0,4.0,10.0,7.0,9.0,7.0,1.0,2.0,0.0,0.0
9155,1,28,1,0.0,0.0,1,10.0,9.0,5.0,4.0,8.0,16.0,5.0,4.0,2.0,1.0,1.0,0.0
9156,31,7,0,1.0,0.0,0,17.0,7.0,6.0,3.0,16.0,17.0,4.0,3.0,0.0,2.0,0.0,0.0
9157,24,40,0,1.0,0.0,0,17.0,17.0,8.0,6.0,16.0,20.0,8.0,5.0,3.0,4.0,0.0,0.0
9158,30,14,0,0.0,0.0,1,7.0,9.0,4.0,3.0,14.0,16.0,3.0,5.0,0.0,2.0,0.0,0.0
9159,22,38,0,0.0,1.0,2,15.0,13.0,7.0,4.0,11.0,12.0,6.0,1.0,1.0,2.0,0.0,0.0
9160,26,22,2,0.0,1.0,2,14.0,11.0,5.0,6.0,12.0,14.0,8.0,5.0,1.0,3.0,0.0,0.0
9161,15,25,0,1.0,0.0,0,12.0,6.0,5.0,1.0,11.0,15.0,8.0,10.0,0.0,1.0,0.0,0.0
9162,14,17,0,3.0,0.0,0,19.0,5.0,10.0,3.0,8.0,14.0,3.0,6.0,0.0,0.0,0.0,0.0
9163,40,30,0,0.0,0.0,1,8.0,8.0,5.0,5.0,22.0,21.0,5.0,3.0,1.0,3.0,0.0,0.0
9164,13,29,1,1.0,2.0,2,15.0,15.0,8.0,8.0,6.0,10.0,9.0,6.0,0.0,1.0,0.0,0.0
9165,7,42,1,1.0,2.0,2,13.0,6.0,6.0,4.0,6.0,16.0,7.0,2.0,2.0,0.0,0.0,0.0
9166,45,1,1,1.0,1.0,1,13.0,15.0,5.0,4.0,14.0,15.0,4.0,4.0,1.0,3.0,0.0,0.0
9167,0,31,0,2.0,0.0,0,15.0,3.0,10.0,1.0,10.0,11.0,5.0,2.0,0.0,3.0,0.0,0.0
9168,38,24,0,1.0,0.0,0,12.0,13.0,3.0,5.0,13.0,15.0,2.0,10.0,3.0,4.0,1.0,0.0
9169,28,18,0,3.0,0.0,0,13.0,14.0,9.0,4.0,12.0,12.0,5.0,13.0,0.0,1.0,0.0,0.0
9170,40,18,0,1.0,0.0,0,24.0,7.0,11.0,2.0,16.0,23.0,8.0,4.0,0.0,3.0,0.0,0.0
9171,14,28,0,2.0,0.0,0,9.0,11.0,7.0,5.0,9.0,12.0,7.0,10.0,2.0,0.0,0.0,0.0
9172,0,38,0,0.0,0.0,1,24.0,7.0,12.0,5.0,14.0,15.0,16.0,8.0,0.0,2.0,0.0,0.0
9173,22,17,2,0.0,1.0,2,11.0,3.0,5.0,3.0,13.0,13.0,6.0,1.0,1.0,1.0,0.0,0.0
9174,45,30,0,1.0,0.0,0,14.0,5.0,6.0,3.0,17.0,19.0,7.0,5.0,1.0,4.0,0.0,1.0
9175,7,15,0,0.0,0.0,1,10.0,13.0,6.0,7.0,11.0,12.0,9.0,8.0,3.0,2.0,0.0,0.0
9176,26,13,0,1.0,0.0,0,13.0,7.0,3.0,2.0,10.0,9.0,6.0,5.0,1.0,1.0,0.0,0.0
9177,1,31,1,1.0,0.0,0,8.0,9.0,4.0,5.0,11.0,12.0,8.0,2.0,2.0,1.0,0.0,0.0
9178,29,42,0,1.0,0.0,0,16.0,5.0,8.0,3.0,7.0,8.0,7.0,5.0,2.0,1.0,0.0,0.0
9179,25,24,0,3.0,0.0,0,8.0,12.0,5.0,4.0,10.0,7.0,0.0,6.0,1.0,2.0,0.0,1.0
9180,31,26,0,1.0,0.0,0,9.0,13.0,6.0,9.0,17.0,15.0,5.0,11.0,3.0,2.0,0.0,0.0
9181,24,0,0,0.0,0.0,1,12.0,9.0,6.0,3.0,19.0,22.0,8.0,4.0,1.0,7.0,0.0,0.0
9182,38,45,2,1.0,2.0,2,10.0,14.0,5.0,8.0,12.0,10.0,6.0,10.0,1.0,2.0,0.0,0.0
9183,15,1,1,0.0,1.0,2,10.0,7.0,2.0,4.0,9.0,19.0,6.0,1.0,1.0,2.0,0.0,0.0
9184,42,25,0,2.0,0.0,0,15.0,11.0,7.0,5.0,21.0,15.0,5.0,8.0,1.0,3.0,0.0,1.0
9185,30,7,1,0.0,2.0,2,14.0,9.0,9.0,5.0,17.0,18.0,6.0,4.0,0.0,2.0,1.0,0.0
9186,17,29,2,0.0,0.0,1,1.0,12.0,0.0,7.0,12.0,12.0,3.0,9.0,2.0,1.0,0.0,0.0
9187,18,14,0,0.0,1.0,2,11.0,10.0,5.0,6.0,11.0,18.0,1.0,4.0,0.0,3.0,0.0,1.0
9188,28,22,2,0.0,2.0,2,9.0,11.0,4.0,4.0,8.0,5.0,6.0,5.0,0.0,2.0,0.0,0.0
9189,13,40,2,0.0,0.0,1,10.0,8.0,2.0,3.0,16.0,16.0,7.0,8.0,0.0,1.0,0.0,0.0
9190,15,22,2,0.0,0.0,1,12.0,10.0,5.0,4.0,10.0,12.0,5.0,5.0,1.0,1.0,0.0,0.0
9191,42,26,0,2.0,1.0,0,6.0,9.0,4.0,4.0,11.0,13.0,6.0,5.0,1.0,2.0,0.0,0.0
9192,17,7,0,0.0,0.0,1,7.0,7.0,3.0,4.0,10.0,18.0,2.0,4.0,3.0,1.0,0.0,0.0
9193,38,1,0,2.0,0.0,0,7.0,9.0,3.0,3.0,10.0,10.0,3.0,3.0,0.0,0.0,0.0,0.0
9194,31,40,2,1.0,0.0,0,19.0,9.0,9.0,6.0,17.0,26.0,1.0,4.0,1.0,3.0,0.0,0.0
9195,28,29,2,0.0,1.0,2,10.0,8.0,4.0,4.0,13.0,8.0,10.0,11.0,3.0,1.0,0.0,0.0
9196,18,0,0,0.0,0.0,1,4.0,4.0,2.0,2.0,20.0,12.0,3.0,5.0,3.0,1.0,0.0,0.0
9197,13,14,0,1.0,0.0,0,10.0,13.0,6.0,3.0,18.0,22.0,4.0,5.0,2.0,3.0,0.0,0.0
9198,30,25,2,0.0,2.0,2,11.0,9.0,4.0,7.0,8.0,12.0,6.0,2.0,3.0,1.0,0.0,0.0
9199,24,45,2,0.0,1.0,2,15.0,4.0,6.0,3.0,14.0,19.0,2.0,2.0,1.0,1.0,0.0,0.0
9200,14,24,1,0.0,0.0,1,12.0,11.0,7.0,3.0,19.0,24.0,3.0,2.0,4.0,4.0,0.0,0.0
9201,26,15,0,1.0,0.0,0,19.0,10.0,13.0,5.0,10.0,12.0,7.0,1.0,1.0,0.0,0.0,0.0
9202,40,38,1,1.0,1.0,1,11.0,10.0,5.0,5.0,13.0,21.0,7.0,4.0,1.0,1.0,0.0,0.0
9203,45,28,0,0.0,1.0,2,22.0,10.0,11.0,5.0,7.0,7.0,7.0,5.0,1.0,1.0,0.0,0.0
9204,0,17,1,0.0,0.0,1,15.0,9.0,9.0,2.0,12.0,13.0,10.0,0.0,0.0,2.0,0.0,0.0
9205,7,18,2,0.0,0.0,1,11.0,9.0,6.0,4.0,8.0,18.0,3.0,3.0,1.0,2.0,0.0,0.0
9206,22,13,0,0.0,0.0,1,30.0,7.0,13.0,4.0,8.0,12.0,13.0,3.0,0.0,2.0,0.0,0.0
9207,1,42,0,1.0,0.0,0,11.0,3.0,6.0,2.0,15.0,13.0,10.0,1.0,0.0,3.0,0.0,0.0
9208,25,31,1,0.0,0.0,1,8.0,7.0,4.0,1.0,7.0,8.0,0.0,3.0,1.0,1.0,0.0,0.0
9209,29,30,0,0.0,1.0,2,18.0,5.0,11.0,1.0,5.0,10.0,10.0,0.0,0.0,0.0,0.0,0.0
9210,17,45,1,0.0,0.0,1,14.0,6.0,2.0,6.0,14.0,18.0,6.0,1.0,1.0,1.0,0.0,0.0
9211,18,1,2,0.0,0.0,1,14.0,4.0,6.0,1.0,17.0,23.0,6.0,2.0,3.0,2.0,0.0,0.0
9212,13,7,0,2.0,0.0,0,11.0,12.0,7.0,8.0,10.0,20.0,3.0,6.0,0.0,1.0,0.0,1.0
9213,15,29,2,0.0,2.0,2,4.0,11.0,2.0,6.0,17.0,8.0,3.0,9.0,1.0,1.0,0.0,0.0
9214,31,22,0,1.0,1.0,1,11.0,8.0,6.0,5.0,13.0,7.0,7.0,4.0,1.0,0.0,0.0,0.0
9215,38,14,0,2.0,0.0,0,10.0,9.0,4.0,4.0,16.0,11.0,7.0,7.0,4.0,2.0,0.0,0.0
9216,24,26,0,1.0,2.0,2,10.0,14.0,7.0,8.0,18.0,18.0,7.0,7.0,1.0,4.0,0.0,0.0
9217,42,40,0,1.0,0.0,0,11.0,12.0,6.0,3.0,18.0,9.0,8.0,7.0,1.0,0.0,1.0,0.0
9218,30,0,2,0.0,1.0,2,4.0,11.0,3.0,8.0,10.0,11.0,5.0,8.0,1.0,1.0,1.0,0.0
9219,28,25,2,0.0,0.0,1,14.0,3.0,3.0,2.0,12.0,14.0,9.0,4.0,1.0,2.0,0.0,0.0
9220,26,18,0,1.0,1.0,1,10.0,9.0,8.0,7.0,10.0,10.0,9.0,6.0,0.0,1.0,0.0,1.0
9221,7,24,1,1.0,0.0,0,11.0,12.0,6.0,9.0,15.0,15.0,5.0,9.0,3.0,4.0,0.0,0.0
9222,40,15,0,0.0,0.0,1,11.0,10.0,7.0,4.0,17.0,10.0,1.0,3.0,2.0,2.0,0.0,0.0
9223,25,17,0,1.0,1.0,1,9.0,7.0,5.0,2.0,9.0,18.0,7.0,3.0,0.0,3.0,0.0,0.0
9224,1,13,0,2.0,0.0,0,12.0,7.0,7.0,4.0,13.0,11.0,9.0,6.0,3.0,2.0,0.0,0.0
9225,22,30,0,2.0,0.0,0,19.0,7.0,11.0,3.0,8.0,17.0,6.0,1.0,0.0,2.0,0.0,0.0
9226,29,38,0,2.0,0.0,0,16.0,12.0,8.0,5.0,5.0,9.0,7.0,7.0,0.0,0.0,0.0,0.0
9227,0,28,0,1.0,0.0,0,22.0,6.0,14.0,2.0,6.0,13.0,10.0,4.0,0.0,3.0,0.0,1.0
9228,45,31,0,0.0,0.0,1,11.0,12.0,4.0,5.0,15.0,10.0,3.0,8.0,3.0,2.0,0.0,0.0
9229,14,42,0,2.0,0.0,0,9.0,6.0,7.0,3.0,12.0,14.0,2.0,3.0,3.0,3.0,0.0,0.0
9230,38,28,2,0.0,1.0,2,19.0,11.0,6.0,4.0,10.0,15.0,9.0,3.0,1.0,2.0,0.0,0.0
9231,1,40,1,0.0,0.0,1,17.0,7.0,4.0,3.0,11.0,17.0,7.0,3.0,1.0,3.0,0.0,0.0
9232,7,22,2,0.0,1.0,2,7.0,12.0,3.0,3.0,15.0,14.0,9.0,1.0,1.0,0.0,0.0,0.0
9233,14,15,0,2.0,0.0,0,33.0,3.0,19.0,3.0,6.0,8.0,10.0,0.0,0.0,1.0,0.0,1.0
9234,29,24,0,1.0,0.0,0,26.0,5.0,14.0,0.0,9.0,18.0,12.0,4.0,0.0,2.0,0.0,0.0
9235,13,30,0,0.0,0.0,1,5.0,8.0,2.0,6.0,11.0,19.0,5.0,6.0,2.0,2.0,0.0,0.0
9236,31,18,2,0.0,0.0,1,11.0,9.0,4.0,4.0,9.0,12.0,5.0,4.0,1.0,3.0,0.0,0.0
9237,42,17,0,2.0,1.0,0,18.0,8.0,8.0,7.0,9.0,16.0,7.0,4.0,1.0,2.0,0.0,0.0
9238,26,25,0,0.0,0.0,1,24.0,8.0,11.0,3.0,8.0,10.0,10.0,9.0,1.0,2.0,0.0,0.0
9239,45,0,2,0.0,2.0,2,11.0,13.0,3.0,5.0,15.0,11.0,5.0,4.0,1.0,0.0,0.0,0.0
9240,30,31,2,0.0,1.0,2,8.0,15.0,2.0,8.0,8.0,13.0,6.0,6.0,2.0,1.0,0.0,0.0
9241,17,26,2,0.0,1.0,2,6.0,16.0,0.0,11.0,18.0,13.0,4.0,3.0,1.0,1.0,0.0,0.0
9242,0,1,0,0.0,0.0,1,16.0,8.0,10.0,3.0,12.0,20.0,7.0,4.0,1.0,4.0,0.0,1.0
9243,25,29,2,0.0,1.0,2,10.0,16.0,4.0,5.0,8.0,11.0,6.0,7.0,0.0,0.0,0.0,0.0
9244,28,7,0,2.0,0.0,0,13.0,10.0,10.0,2.0,10.0,16.0,5.0,6.0,0.0,2.0,0.0,0.0
9245,15,42,0,2.0,0.0,0,0.0,4.0,5.0,5.0,12.0,16.0,3.0,5.0,0.0,4.0,1.0,0.0
9246,40,14,0,0.0,0.0,1,16.0,11.0,11.0,2.0,12.0,18.0,5.0,0.0,0.0,1.0,1.0,1.0
9247,18,38,1,0.0,0.0,1,7.0,7.0,3.0,4.0,16.0,13.0,9.0,8.0,1.0,3.0,0.0,0.0
9248,24,13,0,1.0,0.0,0,22.0,10.0,10.0,8.0,7.0,9.0,8.0,5.0,0.0,1.0,0.0,0.0
9249,22,45,1,1.0,0.0,0,11.0,7.0,8.0,2.0,10.0,11.0,8.0,5.0,0.0,4.0,0.0,0.0
9250,0,29,0,1.0,0.0,0,7.0,13.0,5.0,4.0,18.0,17.0,3.0,11.0,2.0,3.0,0.0,0.0
9251,40,25,1,0.0,0.0,1,11.0,8.0,5.0,2.0,12.0,8.0,6.0,2.0,3.0,1.0,0.0,0.0
9252,14,26,0,2.0,0.0,0,11.0,10.0,5.0,2.0,14.0,14.0,3.0,1.0,1.0,1.0,0.0,0.0
9253,38,30,2,0.0,2.0,2,16.0,7.0,8.0,5.0,6.0,22.0,6.0,6.0,2.0,2.0,0.0,0.0
9254,24,42,0,0.0,1.0,2,14.0,10.0,7.0,5.0,11.0,20.0,6.0,4.0,0.0,2.0,0.0,0.0
9255,28,31,2,0.0,0.0,1,9.0,15.0,7.0,9.0,16.0,12.0,10.0,8.0,0.0,1.0,0.0,0.0
9256,18,22,2,0.0,1.0,2,7.0,9.0,3.0,7.0,6.0,5.0,4.0,1.0,1.0,0.0,0.0,0.0
9257,13,15,1,0.0,1.0,2,12.0,10.0,8.0,6.0,8.0,16.0,6.0,6.0,1.0,2.0,0.0,0.0
9258,45,7,1,1.0,0.0,0,14.0,9.0,6.0,6.0,14.0,10.0,7.0,2.0,3.0,2.0,0.0,0.0
9259,1,17,0,2.0,0.0,0,12.0,11.0,7.0,6.0,0.0,1.0,6.0,6.0,1.0,1.0,0.0,0.0
9260,25,18,1,1.0,0.0,0,10.0,9.0,4.0,3.0,14.0,13.0,9.0,3.0,3.0,1.0,0.0,0.0
9261,22,0,1,0.0,0.0,1,17.0,10.0,6.0,4.0,8.0,13.0,4.0,7.0,1.0,2.0,0.0,0.0
9262,7,38,2,0.0,1.0,2,14.0,6.0,6.0,4.0,14.0,18.0,7.0,5.0,3.0,1.0,0.0,0.0
9263,42,28,1,0.0,0.0,1,18.0,7.0,5.0,2.0,10.0,14.0,5.0,4.0,0.0,2.0,0.0,0.0
9264,29,14,1,3.0,2.0,0,11.0,13.0,5.0,5.0,15.0,19.0,8.0,4.0,3.0,2.0,0.0,0.0
9265,17,24,1,0.0,1.0,2,13.0,16.0,7.0,6.0,17.0,15.0,7.0,4.0,2.0,2.0,1.0,0.0
9266,15,45,2,0.0,2.0,2,9.0,12.0,2.0,10.0,12.0,11.0,5.0,6.0,0.0,1.0,0.0,0.0
9267,26,40,1,1.0,1.0,1,11.0,8.0,6.0,3.0,14.0,18.0,12.0,3.0,2.0,2.0,0.0,0.0
9268,31,13,2,0.0,1.0,2,12.0,4.0,5.0,2.0,14.0,10.0,4.0,7.0,1.0,2.0,0.0,0.0
9269,30,1,1,0.0,0.0,1,12.0,15.0,5.0,7.0,7.0,14.0,5.0,5.0,3.0,0.0,0.0,0.0
9270,45,26,1,0.0,1.0,2,15.0,7.0,4.0,2.0,5.0,13.0,9.0,0.0,0.0,2.0,0.0,0.0
9271,14,25,2,0.0,1.0,2,16.0,7.0,10.0,5.0,16.0,17.0,15.0,3.0,3.0,1.0,0.0,0.0
9272,28,30,1,0.0,0.0,1,11.0,4.0,4.0,2.0,15.0,11.0,9.0,3.0,2.0,5.0,0.0,0.0
9273,38,31,0,0.0,0.0,1,13.0,10.0,9.0,7.0,14.0,14.0,4.0,8.0,0.0,0.0,0.0,0.0
9274,13,42,0,1.0,0.0,0,9.0,10.0,5.0,5.0,8.0,10.0,7.0,5.0,0.0,0.0,0.0,0.0
9275,1,7,0,1.0,0.0,0,12.0,8.0,7.0,4.0,8.0,12.0,5.0,6.0,0.0,2.0,0.0,0.0
9276,0,15,0,1.0,0.0,0,18.0,6.0,13.0,2.0,5.0,13.0,8.0,4.0,1.0,2.0,0.0,0.0
9277,18,29,2,0.0,3.0,2,6.0,17.0,4.0,9.0,10.0,11.0,6.0,5.0,4.0,1.0,0.0,0.0
9278,40,17,0,1.0,0.0,0,15.0,10.0,8.0,5.0,16.0,28.0,4.0,5.0,2.0,3.0,0.0,0.0
9279,24,22,2,1.0,1.0,1,11.0,12.0,6.0,7.0,12.0,19.0,6.0,3.0,1.0,3.0,0.0,0.0
9280,42,45,0,0.0,0.0,1,15.0,11.0,7.0,5.0,14.0,13.0,11.0,3.0,1.0,2.0,0.0,0.0
9281,17,13,1,2.0,0.0,0,12.0,10.0,6.0,6.0,17.0,12.0,4.0,11.0,3.0,1.0,0.0,0.0
9282,30,18,2,1.0,0.0,0,9.0,12.0,5.0,9.0,16.0,5.0,7.0,7.0,3.0,0.0,0.0,0.0
9283,29,40,0,1.0,0.0,0,15.0,5.0,7.0,1.0,18.0,14.0,4.0,4.0,1.0,3.0,0.0,0.0
9284,22,1,2,0.0,1.0,2,15.0,5.0,5.0,2.0,9.0,13.0,5.0,3.0,1.0,3.0,0.0,0.0
9285,26,28,0,1.0,0.0,0,14.0,9.0,8.0,7.0,17.0,17.0,9.0,4.0,3.0,4.0,0.0,0.0
9286,7,0,1,1.0,0.0,0,9.0,18.0,5.0,11.0,17.0,13.0,4.0,10.0,0.0,2.0,0.0,0.0
9287,25,38,0,0.0,0.0,1,17.0,9.0,6.0,5.0,6.0,9.0,10.0,6.0,0.0,0.0,0.0,0.0
9288,31,14,1,0.0,0.0,1,10.0,10.0,4.0,3.0,17.0,21.0,5.0,6.0,0.0,3.0,0.0,0.0
9289,15,24,1,0.0,0.0,1,9.0,11.0,1.0,5.0,15.0,14.0,6.0,6.0,2.0,2.0,0.0,0.0
9290,25,22,0,0.0,0.0,1,12.0,7.0,6.0,3.0,12.0,13.0,6.0,2.0,1.0,1.0,0.0,0.0
9291,14,0,1,1.0,0.0,0,12.0,13.0,5.0,5.0,16.0,22.0,7.0,6.0,3.0,1.0,0.0,0.0
9292,26,1,0,3.0,0.0,0,11.0,9.0,7.0,4.0,13.0,7.0,8.0,7.0,0.0,2.0,0.0,0.0
9293,13,38,1,0.0,0.0,1,8.0,11.0,6.0,3.0,14.0,16.0,10.0,14.0,3.0,3.0,1.0,0.0
9294,17,30,1,0.0,1.0,2,9.0,5.0,5.0,4.0,8.0,10.0,11.0,5.0,3.0,2.0,0.0,0.0
9295,15,31,2,0.0,1.0,2,13.0,13.0,3.0,6.0,11.0,18.0,6.0,8.0,1.0,1.0,0.0,0.0
9296,40,45,1,1.0,1.0,1,17.0,16.0,7.0,9.0,19.0,14.0,4.0,11.0,2.0,3.0,0.0,0.0
9297,24,28,2,0.0,2.0,2,6.0,8.0,1.0,3.0,18.0,24.0,9.0,4.0,2.0,2.0,0.0,0.0
9298,29,7,0,2.0,0.0,0,21.0,6.0,12.0,4.0,12.0,10.0,5.0,1.0,0.0,1.0,0.0,0.0
9299,42,18,0,1.0,2.0,2,11.0,11.0,7.0,6.0,11.0,10.0,7.0,5.0,1.0,2.0,0.0,0.0
9300,1,14,1,1.0,1.0,1,12.0,11.0,9.0,7.0,13.0,12.0,7.0,10.0,0.0,1.0,0.0,0.0
9301,31,42,0,1.0,0.0,0,15.0,10.0,6.0,2.0,13.0,10.0,4.0,2.0,0.0,0.0,0.0,0.0
9302,45,29,1,0.0,1.0,2,17.0,8.0,8.0,5.0,12.0,9.0,7.0,5.0,1.0,0.0,0.0,0.0
9303,30,24,2,0.0,2.0,2,15.0,16.0,8.0,11.0,12.0,20.0,4.0,8.0,2.0,0.0,0.0,0.0
9304,38,26,1,0.0,1.0,2,14.0,9.0,7.0,4.0,7.0,6.0,7.0,1.0,0.0,0.0,0.0,0.0
9305,0,13,0,1.0,2.0,2,18.0,7.0,9.0,4.0,12.0,15.0,8.0,3.0,0.0,1.0,0.0,0.0
9306,28,15,2,0.0,2.0,2,14.0,9.0,5.0,8.0,7.0,12.0,5.0,5.0,2.0,3.0,0.0,0.0
9307,7,25,1,0.0,0.0,1,8.0,13.0,4.0,8.0,11.0,12.0,6.0,8.0,1.0,2.0,0.0,0.0
9308,22,40,0,0.0,0.0,1,14.0,9.0,5.0,3.0,10.0,12.0,7.0,6.0,1.0,1.0,0.0,0.0
9309,18,17,1,2.0,0.0,0,12.0,7.0,9.0,4.0,11.0,9.0,11.0,2.0,2.0,3.0,0.0,0.0
9310,45,25,2,0.0,0.0,1,17.0,4.0,12.0,2.0,16.0,14.0,11.0,5.0,3.0,3.0,1.0,0.0
9311,38,15,2,0.0,1.0,2,12.0,7.0,4.0,5.0,18.0,20.0,6.0,5.0,5.0,3.0,0.0,0.0
9312,18,13,0,0.0,0.0,1,13.0,8.0,8.0,4.0,17.0,15.0,3.0,5.0,2.0,1.0,0.0,1.0
9313,31,17,0,1.0,1.0,1,9.0,10.0,4.0,5.0,23.0,11.0,9.0,6.0,0.0,3.0,1.0,0.0
9314,28,40,0,2.0,0.0,0,15.0,9.0,10.0,4.0,24.0,14.0,7.0,3.0,3.0,3.0,0.0,0.0
9315,22,29,1,1.0,1.0,1,13.0,15.0,8.0,6.0,10.0,7.0,4.0,6.0,1.0,4.0,0.0,0.0
9316,30,42,1,0.0,1.0,2,12.0,11.0,6.0,4.0,9.0,18.0,5.0,5.0,2.0,1.0,0.0,0.0
9317,7,14,0,1.0,0.0,0,12.0,14.0,3.0,6.0,14.0,16.0,6.0,4.0,0.0,1.0,0.0,0.0
9318,0,26,0,1.0,0.0,0,17.0,7.0,12.0,4.0,25.0,20.0,10.0,11.0,2.0,4.0,1.0,2.0
9319,29,31,0,1.0,0.0,0,19.0,9.0,9.0,6.0,7.0,13.0,7.0,1.0,0.0,1.0,0.0,0.0
9320,26,7,0,0.0,0.0,1,16.0,3.0,10.0,2.0,8.0,8.0,6.0,1.0,1.0,1.0,0.0,0.0
9321,40,0,0,0.0,0.0,1,8.0,14.0,2.0,7.0,10.0,21.0,2.0,9.0,3.0,1.0,0.0,1.0
9322,42,22,0,2.0,1.0,0,20.0,15.0,6.0,5.0,14.0,13.0,3.0,4.0,0.0,0.0,0.0,0.0
9323,13,28,0,2.0,0.0,0,17.0,8.0,14.0,4.0,13.0,12.0,6.0,6.0,1.0,2.0,0.0,0.0
9324,25,1,1,0.0,0.0,1,5.0,5.0,4.0,3.0,12.0,12.0,5.0,4.0,2.0,3.0,0.0,0.0
9325,24,18,0,2.0,0.0,0,17.0,12.0,8.0,6.0,21.0,20.0,6.0,4.0,1.0,3.0,0.0,0.0
9326,17,38,1,1.0,2.0,2,6.0,13.0,4.0,6.0,11.0,13.0,5.0,8.0,1.0,1.0,0.0,0.0
9327,15,30,2,1.0,1.0,1,6.0,16.0,3.0,9.0,15.0,21.0,8.0,4.0,5.0,3.0,1.0,0.0
9328,14,45,0,1.0,0.0,0,17.0,12.0,10.0,5.0,19.0,14.0,7.0,7.0,1.0,2.0,0.0,0.0
